Section,Amendment,生效日期,文件类型,文件编号,签发日期,FR引证,DRS记录ID
Sec. 23.1,Initial,02/01/1965,Final Rule,Docket 4080,1964-09-28,,5d6140f9-f34b-4760-a774-2b88646c529b
Sec. 23.1,23-34,02/17/1987,Final Rule,Docket 23516,1987-01-08,,8721f4a3-12be-4ab9-b77d-1ee89c7cc168
Sec. 23.1,23-10,03/13/1971,Final Rule,Docket 10405,1971-02-05,,534a1799-eeb0-4cb8-a7c9-aa1c0680ed0b
Sec. 23.2,23-36,09/14/1988,Final Rule,Docket 25147,1988-08-08,,c1370550-f445-4b9e-9c61-86b57953e3c5
Sec. 23.2,23-32,12/12/1985,Final Rule,Docket 23815,1985-11-06,,2fb186bd-1b22-4ef0-8bac-ef3306e96df1
Sec. 23.3,Initial,02/01/1965,Final Rule,Docket 4080,1964-09-28,,a145256b-b078-4d80-a70c-49bd57b0264c
Sec. 23.3,23-50,03/11/1996,Final Rule,Docket 27807,1996-01-29,,1c509f0f-c47f-41f8-9c71-a02b21a7434d
Sec. 23.3,23-4,04/14/1967,Final Rule,Docket 8092,1967-04-07,,dc4299e3-2998-44b6-9bd3-cf1c9ca7118c
Sec. 23.3,23-34,02/17/1987,Final Rule,Docket 23516,1987-01-08,,90e5e1aa-3983-4a20-a883-851611864e66
Sec. 23.21,Initial,02/01/1965,Final Rule,Docket 4080,1964-09-28,,86038759-ef2f-40c5-be1a-ef2a72fbc48a
Sec. 23.23,Initial,02/01/1965,Final Rule,Docket 4080,1964-09-28,,aec9e11f-b85b-4284-85f2-34f9a1b3574a
Sec. 23.23,23-17,02/01/1977,Final Rule,Docket 14324,1976-12-13,,f9044309-a485-484a-8894-121d173e7fe4
Sec. 23.23,23-45,09/07/1993,Final Rule,Docket 26269,1993-07-28,,4b00ee6d-8b9d-4332-a459-78c05215e453
Sec. 23.25,23-7,09/14/1969,Final Rule,Docket 8083,1969-08-01,,5cfa8b55-4f2c-4df0-ba43-3b6d5623184e
Sec. 23.25,23-45,09/07/1993,Final Rule,Docket 26269,1993-07-28,,3807ad0d-cb33-4116-88b7-c83461ad3d36
Sec. 23.25,23-50,03/11/1996,Final Rule,Docket 27807,1996-01-29,,44b6f1a1-e80a-4a04-8d4d-01b7f014ba6f
Sec. 23.25,23-34,02/17/1987,Final Rule,Docket 23516,1987-01-08,,c2cf713f-f249-4c3f-9bc5-d36db44e5a8b
Sec. 23.25,23-2,08/01/1965,Final Rule,Docket 2029,1965-06-24,,7dc9658e-3129-43b2-86eb-8fbb6bc0be17
Sec. 23.25,23-21,03/01/1978,Final Rule,"Docket 14684, 14324",1978-01-09,,5b20bec8-b175-404c-a9e4-3ce3bc268b14
Sec. 23.25,Initial,02/01/1965,Final Rule,Docket 4080,1964-09-28,,37e03339-4ecc-464c-b60b-12fd0265ed7d
Sec. 23.29,Initial,02/01/1965,Final Rule,Docket 4080,1964-09-28,,2e60fcfa-7ccd-4d8d-8b0a-f25df7b374f9
Sec. 23.29,23-21,03/01/1978,Final Rule,"Docket 14684, 14324",1978-01-09,,6c096776-ce9f-4b47-b1c6-954c90c1372b
Sec. 23.31,23-13,10/23/1972,Final Rule,Docket 9826,1972-09-19,,7476381b-b7ed-4914-ad2c-d8b7ef8267f2
Sec. 23.31,Initial,02/01/1965,Final Rule,Docket 4080,1964-09-28,,c9cfb327-1b71-429a-a3ba-5aa232f27355
Sec. 23.33,Initial,02/01/1965,Final Rule,Docket 4080,1964-09-28,,61784b40-c152-46ef-870c-389af0bf300a
Sec. 23.33,23-45,09/07/1993,Final Rule,Docket 26269,1993-07-28,,cfdb7888-679c-46e2-ba0f-dcc6aec09255
Sec. 23.33,23-50,03/11/1996,Final Rule,Docket 27807,1996-01-29,,e4605987-8f0d-479f-88ad-3093833d55be
Sec. 23.45,23-45,09/07/1993,Final Rule,Docket 26269,1993-07-28,,e1693205-f2b2-4989-9fd6-0781746bafc7
Sec. 23.45,Initial,02/01/1965,Final Rule,Docket 4080,1964-09-28,,13f3d502-f46e-423d-bd0b-c6e400b5d137
Sec. 23.45,23-50,03/11/1996,Final Rule,Docket 27807,1996-01-29,,f6a978cf-4966-4c36-be8b-ca25c4a4a213
Sec. 23.45,23-21,03/01/1978,Final Rule,"Docket 14684, 14324",1978-01-09,,533afcb7-963b-4da0-af7a-068383c67b37
Sec. 23.45,23-34,02/17/1987,Final Rule,Docket 23516,1987-01-08,,b5909584-869d-4e86-8aaa-994edc8c5af8
Sec. 23.49,23-50,03/11/1996,Final Rule,Docket 27807,1996-01-29,,d8553464-a765-41a1-bb45-e729fdd193ea
Sec. 23.49,23-7,09/14/1969,Final Rule,Docket 8083,1969-08-01,,f2fa4f6d-8641-4b23-a70f-362db2b4683c
Sec. 23.49,23-44,08/18/1993,Final Rule,Docket 23746,1993-07-07,,ff45eeb5-74ad-416b-9f92-05d95b6446c8
Sec. 23.49,23-21,03/01/1978,Final Rule,"Docket 14684, 14324",1978-01-09,,0a6d7e07-63e1-4327-b9ca-1c4f30a00e01
Sec. 23.49,Initial,02/01/1965,Final Rule,Docket 4080,1964-09-28,,1bc4eb9b-0787-4762-b678-e19b26cf47a7
Sec. 23.51,23-34,02/17/1987,Final Rule,Docket 23516,1987-01-08,,28b4f413-3437-40bb-b2aa-d8feeb6856cc
Sec. 23.51,23-7,09/14/1969,Final Rule,Docket 8083,1969-08-01,,bbb6e148-3217-4196-9112-777f897f0253
Sec. 23.51,23-21,03/01/1978,Final Rule,"Docket 14684, 14324",1978-01-09,,44da2102-d688-485b-97b3-c4133d53861b
Sec. 23.51,23-50,03/11/1996,Final Rule,Docket 27807,1996-01-29,,e650bd2a-a251-404d-adfd-087ec67dd205
Sec. 23.51,Initial,02/01/1965,Final Rule,Docket 4080,1964-09-28,,301ad2fd-57d0-4167-bc28-973529a2564b
Sec. 23.53,23-50,03/11/1996,Final Rule,Docket 27807,1996-01-29,,bf643cf2-158f-4661-91fe-af9c6e84eead
Sec. 23.53,23-34,02/17/1987,Final Rule,Docket 23516,1987-01-08,,2af28685-24ec-4148-8fdd-8bb17d9c6aa1
Sec. 23.53,23-45,09/07/1993,Final Rule,Docket 26269,1993-07-28,,045b997e-aabb-4e7c-9db3-07207903b6f3
Sec. 23.55,23-50,03/11/1996,Final Rule,Docket 27807,1996-01-29,,681ede7d-6796-4991-a626-49a9073bc848
Sec. 23.55,23-34,02/17/1987,Final Rule,Docket 23516,1987-01-08,,3d48edce-8ad5-41e0-a871-d5c7cabe999f
Sec. 23.57,23-34,02/17/1987,Final Rule,Docket 23516,1987-01-08,,36e9f5b9-b20e-4543-97f3-4f3db9c6790d
Sec. 23.57,23-50,03/11/1996,Final Rule,Docket 27807,1996-01-29,,9fcac985-932f-406f-8792-a9c3e46e793d
Sec. 23.59,23-34,02/17/1987,Final Rule,Docket 23516,1987-01-08,,51e116c0-fd09-4aac-8ae3-255ec5c4e330
Sec. 23.59,23-50,03/11/1996,Final Rule,Docket 27807,1996-01-29,,e0bdc7ea-53c8-4ea1-92d9-91267509f229
Sec. 23.61,23-34,02/17/1987,Final Rule,Docket 23516,1987-01-08,,9ad21507-0077-4922-834d-9f75fc01b4a7
Sec. 23.63,23-50,03/11/1996,Final Rule,Docket 27807,1996-01-29,,8f63e87c-dda3-4c31-ab46-2affb55b7f9c
Sec. 23.65,23-21,03/01/1978,Final Rule,"Docket 14684, 14324",1978-01-09,,4188e33b-10d2-4cb6-8014-b9dcda94256b
Sec. 23.65,Initial,02/01/1965,Final Rule,Docket 4080,1964-09-28,,931f0e10-f51e-4087-b272-2b5026ff6499
Sec. 23.65,23-34,02/17/1987,Final Rule,Docket 23516,1987-01-08,,f539f4b6-6c69-4c06-8465-64802cf5e5d6
Sec. 23.65,23-50,03/11/1996,Final Rule,Docket 27807,1996-01-29,,c4a31239-0934-49c1-8f52-1003a01b3aee
Sec. 23.65,23-7,09/14/1969,Final Rule,Docket 8083,1969-08-01,,52ea4ec3-7bdb-4390-8db3-c4e1277a593c
Sec. 23.65,23-45,09/07/1993,Final Rule,Docket 26269,1993-07-28,,ab4b20dd-3fc5-41ca-89a2-13cf222289a4
Sec. 23.66,23-50,03/11/1996,Final Rule,Docket 27807,1996-01-29,,a2f937d6-6dbd-44fa-b078-5e78a5c8ddb5
Sec. 23.67,Initial,02/01/1965,Final Rule,Docket 4080,1964-09-28,,7f34f1e7-abe1-4f88-b891-b23b3df4af39
Sec. 23.67,23-7,09/14/1969,Final Rule,Docket 8083,1969-08-01,,674cc403-4ebb-4aaa-8305-897cfabf2396
Sec. 23.67,23-21,03/01/1978,Final Rule,"Docket 14684, 14324",1978-01-09,,fa6aa032-1950-4139-92a8-09b5118f9300
Sec. 23.67,23-50,03/11/1996,Final Rule,Docket 27807,1996-01-29,,cb82acf3-6264-4fed-a97b-a666a815669e
Sec. 23.67,23-39,05/02/1990,Final Rule,Docket 23516,1990-04-26,,789300ed-85b2-4f65-a2b4-39099ac43cb7
Sec. 23.67,23-42,02/04/1991,Final Rule,Docket 25811,1990-12-21,,c88d536e-8486-4c57-8372-c78ea65039ef
Sec. 23.67,23-34,02/17/1987,Final Rule,Docket 23516,1987-01-08,,da9d32d9-f471-4017-8ff7-550bf5f54ebf
Sec. 23.67,23-44,08/18/1993,Final Rule,Docket 23746,1993-07-07,,520321de-2dbc-4406-ad31-c992a3acb80b
Sec. 23.69,23-50,03/11/1996,Final Rule,Docket 27807,1996-01-29,,001b74c5-4c8e-4ed9-bfc5-c0b46b21840d
Sec. 23.71,23-50,03/11/1996,Final Rule,Docket 27807,1996-01-29,,1775ca58-8a7a-47bd-8f5a-bae9a1edee54
Sec. 23.73,23-50,03/11/1996,Final Rule,Docket 27807,1996-01-29,,60f54852-5d00-4b1d-bf8f-427d7a61d669
Sec. 23.75,23-50,03/11/1996,Final Rule,Docket 27807,1996-01-29,,e0b7eee2-6156-4b5c-ac98-7d83e991fa99
Sec. 23.75,23-34,02/17/1987,Final Rule,Docket 23516,1987-01-08,,a110dd29-4759-438e-8fca-649bb0415315
Sec. 23.75,23-7,09/14/1969,Final Rule,Docket 8083,1969-08-01,,5db15c2e-60cd-4cb6-866f-88b50ec3dbe5
Sec. 23.75,Initial,02/01/1965,Final Rule,Docket 4080,1964-09-28,,4c616dd5-7e49-455e-9171-2ec6d26b32b1
Sec. 23.75,23-42,02/04/1991,Final Rule,Docket 25811,1990-12-21,,dc3992bb-26fb-4a7f-84c1-6e13333cefeb
Sec. 23.75,23-21,03/01/1978,Final Rule,"Docket 14684, 14324",1978-01-09,,f22e6476-12f2-4c81-bf69-67e25f54b976
Sec. 23.77,23-21,03/01/1978,Final Rule,"Docket 14684, 14324",1978-01-09,,4ad5eaf2-409e-466b-a4c8-83a4ca9bb9f9
Sec. 23.77,23-50,03/11/1996,Final Rule,Docket 27807,1996-01-29,,e66025e2-2851-4b4d-8d1a-c7d1829702ef
Sec. 23.77,23-7,09/14/1969,Final Rule,Docket 8083,1969-08-01,,f768e9b1-ba9f-4ffe-b632-31075888afeb
Sec. 23.77,Initial,02/01/1965,Final Rule,Docket 4080,1964-09-28,,a9b3372d-00c9-4e6c-9581-f39a05fa723f
Sec. 23.77,23-34,02/17/1987,Final Rule,Docket 23516,1987-01-08,,446861e3-92fd-4de3-862c-d35bf73fc1a9
Sec. 23.141,23-17,02/01/1977,Final Rule,Docket 14324,1976-12-13,,fccf9a25-85aa-4125-9969-d3985c2f170c
Sec. 23.141,23-7,09/14/1969,Final Rule,Docket 8083,1969-08-01,,e34b8250-b55f-4f69-8b6a-847653803605
Sec. 23.141,Initial,02/01/1965,Final Rule,Docket 4080,1964-09-28,,c8f5a284-8740-4277-bf35-c029060f57ea
Sec. 23.141,23-45,09/07/1993,Final Rule,Docket 26269,1993-07-28,,a3b3e22d-0ead-4a40-b992-58f9166bc6cb
Sec. 23.143,23-17,02/01/1977,Final Rule,Docket 14324,1976-12-13,,5e45df30-047f-49de-96e3-70a44a103cdb
Sec. 23.143,23-14,12/20/1973,Final Rule,Docket 11011,1973-11-07,,d2866075-a538-46ae-b80c-f9288a454df7
Sec. 23.143,Initial,02/01/1965,Final Rule,Docket 4080,1964-09-28,,9031c107-be58-461d-abad-e761552c4650
Sec. 23.143,23-45,09/07/1993,Final Rule,Docket 26269,1993-07-28,,c1df3481-1724-4a93-a632-3850473abaf2
Sec. 23.143,23-50,03/11/1996,Final Rule,Docket 27807,1996-01-29,,f6bdbb3e-88e4-4c7e-a866-3a65f5d4d00e
Sec. 23.145,23-17,02/01/1977,Final Rule,Docket 14324,1976-12-13,,915838cd-7d4f-4f01-b0fb-0d024111cb73
Sec. 23.145,23-7,09/14/1969,Final Rule,Docket 8083,1969-08-01,,ae83ed8b-96f4-457d-9900-e13e5cc82746
Sec. 23.145,23-45,09/07/1993,Final Rule,Docket 26269,1993-07-28,,dd9f26d1-7f5a-406e-ab6e-18dfcf30b598
Sec. 23.145,23-14,12/20/1973,Final Rule,Docket 11011,1973-11-07,,f4505c3b-904b-4722-aebd-7a96012acc8b
Sec. 23.145,23-50,03/11/1996,Final Rule,Docket 27807,1996-01-29,,cc66a228-b0c5-4328-a766-ab70063c872c
Sec. 23.145,Initial,02/01/1965,Final Rule,Docket 4080,1964-09-28,,76b23bc7-a86d-4525-a6da-5481a8abd63c
Sec. 23.147,23-45,09/07/1993,Final Rule,Docket 26269,1993-07-28,,465015e0-1012-407d-a872-a737985d8240
Sec. 23.147,23-50,03/11/1996,Final Rule,Docket 27807,1996-01-29,,6a88db78-b85e-42a1-a5f6-6c68a8a99d00
Sec. 23.147,Initial,02/01/1965,Final Rule,Docket 4080,1964-09-28,,781be8d6-ffec-4831-b7f1-df79f17da17c
Sec. 23.149,23-7,09/14/1969,Final Rule,Docket 8083,1969-08-01,,58f2bea2-20fc-4048-b0de-46b61f878f08
Sec. 23.149,23-21,03/01/1978,Final Rule,"Docket 14684, 14324",1978-01-09,,ab83f51f-40d1-435c-a1cd-4a5869a2443f
Sec. 23.149,23-45,09/07/1993,Final Rule,Docket 26269,1993-07-28,,db16f302-be3e-4602-a64a-635764cfb304
Sec. 23.149,Initial,02/01/1965,Final Rule,Docket 4080,1964-09-28,,b847e333-5ccc-44ee-bc16-482752ed3bdd
Sec. 23.149,23-50,03/11/1996,Final Rule,Docket 27807,1996-01-29,,fa429d42-8dd9-454e-a05e-506c5b4e191a
Sec. 23.151,Initial,02/01/1965,Final Rule,Docket 4080,1964-09-28,,8e7520db-5f7d-49f0-86a1-d5693418af30
Sec. 23.153,23-50,03/11/1996,Final Rule,Docket 27807,1996-01-29,,bd532e92-ff05-48d6-b396-2b1476421abe
Sec. 23.153,23-14,12/20/1973,Final Rule,Docket 11011,1973-11-07,,0fd848c2-3ec7-4f0e-8e97-93e44b5f1b10
Sec. 23.153,23-45,09/07/1993,Final Rule,Docket 26269,1993-07-28,,ca716a63-1559-4a66-85f6-11c0da6fff37
Sec. 23.155,23-45,09/07/1993,Final Rule,Docket 26269,1993-07-28,,211e8a96-322f-412b-8ac8-ad20efa902d5
Sec. 23.155,23-50,03/11/1996,Final Rule,Docket 27807,1996-01-29,,3aaa1b61-dec7-41f8-939b-140698b1f542
Sec. 23.155,23-14,12/20/1973,Final Rule,Docket 11011,1973-11-07,,c58326af-6c75-40df-a4aa-eeb5acb6ca2d
Sec. 23.157,23-45,09/07/1993,Final Rule,Docket 26269,1993-07-28,,792dd781-5537-44b2-aed9-5d4a4f5b3c05
Sec. 23.157,23-50,03/11/1996,Final Rule,Docket 27807,1996-01-29,,d249d489-3365-41d5-93bf-82a09d9dcd29
Sec. 23.157,23-14,12/20/1973,Final Rule,Docket 11011,1973-11-07,,cd94c108-dd06-421c-b303-e0fb5ae6410c
Sec. 23.161,23-14,12/20/1973,Final Rule,Docket 11011,1973-11-07,,e4a8bef8-29a5-485f-938a-f9368a4513c7
Sec. 23.161,23-7,09/14/1969,Final Rule,Docket 8083,1969-08-01,,d3d7a0c4-7e9e-4d77-9d71-13b3dab7dfca
Sec. 23.161,Initial,02/01/1965,Final Rule,Docket 4080,1964-09-28,,314e7965-649c-414f-a77a-c4040c8e142d
Sec. 23.161,23-42,02/04/1991,Final Rule,Docket 25811,1990-12-21,,1a7622ae-58a5-4c8a-ac77-d68b2640b927
Sec. 23.161,23-21,03/01/1978,Final Rule,"Docket 14684, 14324",1978-01-09,,46b025dc-e658-46a8-ad6e-f8d6fe47c1f6
Sec. 23.161,23-50,03/11/1996,Final Rule,Docket 27807,1996-01-29,,4da009e2-36c2-46de-af74-c81b8af23898
Sec. 23.161,23-34,02/17/1987,Final Rule,Docket 23516,1987-01-08,,65e7b0e0-07ea-4466-9496-d4722732c002
Sec. 23.171,Initial,02/01/1965,Final Rule,Docket 4080,1964-09-28,,189c21d0-3ecc-4731-b0a5-ca2f666d6d6d
Sec. 23.173,Initial,02/01/1965,Final Rule,Docket 4080,1964-09-28,,f8933566-69cc-486e-b0c9-468d4d24c544
Sec. 23.173,23-14,12/20/1973,Final Rule,Docket 11011,1973-11-07,,f3d6202d-8b04-49e6-8bc2-df9c88b55550
Sec. 23.173,23-34,02/17/1987,Final Rule,Docket 23516,1987-01-08,,ea989a62-70d0-4382-bf06-fc0c083d5efe
Sec. 23.175,23-7,09/14/1969,Final Rule,Docket 8083,1969-08-01,,e5fba93a-60e9-4827-b411-860b46c3ab28
Sec. 23.175,23-45,09/07/1993,Final Rule,Docket 26269,1993-07-28,,097cbdb8-620a-4e1c-812b-ea054595b33b
Sec. 23.175,23-34,02/17/1987,Final Rule,Docket 23516,1987-01-08,,b5360d15-ae6e-4930-9204-6cac3464fb4e
Sec. 23.175,Initial,02/01/1965,Final Rule,Docket 4080,1964-09-28,,d19902dc-740e-44ee-84e7-57e0d9e045d1
Sec. 23.175,23-21,03/01/1978,Final Rule,"Docket 14684, 14324",1978-01-09,,9262889d-0665-41de-98d5-775d3a893e64
Sec. 23.175,23-14,12/20/1973,Final Rule,Docket 11011,1973-11-07,,90b922c3-3a2f-4ff9-a385-5be653dcdb29
Sec. 23.175,23-17,02/01/1977,Final Rule,Docket 14324,1976-12-13,,eeb2bca4-5ba4-4699-ae28-2119b8b0ef18
Sec. 23.175,23-50,03/11/1996,Final Rule,Docket 27807,1996-01-29,,89ac91c6-730b-4db0-8f02-1c41982923a9
Sec. 23.177,23-45,09/07/1993,Final Rule,Docket 26269,1993-07-28,,5a650480-db76-4cb4-bdf4-4a5d7fecb07a
Sec. 23.177,Initial,02/01/1965,Final Rule,Docket 4080,1964-09-28,,657dd56d-fc0a-43a8-aa07-8a62acb622fe
Sec. 23.177,23-21,03/01/1978,Final Rule,"Docket 14684, 14324",1978-01-09,,bdc1e604-e12c-46e0-a3f3-495a57843073
Sec. 23.177,23-50,03/11/1996,Final Rule,Docket 27807,1996-01-29,,28d1329d-92f9-488b-9c05-14e0a75d281e
Sec. 23.179,Initial,02/01/1965,Final Rule,Docket 4080,1964-09-28,,71272e9c-a8e7-4a58-91c1-30f69c00774c
Sec. 23.179,23-45,09/07/1993,Final Rule,Docket 26269,1993-07-28,,457a6dd8-0f3a-49bd-b7b2-293aafb55ab0
Sec. 23.181,Initial,02/01/1965,Final Rule,Docket 4080,1964-09-28,,736dd31d-affa-4f4c-9a36-2b64a08a7ac2
Sec. 23.181,23-45,09/07/1993,Final Rule,Docket 26269,1993-07-28,,84059ba6-ed6f-43f6-b2f0-f0e44454cb7c
Sec. 23.181,23-21,03/01/1978,Final Rule,"Docket 14684, 14324",1978-01-09,,3141f915-c832-4949-895f-4dcbd1d7a76f
Sec. 23.201,23-7,09/14/1969,Final Rule,Docket 8083,1969-08-01,,cc8a5e94-2734-4295-9a36-dc3cdd8d6561
Sec. 23.201,23-45,09/07/1993,Final Rule,Docket 26269,1993-07-28,,5dc1dcc0-e706-41bd-a218-306d49a4bb29
Sec. 23.201,Initial,02/01/1965,Final Rule,Docket 4080,1964-09-28,,99036cf0-e35f-4e38-a957-425757ed48e3
Sec. 23.201,23-50,03/11/1996,Final Rule,Docket 27807,1996-01-29,,f3104c3f-efda-4b73-8bc4-a6018356cf96
Sec. 23.201,23-14,12/20/1973,Final Rule,Docket 11011,1973-11-07,,c0a2fbf5-9524-4c10-9ae0-f9714d108342
Sec. 23.203,Initial,02/01/1965,Final Rule,Docket 4080,1964-09-28,,dba8a708-d136-435e-b08d-f38c85b0965a
Sec. 23.203,23-14,12/20/1973,Final Rule,Docket 11011,1973-11-07,,42815554-9620-41ea-9b1b-a86f26819aeb
Sec. 23.203,23-45,09/07/1993,Final Rule,Docket 26269,1993-07-28,,980ffcbf-c621-4d75-aae8-601f8825190b
Sec. 23.203,23-50,03/11/1996,Final Rule,Docket 27807,1996-01-29,,865385d8-e906-4d7c-8ac3-d57945e78ccd
Sec. 23.205,23-50,03/11/1996,Final Rule,Docket 27807,1996-01-29,,023b1917-c01d-4c07-8c3d-780dd2826f3f
Sec. 23.205,Initial,02/01/1965,Final Rule,Docket 4080,1964-09-28,,ca946a6e-e34e-47bb-8edf-0f76f7749c26
Sec. 23.205,23-3,11/11/1965,Final Rule,Docket 7012,1965-11-04,,cf6fec62-bfc2-47b5-862f-af20a875bafe
Sec. 23.205,23-14,12/20/1973,Final Rule,Docket 11011,1973-11-07,,f2893cfd-aa7f-4e9f-ba23-72b0d182b0fd
Sec. 23.205,23-45,09/07/1993,Final Rule,Docket 26269,1993-07-28,,867d7a9f-462d-43a7-a5f9-93cdc5776cd3
Sec. 23.207,23-7,09/14/1969,Final Rule,Docket 8083,1969-08-01,,6e1f42c0-f194-4313-9e06-0a064457c53f
Sec. 23.207,Initial,02/01/1965,Final Rule,Docket 4080,1964-09-28,,bc287b06-c1b8-4bd3-99da-51dc9831253b
Sec. 23.207,23-45,09/07/1993,Final Rule,Docket 26269,1993-07-28,,d55174eb-2063-4ef1-a1db-ad8980372260
Sec. 23.207,23-50,03/11/1996,Final Rule,Docket 27807,1996-01-29,,ac014dbf-01fa-4d98-8a4e-b5fdf183c4e7
Sec. 23.221,Initial,02/01/1965,Final Rule,Docket 4080,1964-09-28,,55639d32-d62d-4ed2-83be-f72e7f594acd
Sec. 23.221,23-50,03/11/1996,Final Rule,Docket 27807,1996-01-29,,4ee8c467-edd3-4126-9114-7744fa1027a1
Sec. 23.221,23-42,02/04/1991,Final Rule,Docket 25811,1990-12-21,,fa982ba3-6ee3-4bdb-88e2-c46ccf9c78f0
Sec. 23.221,23-7,09/14/1969,Final Rule,Docket 8083,1969-08-01,,9583e123-eb65-442d-abf0-f31600d3b8e1
Sec. 23.231,Initial,02/01/1965,Final Rule,Docket 4080,1964-09-28,,6d601dcd-bfa3-472a-8c6f-c5b3050d8682
Sec. 23.233,Initial,02/01/1965,Final Rule,Docket 4080,1964-09-28,,7f22849e-41c9-47f8-b79a-8224e5b718dd
Sec. 23.233,23-50,03/11/1996,Final Rule,Docket 27807,1996-01-29,,5c1e172a-810a-43e7-ab37-1b875cd3cc3b
Sec. 23.233,23-45,09/07/1993,Final Rule,Docket 26269,1993-07-28,,9099a74b-8706-44ab-9cbe-01e4bb898263
Sec. 23.235,23-45,09/07/1993,Final Rule,Docket 26269,1993-07-28,,8b3db879-d17b-4b00-9f8b-97fd6560f612
Sec. 23.235,23-50,03/11/1996,Final Rule,Docket 27807,1996-01-29,,2f2f5f3d-4a94-4c7e-a727-79977d735827
Sec. 23.235,Initial,02/01/1965,Final Rule,Docket 4080,1964-09-28,,66c9c6b7-fc37-4f3d-8f8a-246e82db753e
Sec. 23.237,23-50,03/11/1996,Final Rule,Docket 27807,1996-01-29,,52b145d1-03c7-4506-8d2d-22a9786c21f7
Sec. 23.239,Initial,02/01/1965,Final Rule,Docket 4080,1964-09-28,,3bd8ce7c-1c08-4b20-9b3a-2f1e26685c95
Sec. 23.251,Initial,02/01/1965,Final Rule,Docket 4080,1964-09-28,,e106fe93-f62b-4934-b16a-05a49cfc78f5
Sec. 23.251,23-45,09/07/1993,Final Rule,Docket 26269,1993-07-28,,059161d7-2483-4aaa-9702-9fcb8f02aa32
Sec. 23.253,23-26,10/14/1980,Final Rule,"Docket 14779, 14324",1980-08-27,,f237816a-0f29-4e27-9168-c81e87a68cd4
Sec. 23.253,23-7,09/14/1969,Final Rule,Docket 8083,1969-08-01,,17a98477-8996-4308-8930-038ca4e7f180
Sec. 23.253,23-45,09/07/1993,Final Rule,Docket 26269,1993-07-28,,64182526-31d1-4176-bb09-d74a8eeb3def
Sec. 23.253,23-50,03/11/1996,Final Rule,Docket 27807,1996-01-29,,22c17360-d604-4336-8b5a-369b8a1b6517
Sec. 23.301,23-48,03/11/1996,Final Rule,Docket 27805,1996-01-29,,474dfe0d-85b6-473a-839f-f4068c9299a6
Sec. 23.301,23-42,02/04/1991,Final Rule,Docket 25811,1990-12-21,,ecdf97af-d35e-437c-83e6-3117a3209fba
Sec. 23.301,23-28,04/28/1982,Final Rule,Docket 21129,1982-02-26,,0a5b7acc-2604-48de-bb19-4ef364d89485
Sec. 23.301,Initial,02/01/1965,Final Rule,Docket 4080,1964-09-28,,779ae113-4c93-4818-8708-a6f6c830fa7d
Sec. 23.302,23-42,02/04/1991,Final Rule,Docket 25811,1990-12-21,,1f76fc5d-b65f-4b7e-a9ef-8d70d27c48f7
Sec. 23.303,Initial,02/01/1965,Final Rule,Docket 4080,1964-09-28,,bf0b41ac-817f-4e04-9b52-246cb8edb45c
Sec. 23.305,Initial,02/01/1965,Final Rule,Docket 4080,1964-09-28,,76b216b4-a15f-4617-af2e-0a9979c4b28c
Sec. 23.305,23-45,09/07/1993,Final Rule,Docket 26269,1993-07-28,,24d05ba2-1f5b-47da-865f-e00ad2610dd6
Sec. 23.307,Initial,02/01/1965,Final Rule,Docket 4080,1964-09-28,,1f967f90-554a-4bea-8108-26f75fdbbf7d
Sec. 23.321,Initial,02/01/1965,Final Rule,Docket 4080,1964-09-28,,834026d0-fcc3-435d-a3e7-d28705abb0f6
Sec. 23.321,23-45,09/07/1993,Final Rule,Docket 26269,1993-07-28,,e786a909-f86c-4d1d-a47f-acafd26de535
Sec. 23.331,Initial,02/01/1965,Final Rule,Docket 4080,1964-09-28,,ac248d53-ed8e-48f0-ae91-c7495bf919e1
Sec. 23.331,23-42,02/04/1991,Final Rule,Docket 25811,1990-12-21,,6e9c1d5c-881d-42f9-9c59-a87a6c11ca81
Sec. 23.333,Initial,02/01/1965,Final Rule,Docket 4080,1964-09-28,,1a50de54-f2e3-424d-938f-3e394d252c2d
Sec. 23.333,23-7,09/14/1969,Final Rule,Docket 8083,1969-08-01,,3ddcba85-d624-464a-aca2-1b2e574df055
Sec. 23.333,23-34,02/17/1987,Final Rule,Docket 23516,1987-01-08,,cccd9819-739a-4c6f-b57b-debc9fad843a
Sec. 23.335,23-34,02/17/1987,Final Rule,Docket 23516,1987-01-08,,b9b54fca-9849-4c8d-bb20-6859a67b5225
Sec. 23.335,23-7,09/14/1969,Final Rule,Docket 8083,1969-08-01,,4f4b954a-7005-4a22-a5bb-704f455358ac
Sec. 23.335,23-48,03/11/1996,Final Rule,Docket 27805,1996-01-29,,04e941b9-1f28-47e1-9488-fc4cc885dafb
Sec. 23.335,Initial,02/01/1965,Final Rule,Docket 4080,1964-09-28,,08ddb98d-cc9a-41c2-aef7-37a156c93015
Sec. 23.335,23-16,02/14/1975,Final Rule,Docket 14052,1974-12-31,,961a9316-4a09-44be-bf19-d4cdc850569a
Sec. 23.337,23-34,02/17/1987,Final Rule,Docket 23516,1987-01-08,,fd02c81c-aee4-445f-81c1-f9bf6317b580
Sec. 23.337,23-7,09/14/1969,Final Rule,Docket 8083,1969-08-01,,f4781a10-a15a-4365-a53c-89675ff7e68e
Sec. 23.337,23-48,03/11/1996,Final Rule,Docket 27805,1996-01-29,,d7e22719-1ff5-44f2-92c0-13f9e26df9aa
Sec. 23.337,Initial,02/01/1965,Final Rule,Docket 4080,1964-09-28,,346e369d-29c7-412c-b48a-ae56ee30ecfe
Sec. 23.341,Initial,02/01/1965,Final Rule,Docket 4080,1964-09-28,,5a4a5424-7b9c-4892-ad06-726b915ff320
Sec. 23.341,23-48,03/11/1996,Final Rule,Docket 27805,1996-01-29,,b0256a00-7f6b-4c2a-893c-f5e3f1fdd35e
Sec. 23.341,23-34,02/17/1987,Final Rule,Docket 23516,1987-01-08,,519f5a84-f3ef-4957-8c78-1ed606704089
Sec. 23.341,23-7,09/14/1969,Final Rule,Docket 8083,1969-08-01,,e1a99bbf-bdc0-45ed-ad05-6f14f6203385
Sec. 23.341,23-42,02/04/1991,Final Rule,Docket 25811,1990-12-21,,f92607a5-eb04-45f6-bfe2-5217c91f216f
Sec. 23.343,23-48,03/11/1996,Final Rule,Docket 27805,1996-01-29,,aa193159-74c1-47ee-b55e-99007790de6a
Sec. 23.345,Initial,02/01/1965,Final Rule,Docket 4080,1964-09-28,,8575a353-1fd0-4eb5-bedb-130c34cb69d8
Sec. 23.345,23-48,03/11/1996,Final Rule,Docket 27805,1996-01-29,,ef40c63f-056d-4c1e-8b5e-6ba510926f61
Sec. 23.345,23-7,09/14/1969,Final Rule,Docket 8083,1969-08-01,,d7167098-a526-4d10-8e64-18f9e64505c4
Sec. 23.345,23-23,12/01/1978,Final Rule,"Docket 14324, 14606, 14625, 14685, 14779",1978-10-20,,18e9579e-3b28-42ca-ad3d-fde257bbcae5
Sec. 23.347,23-48,03/11/1996,Final Rule,Docket 27805,1996-01-29,,438dadc3-8635-4c70-b4d5-6bb3aab3a238
Sec. 23.347,Initial,02/01/1965,Final Rule,Docket 4080,1964-09-28,,68d32c34-0208-4de3-8da0-538f15f30e0e
Sec. 23.349,23-34,02/17/1987,Final Rule,Docket 23516,1987-01-08,,0975ed64-03da-421e-b27b-b91129056897
Sec. 23.349,23-48,03/11/1996,Final Rule,Docket 27805,1996-01-29,,594479b7-f296-4be4-8d9d-56fdc19221fa
Sec. 23.349,23-7,09/14/1969,Final Rule,Docket 8083,1969-08-01,,42d0f8ce-58ef-41ce-b1ef-e12b724c2bdb
Sec. 23.349,Initial,02/01/1965,Final Rule,Docket 4080,1964-09-28,,0e829781-b629-4aef-b060-83fc6938ba4a
Sec. 23.351,Initial,02/01/1965,Final Rule,Docket 4080,1964-09-28,,fd819323-bd3d-4f50-98f6-c180c02b0caf
Sec. 23.351,23-42,02/04/1991,Final Rule,Docket 25811,1990-12-21,,a0edfe7a-1cf7-4a03-b7c6-e6692124d426
Sec. 23.361,23-7,09/14/1969,Final Rule,Docket 8083,1969-08-01,,58a215af-6399-4c71-b92b-5554f02708ac
Sec. 23.361,23-45,09/07/1993,Final Rule,Docket 26269,1993-07-28,,e6c57619-568a-4bb0-9242-2bbf65963706
Sec. 23.361,23-26,10/14/1980,Final Rule,"Docket 14779, 14324",1980-08-27,,cab177cb-ba24-4af2-8366-e44737f4a1ae
Sec. 23.361,Initial,02/01/1965,Final Rule,Docket 4080,1964-09-28,,3a950664-139a-4bc6-bc90-9c40cb4794a9
Sec. 23.363,Initial,02/01/1965,Final Rule,Docket 4080,1964-09-28,,98fdd4f2-dde2-4f06-bab7-9e8e5a71407f
Sec. 23.365,Initial,02/01/1965,Final Rule,Docket 4080,1964-09-28,,77795bc5-b2c3-4681-b7ca-0b3c3e1feb76
Sec. 23.367,23-7,09/14/1969,Final Rule,Docket 8083,1969-08-01,,105a7d7a-d26b-4092-bdf1-ee5d9e442055
Sec. 23.369,23-7,09/14/1969,Final Rule,Docket 8083,1969-08-01,,222621bb-c7de-48d9-91c2-e4317c844e60
Sec. 23.369,Initial,02/01/1965,Final Rule,Docket 4080,1964-09-28,,a835d702-5ce5-439a-9ac5-298e8e879181
Sec. 23.369,23-48,03/11/1996,Final Rule,Docket 27805,1996-01-29,,f3012a78-f4b8-4eee-b25d-1b33d09f969b
Sec. 23.369,23-45,09/07/1993,Final Rule,Docket 26269,1993-07-28,,117b2c53-100c-4838-885a-26f62e84cb67
Sec. 23.371,23-48,03/11/1996,Final Rule,Docket 27805,1996-01-29,,efcc98ba-4b76-498a-9feb-1b010891d299
Sec. 23.371,23-26,10/14/1980,Final Rule,"Docket 14779, 14324",1980-08-27,,ecaedf84-8d5f-4a82-9a09-124304b5bd6c
Sec. 23.371,23-45,09/07/1993,Final Rule,Docket 26269,1993-07-28,,4c72c5a4-bf6d-41b2-9bb5-f1fa669f3618
Sec. 23.371,23-7,09/14/1969,Final Rule,Docket 8083,1969-08-01,,67cc744d-666e-4a37-86c8-c7752a1ae989
Sec. 23.373,23-7,09/14/1969,Final Rule,Docket 8083,1969-08-01,,11fb3144-744c-495e-98cf-e4dde73a32ba
Sec. 23.391,Initial,02/01/1965,Final Rule,Docket 4080,1964-09-28,,b2045fb6-2c00-4a78-a75d-88249a9946ce
Sec. 23.391,23-48,03/11/1996,Final Rule,Docket 27805,1996-01-29,,6d827a37-4f92-437d-ae4f-c409582e9a92
Sec. 23.393,23-48,03/11/1996,Final Rule,Docket 27805,1996-01-29,,40f54a07-9809-462f-be00-e972b932b88d
Sec. 23.395,Initial,02/01/1965,Final Rule,Docket 4080,1964-09-28,,804541d7-9c3b-4513-8ffc-98bdb59e6a09
Sec. 23.395,23-7,09/14/1969,Final Rule,Docket 8083,1969-08-01,,83b82636-c5bf-4a8a-95b7-8ba472e36718
Sec. 23.397,23-7,09/14/1969,Final Rule,Docket 8083,1969-08-01,,a67f20c3-74ac-4b16-9a3e-e7ecef063a02
Sec. 23.397,Initial,02/01/1965,Final Rule,Docket 4080,1964-09-28,,b7881b69-3b88-4c60-9bed-4fd75a61ac2a
Sec. 23.397,23-34,02/17/1987,Final Rule,Docket 23516,1987-01-08,,d70b6c2f-4fba-416e-839e-1a81803831ba
Sec. 23.397,23-45,09/07/1993,Final Rule,Docket 26269,1993-07-28,,dbd86521-c15a-4974-afe2-26d528d1d073
Sec. 23.397,23-17,02/01/1977,Final Rule,Docket 14324,1976-12-13,,4711b733-58c7-42d5-9635-ae1a6ab756bb
Sec. 23.399,Initial,02/01/1965,Final Rule,Docket 4080,1964-09-28,,325e04be-8528-46ba-900d-8c07217f75af
Sec. 23.399,23-48,03/11/1996,Final Rule,Docket 27805,1996-01-29,,ed5d1e34-9c1a-4071-a475-ee5d5b145568
Sec. 23.405,Initial,02/01/1965,Final Rule,Docket 4080,1964-09-28,,0c0c51bc-444b-49f5-b869-0c346322b6d1
Sec. 23.407,Initial,02/01/1965,Final Rule,Docket 4080,1964-09-28,,558304ad-684f-449b-89e9-195afa579ac6
Sec. 23.409,Initial,02/01/1965,Final Rule,Docket 4080,1964-09-28,,db96dc85-8c21-4b78-a43c-686e393b6351
Sec. 23.415,23-48,07/25/2017,Final Rule,FR 29 FR 17955,,29 FR 17955; 34 FR 13089; 58 FR 42160; 61 FR 5145,3559a96a-311f-4af6-b74d-00e674b68338
Sec. 23.415,23-48,03/11/1996,Final Rule,Docket 27805,1996-01-29,,d2a9ea63-5f30-43b3-96be-b3ac4eeb537c
Sec. 23.415,Initial,02/01/1965,Final Rule,Docket 4080,1964-09-28,,18068dda-476c-44d5-b209-5c107ed80a8e
Sec. 23.415,23-45,09/07/1993,Final Rule,Docket 26269,1993-07-28,,29b49f79-2bac-4204-b6ba-6f0488abd25f
Sec. 23.415,23-7,09/14/1969,Final Rule,Docket 8083,1969-08-01,,058a034d-5de0-4cca-bc60-a46ee3da0c7c
Sec. 23.421,23-7,09/14/1969,Final Rule,Docket 8083,1969-08-01,,f825b0c0-9e32-43c9-b627-3ba09fe15fd5
Sec. 23.421,Initial,02/01/1965,Final Rule,Docket 4080,1964-09-28,,5431f3cc-3dd0-42a7-b99b-2991be41ceda
Sec. 23.423,23-42,02/04/1991,Final Rule,Docket 25811,1990-12-21,,301501d8-c4e7-40a5-a597-85e394cfc51f
Sec. 23.423,23-7,09/14/1969,Final Rule,Docket 8083,1969-08-01,,4eb13001-80e3-4cb9-af55-554ce76a09c7
Sec. 23.423,Initial,02/01/1965,Final Rule,Docket 4080,1964-09-28,,2ca279ef-10ca-4759-9204-2c53223ca1c7
Sec. 23.425,23-7,09/14/1969,Final Rule,Docket 8083,1969-08-01,,cfd9007c-315d-4735-81f5-d5dc79233b4a
Sec. 23.425,Initial,02/01/1965,Final Rule,Docket 4080,1964-09-28,,9186ed7b-6fb2-4f04-b6bc-27fdaaee85ef
Sec. 23.425,23-42,02/04/1991,Final Rule,Docket 25811,1990-12-21,,177980ac-e159-4c3f-8105-4b233addae36
Sec. 23.427,23-14,12/20/1973,Final Rule,Docket 11011,1973-11-07,,ac698eb5-f3c0-4725-8ce8-e87de068859a
Sec. 23.427,23-42,02/04/1991,Final Rule,Docket 25811,1990-12-21,,42d728da-8e8a-40a8-b5f9-c5cbb86ed524
Sec. 23.427,Initial,02/01/1965,Final Rule,Docket 4080,1964-09-28,,86620649-6dc6-4de9-b45f-797423e84dde
Sec. 23.441,23-42,02/04/1991,Final Rule,Docket 25811,1990-12-21,,a64dc02d-43e2-42ff-8ce4-cc16266ba2d3
Sec. 23.441,Initial,02/01/1965,Final Rule,Docket 4080,1964-09-28,,f6db247e-bef8-4b9a-bb04-8e46e5876be6
Sec. 23.441,23-28,04/28/1982,Final Rule,Docket 21129,1982-02-26,,b83e8561-337b-462c-893d-5107e92b8351
Sec. 23.441,23-14,12/20/1973,Final Rule,Docket 11011,1973-11-07,,2dd57d31-1d46-4fce-b975-ae1d392b36a3
Sec. 23.441,23-7,09/14/1969,Final Rule,Docket 8083,1969-08-01,,f9690316-22ec-440a-a0d8-7216ba35f44e
Sec. 23.441,23-48,03/11/1996,Final Rule,Docket 27805,1996-01-29,,e9206756-6bbf-43cf-aa04-a34d985640ee
Sec. 23.443,Initial,02/01/1965,Final Rule,Docket 4080,1964-09-28,,707c955d-9f20-4932-8801-ca1135ef8139
Sec. 23.443,23-34,02/17/1987,Final Rule,Docket 23516,1987-01-08,,fdb89547-b285-4216-8605-027832057b51
Sec. 23.443,23-42,02/04/1991,Final Rule,Docket 25811,1990-12-21,,5a12fafb-0441-4b66-82e8-ed3d7fdf0107
Sec. 23.443,23-48,03/11/1996,Final Rule,Docket 27805,1996-01-29,,369786c8-c84e-4abb-b505-a9689f7136ec
Sec. 23.443,23-7,09/14/1969,Final Rule,Docket 8083,1969-08-01,,cc759d72-17ec-43a4-a8d3-c795af22e6f8
Sec. 23.445,23-14,12/20/1973,Final Rule,Docket 11011,1973-11-07,,fdf0d417-a879-43ae-a429-356cf39d43be
Sec. 23.445,23-42,02/04/1991,Final Rule,Docket 25811,1990-12-21,,71d29947-c1bb-4212-aae1-e747e0ee3723
Sec. 23.445,Initial,02/01/1965,Final Rule,Docket 4080,1964-09-28,,569f8b7a-6096-4379-b28b-61ab7c87fd35
Sec. 23.455,23-42,02/04/1991,Final Rule,Docket 25811,1990-12-21,,82a1e09a-a7fc-40f0-84b7-be36aff1597a
Sec. 23.455,23-7,09/14/1969,Final Rule,Docket 8083,1969-08-01,,8ffa58d9-c069-4077-9b59-4afd8bc22d9e
Sec. 23.455,Initial,02/01/1965,Final Rule,Docket 4080,1964-09-28,,c0d3ab68-2dfb-4d68-a9cd-5405a8f2c5b6
Sec. 23.455,23-48,03/11/1996,Final Rule,Docket 27805,1996-01-29,,b98f0c24-8aa6-43fd-a2cc-fb9e59eddb3b
Sec. 23.457,Initial,02/01/1965,Final Rule,Docket 4080,1964-09-28,,348a1c4b-f8e9-4dbe-b070-d735f22e3fa3
Sec. 23.457,23-48,03/11/1996,Final Rule,Docket 27805,1996-01-29,,c3eb1496-478a-4e4a-b426-02fb3ecc7d40
Sec. 23.459,Initial,02/01/1965,Final Rule,Docket 4080,1964-09-28,,313f4876-a484-4882-8931-3b9aa8c95528
Sec. 23.471,Initial,02/01/1965,Final Rule,Docket 4080,1964-09-28,,d1a73526-4bd1-4bfd-8540-f24ec760967b
Sec. 23.473,23-7,09/14/1969,Final Rule,Docket 8083,1969-08-01,,d38669ed-ccb6-4fd1-b98b-ad432fd096e1
Sec. 23.473,Initial,02/01/1965,Final Rule,Docket 4080,1964-09-28,,e616706d-173e-4226-84e8-db3ca2e3f39f
Sec. 23.473,23-28,04/28/1982,Final Rule,Docket 21129,1982-02-26,,f3188edf-fb76-42c9-a617-5b98431c84c1
Sec. 23.473,23-48,03/11/1996,Final Rule,Docket 27805,1996-01-29,,e998509c-093d-4280-965c-620e2e14e3ce
Sec. 23.473,23-45,09/07/1993,Final Rule,Docket 26269,1993-07-28,,1fe654c2-836f-41a1-8ed7-3d1a026d1aac
Sec. 23.477,Initial,02/01/1965,Final Rule,Docket 4080,1964-09-28,,964c5bb4-687f-430a-b7d6-b51f09ec3bd9
Sec. 23.479,23-45,09/07/1993,Final Rule,Docket 26269,1993-07-28,,a4ce9ed1-27e8-4cea-ae1a-c019f03344d8
Sec. 23.479,23-17,02/01/1977,Final Rule,Docket 14324,1976-12-13,,fd4e307a-3aa0-491a-9c99-0b66c8b0baf9
Sec. 23.479,Initial,02/01/1965,Final Rule,Docket 4080,1964-09-28,,2f09a6e3-0435-4c63-bf03-7bf7e9d90400
Sec. 23.481,Initial,02/01/1965,Final Rule,Docket 4080,1964-09-28,,51bb6c28-0d63-43e0-901e-260d85927829
Sec. 23.483,Initial,02/01/1965,Final Rule,Docket 4080,1964-09-28,,c0863eee-89a6-4bfc-8805-6b6d76f4c198
Sec. 23.485,Initial,02/01/1965,Final Rule,Docket 4080,1964-09-28,,b50101ec-e528-4fda-908f-504644b1d481
Sec. 23.485,23-45,09/07/1993,Final Rule,Docket 26269,1993-07-28,,1ff9b35e-33bc-4bef-adf3-536f306ed5ea
Sec. 23.493,Initial,02/01/1965,Final Rule,Docket 4080,1964-09-28,,4326ac12-9578-4ac7-ba5e-6e830462be80
Sec. 23.497,23-48,03/11/1996,Final Rule,Docket 27805,1996-01-29,,3b45b4b8-fe9f-41c3-b134-a4cdc563ea6f
Sec. 23.497,Initial,02/01/1965,Final Rule,Docket 4080,1964-09-28,,9886a654-7063-4788-8a4d-f1d2c07b5743
Sec. 23.499,Initial,02/01/1965,Final Rule,Docket 4080,1964-09-28,,866fa8e0-16d7-42e1-b8d4-a7dba8df1f81
Sec. 23.499,23-48,03/11/1996,Final Rule,Docket 27805,1996-01-29,,8443182c-e391-42ea-8cc9-6ca1fc38944f
Sec. 23.505,23-7,09/14/1969,Final Rule,Docket 8083,1969-08-01,,0adf6a64-b354-4fc4-acaa-e4a6e280cfb2
Sec. 23.505,Initial,02/01/1965,Final Rule,Docket 4080,1964-09-28,,1d0d6d1b-210e-4d87-94ba-e9bcd42ba5f9
Sec. 23.507,23-14,12/20/1973,Final Rule,Docket 11011,1973-11-07,,fba9173e-3045-417f-a286-18b422bb6e91
Sec. 23.509,23-14,12/20/1973,Final Rule,Docket 11011,1973-11-07,,63869f3c-9a69-46d4-bc54-777d0bc312ec
Sec. 23.511,23-7,09/14/1969,Final Rule,Docket 8083,1969-08-01,,53970fcc-7a3d-4761-8974-00aa91dcd928
Sec. 23.521,Initial,02/01/1965,Final Rule,Docket 4080,1964-09-28,,5d1cdf0d-4228-46c8-909c-0de6e7d1f8e9
Sec. 23.521,23-48,03/11/1996,Final Rule,Docket 27805,1996-01-29,,13d2ca48-c22b-46c9-b1f1-66cc2576686e
Sec. 23.521,23-45,09/07/1993,Final Rule,Docket 26269,1993-07-28,,4f40a9b1-7aa0-456c-81d4-5efb430d5bcc
Sec. 23.523,23-45,09/07/1993,Final Rule,Docket 26269,1993-07-28,,ac794cfc-db55-497d-aaec-6634df6cec14
Sec. 23.525,23-45,09/07/1993,Final Rule,Docket 26269,1993-07-28,,9d6831e5-279e-40dd-9b57-6c97fd2757e4
Sec. 23.527,23-45,09/07/1993,Final Rule,Docket 26269,1993-07-28,,32ec4645-c40d-41f7-bc69-572427b55ab8
Sec. 23.529,23-45,09/07/1993,Final Rule,Docket 26269,1993-07-28,,9c8702f8-3985-4a18-8564-1c0cdeb6c23d
Sec. 23.531,23-45,09/07/1993,Final Rule,Docket 26269,1993-07-28,,e878de89-c14d-4586-af9a-32c9e3163b9c
Sec. 23.533,23-45,09/07/1993,Final Rule,Docket 26269,1993-07-28,,746af4b3-12cc-41f1-9c82-7437ae0c180d
Sec. 23.535,23-45,09/07/1993,Final Rule,Docket 26269,1993-07-28,,e1b85f54-9daf-4d2f-be1f-6c32f284a751
Sec. 23.537,23-45,09/07/1993,Final Rule,Docket 26269,1993-07-28,,ad67048c-acc4-48e1-a7b5-35bfc7baaa34
Sec. 23.561,23-7,09/14/1969,Final Rule,Docket 8083,1969-08-01,,70523e6c-650a-4940-95d9-d0c5777c0300
Sec. 23.561,Initial,02/01/1965,Final Rule,Docket 4080,1964-09-28,,c1b8f6a9-56f2-41c5-8f4e-5847a836a3ee
Sec. 23.561,23-36,09/14/1988,Final Rule,Docket 25147,1988-08-08,,024246fb-52f0-4063-a39a-19e8642ee44d
Sec. 23.561,23-46,06/16/1994,Final Rule,Docket 26324,1994-05-11,,1d488d69-dc82-4181-9237-96857e36471c
Sec. 23.561,23-34,02/17/1987,Final Rule,Docket 23516,1987-01-08,,564de8fe-3467-4abb-b430-266d540577e0
Sec. 23.561,23-48,03/11/1996,Final Rule,Docket 27805,1996-01-29,,4e7946eb-090b-4845-81db-697548c2aa83
Sec. 23.562,23-50,03/11/1996,Final Rule,Docket 27807,1996-01-29,,42dba18f-5200-4615-bc02-63e342571a64
Sec. 23.562,23-44,08/18/1993,Final Rule,Docket 23746,1993-07-07,,c8ce6c54-c49e-4f75-8062-5020e1403615
Sec. 23.562,23-36,09/14/1988,Final Rule,Docket 25147,1988-08-08,,b3631d1e-7c48-41fc-912f-a1713a42162b
Sec. 23.571,23-45,09/07/1993,Final Rule,Docket 26269,1993-07-28,,d20ec710-2b61-4e29-bae2-16d1269e2ab1
Sec. 23.571,23-34,02/17/1987,Final Rule,Docket 23516,1987-01-08,,efdef920-4515-46af-8d8e-561888015283
Sec. 23.571,Initial,02/01/1965,Final Rule,Docket 4080,1964-09-28,,ab506415-cc0c-4c4d-9667-190c04c67add
Sec. 23.571,23-48,03/11/1996,Final Rule,Docket 27805,1996-01-29,,1abfd938-400e-46d3-b553-a8428258a544
Sec. 23.571,23-14,12/20/1973,Final Rule,Docket 11011,1973-11-07,,e0fdd96f-327e-49e5-98a8-2fbd49b01913
Sec. 23.572,23-14,12/20/1973,Final Rule,Docket 11011,1973-11-07,,052670b3-3d5e-45bc-a49e-eb1b00b60e45
Sec. 23.572,23-48,03/11/1996,Final Rule,Docket 27805,1996-01-29,,70eb8fa3-db1e-48ec-af55-fcdc2ce98593
Sec. 23.572,23-38,10/26/1989,Final Rule,Docket 25086,1989-09-21,,5854d0bc-9172-49b7-9f35-8d687c135eff
Sec. 23.572,23-34,02/17/1987,Final Rule,Docket 23516,1987-01-08,,87d7718d-e0ff-44c2-89e6-15183af36976
Sec. 23.572,23-7,09/14/1969,Final Rule,Docket 8083,1969-08-01,,4d1def83-5dab-4198-8ec7-64d4b87af982
Sec. 23.572,23-45,09/07/1993,Final Rule,Docket 26269,1993-07-28,,61ec3e1b-0460-414d-b5b4-26fbc7f23eef
Sec. 23.573,23-48,03/11/1996,Final Rule,Docket 27805,1996-01-29,,472facc7-1055-42eb-84bf-2299bce6e723
Sec. 23.573,23-48,04/11/2008,Final Rule,Docket 27805,1996-01-29,,d67ac3cd-6d99-4644-a3f1-a20680c745bb
Sec. 23.573,23-48,04/11/2008,Final Rule,Docket 27805,2008-04-07,,d67ac3cd-6d99-4644-a3f1-a20680c745bb
Sec. 23.573,23-45,09/07/1993,Final Rule,Docket 26269,1993-07-28,,cc5d4235-d9da-4fc6-b134-a18a2548882c
Sec. 23.574,23-48,03/11/1996,Final Rule,Docket 27805,1996-01-29,,93c505e9-4444-433c-b03a-8071198deb68
Sec. 23.575,23-48,03/11/1996,Final Rule,Docket 27805,1996-01-29,,882cd378-5588-41e7-b934-754e40d42bff
Sec. 23.601,Initial,02/01/1965,Final Rule,Docket 4080,1964-09-28,,4783912f-40f5-47b6-8174-56053878355a
Sec. 23.603,23-23,12/01/1978,Final Rule,"Docket 14324, 14606, 14625, 14685, 14779",1978-10-20,,7756192a-7922-45b4-9619-a0d70faf8e8f
Sec. 23.603,Initial,02/01/1965,Final Rule,Docket 4080,1964-09-28,,694d3e72-781c-47f3-b45f-6c0fa548220f
Sec. 23.603,23-17,02/01/1977,Final Rule,Docket 14324,1976-12-13,,024f6423-9c5e-45cf-a530-44207d346425
Sec. 23.605,23-23,12/01/1978,Final Rule,"Docket 14324, 14606, 14625, 14685, 14779",1978-10-20,,75853c01-c43b-43ad-9864-db9d955a66a2
Sec. 23.605,Initial,02/01/1965,Final Rule,Docket 4080,1964-09-28,,58235305-2cd4-4eb9-8b86-afcb42829211
Sec. 23.607,23-17,02/01/1977,Final Rule,Docket 14324,1976-12-13,,38da315d-fb09-48cd-83e4-5cfb75f40856
Sec. 23.607,Initial,02/01/1965,Final Rule,Docket 4080,1964-09-28,,dfb4bb5e-53c8-4f5b-99cf-2d5ea914338e
Sec. 23.607,23-48,03/11/1996,Final Rule,Docket 27805,1996-01-29,,162f0833-2a95-4a34-8939-d0a15e31504f
Sec. 23.609,Initial,02/01/1965,Final Rule,Docket 4080,1964-09-28,,b396ab9e-7ef3-41e0-a19b-56f7818eff84
Sec. 23.611,23-48,03/11/1996,Final Rule,Docket 27805,1996-01-29,,14766e8e-a7d5-495f-bc99-59445f04a878
Sec. 23.611,Initial,02/01/1965,Final Rule,Docket 4080,1964-09-28,,c0eb06ef-d590-4e5f-9de6-4e0787e2f74d
Sec. 23.611,23-7,09/14/1969,Final Rule,Docket 8083,1969-08-01,,80fdba0b-2624-48b1-823c-e7918b59ff06
Sec. 23.613,Initial,02/01/1965,Final Rule,Docket 4080,1964-09-28,,31a71789-491d-4928-8b28-294c85838ebd
Sec. 23.613,23-45,09/07/1993,Final Rule,Docket 26269,1993-07-28,,89df48b5-d57e-4f1f-9abc-a645a91f1af8
Sec. 23.613,23-23,12/01/1978,Final Rule,"Docket 14324, 14606, 14625, 14685, 14779",1978-10-20,,997878b5-1b61-4f63-86d5-3249cbdeb6ef
Sec. 23.615,23-45,09/07/1993,Final Rule,Docket 26269,1993-07-28,,d6669e6c-aafe-47da-a8c8-83fab5077b21
Sec. 23.615,Initial,02/01/1965,Final Rule,Docket 4080,1964-09-28,,3ac8f4ea-40e5-4434-825e-00eea9f49916
Sec. 23.615,23-7,09/14/1969,Final Rule,Docket 8083,1969-08-01,,7982a938-7b5a-47a5-bae1-61d954def5bd
Sec. 23.617,Initial,02/01/1965,Final Rule,Docket 4080,1964-09-28,,ac8af695-e1d0-4d58-8d67-5f02d16ac2fd
Sec. 23.617,23-7,09/14/1969,Final Rule,Docket 8083,1969-08-01,,0f079e25-7051-47a5-9519-831dc552f2b9
Sec. 23.619,Initial,02/01/1965,Final Rule,Docket 4080,1964-09-28,,e0fde7a0-1598-459d-a422-ddffe6ce05f4
Sec. 23.619,23-7,09/14/1969,Final Rule,Docket 8083,1969-08-01,,e0ee6c40-d5e2-440a-8a7e-1ebeed0837d6
Sec. 23.621,23-45,09/07/1993,Final Rule,Docket 26269,1993-07-28,,c6b947e9-3c5f-40f2-a1b5-8aedcea66812
Sec. 23.621,Initial,02/01/1965,Final Rule,Docket 4080,1964-09-28,,beb2b628-6d7a-437d-be8b-87739a45e464
Sec. 23.623,23-7,09/14/1969,Final Rule,Docket 8083,1969-08-01,,4ffa6657-b220-4f64-a226-b5c018d9f122
Sec. 23.623,Initial,02/01/1965,Final Rule,Docket 4080,1964-09-28,,45c01f8e-2279-4a26-9365-eecaf40a7499
Sec. 23.625,23-7,09/14/1969,Final Rule,Docket 8083,1969-08-01,,4ca41a5f-2d93-47c7-a69b-465e9d9dbc74
Sec. 23.625,Initial,02/01/1965,Final Rule,Docket 4080,1964-09-28,,25728eaf-5292-4ccc-8d11-4c11f0c1c994
Sec. 23.627,Initial,02/01/1965,Final Rule,Docket 4080,1964-09-28,,08a3aba6-448c-4310-91f2-ad7789b1f6b6
Sec. 23.629,23-48,03/11/1996,Final Rule,Docket 27805,1996-01-29,,e5a7081c-980d-4ab4-b5cc-08888822bfdf
Sec. 23.629,23-45,09/07/1993,Final Rule,Docket 26269,1993-07-28,,d6868fe6-f133-4fde-80a4-95886c23a781
Sec. 23.629,23-23,12/01/1978,Final Rule,"Docket 14324, 14606, 14625, 14685, 14779",1978-10-20,,0a3d38ed-5dcf-44fb-8bf4-b1fa35693455
Sec. 23.629,23-7,09/14/1969,Final Rule,Docket 8083,1969-08-01,,02bf41bc-0b2f-437a-b489-24996a1439a5
Sec. 23.629,23-31,12/28/1984,Final Rule,Docket 23826,1984-11-02,,1eed58e6-c0de-4318-bf3b-7cf821112ab0
Sec. 23.629,Initial,02/01/1965,Final Rule,Docket 4080,1964-09-28,,e2ece1c8-1d5c-4d91-ba42-aa95a50fb10a
Sec. 23.641,Initial,02/01/1965,Final Rule,Docket 4080,1964-09-28,,6cfd6f45-2328-432c-abdf-e564c2082851
Sec. 23.643,23-7,09/14/1969,Final Rule,Docket 8083,1969-08-01,,d98b77a5-81e6-4c52-8d9d-62aef8027d56
Sec. 23.643,Initial,02/01/1965,Final Rule,Docket 4080,1964-09-28,,d03c3c8a-2946-468f-97d0-75e1ec22f8b2
Sec. 23.651,Initial,02/01/1965,Final Rule,Docket 4080,1964-09-28,,fe25e203-77a0-4462-b981-4ff9b6fc8347
Sec. 23.655,Initial,02/01/1965,Final Rule,Docket 4080,1964-09-28,,58604478-4289-405f-8236-51715747b181
Sec. 23.655,23-45,09/07/1993,Final Rule,Docket 26269,1993-07-28,,8dd1502d-5047-49de-9cfe-146b659eb330
Sec. 23.657,Initial,02/01/1965,Final Rule,Docket 4080,1964-09-28,,7d1cce69-c12c-45d5-9867-01e846969ba6
Sec. 23.657,23-48,03/11/1996,Final Rule,Docket 27805,1996-01-29,,8ee1748e-13f7-42cf-80c8-3376dae9fa58
Sec. 23.659,Initial,02/01/1965,Final Rule,Docket 4080,1964-09-28,,891e0232-f07e-4fc1-87b3-9649f415d33a
Sec. 23.671,Initial,02/01/1965,Final Rule,Docket 4080,1964-09-28,,ff5e2ddd-58bc-45aa-ba6a-9235c68fb268
Sec. 23.672,23-45,09/07/1993,Final Rule,Docket 26269,1993-07-28,,73850602-8d2c-46a3-a10e-2a97d84ffa3a
Sec. 23.673,23-48,03/11/1996,Final Rule,Docket 27805,1996-01-29,,3324e0c5-b8f1-416e-92c1-083dd68a5b48
Sec. 23.673,Initial,02/01/1965,Final Rule,Docket 4080,1964-09-28,,fb043203-d268-4822-8e02-16bd9108f506
Sec. 23.675,Initial,02/01/1965,Final Rule,Docket 4080,1964-09-28,,a8286ba9-aa1d-4f50-b64e-c310b10a6c67
Sec. 23.675,23-17,02/01/1977,Final Rule,Docket 14324,1976-12-13,,52221dd4-e6a9-4b5f-9a42-8779b50f8244
Sec. 23.677,23-49,03/11/1996,Final Rule,Docket 27806,1996-01-29,,0eab6992-0ae0-4f74-86bd-b3891c1b2b7a
Sec. 23.677,23-42,02/04/1991,Final Rule,Docket 25811,1990-12-21,,40f6aeee-8473-4b19-a720-0871a24739d2
Sec. 23.677,Initial,02/01/1965,Final Rule,Docket 4080,1964-09-28,,30b35575-ffdf-489b-86fc-9b147ea56ed7
Sec. 23.677,23-7,09/14/1969,Final Rule,Docket 8083,1969-08-01,,e8aae4ef-d4bb-46aa-b118-ce7e52c3b23f
Sec. 23.677,23-34,02/17/1987,Final Rule,Docket 23516,1987-01-08,,61017c8c-3ea7-487c-8148-8fe639e307e3
Sec. 23.679,Initial,02/01/1965,Final Rule,Docket 4080,1964-09-28,,30add95c-4552-4c9e-9b6d-03d7f2111459
Sec. 23.679,23-45,09/07/1993,Final Rule,Docket 26269,1993-07-28,,d6db9ca8-bcb2-417d-b1e9-daac5372f39b
Sec. 23.681,Initial,02/01/1965,Final Rule,Docket 4080,1964-09-28,,d2a2dd80-777b-4d3e-ab75-e11b8975009f
Sec. 23.683,23-7,09/14/1969,Final Rule,Docket 8083,1969-08-01,,8a9fe7e9-a152-49b9-9f49-e7cf510e3b22
Sec. 23.683,Initial,02/01/1965,Final Rule,Docket 4080,1964-09-28,,7f2cbbaf-5c6d-4cb1-8d8d-b16291650734
Sec. 23.685,23-17,02/01/1977,Final Rule,Docket 14324,1976-12-13,,0a9477f2-4f7d-4a33-ba5b-6ca264790d45
Sec. 23.685,Initial,02/01/1965,Final Rule,Docket 4080,1964-09-28,,69c0e391-6cd3-4c16-be2b-1ba912aa66c0
Sec. 23.687,Initial,02/01/1965,Final Rule,Docket 4080,1964-09-28,,11fb3f9e-efa9-4ff7-a0a9-c0f00bb1fa59
Sec. 23.689,23-7,09/14/1969,Final Rule,Docket 8083,1969-08-01,,79f10b73-e6bc-4d32-88e2-cc1ee81fe3ef
Sec. 23.689,Initial,02/01/1965,Final Rule,Docket 4080,1964-09-28,,27530c2c-dd83-47f0-b96a-448ecdd27c66
Sec. 23.691,23-49,03/11/1996,Final Rule,Docket 27806,1996-01-29,,791b6001-4e89-4e6d-a80c-0b0ed649d175
Sec. 23.693,Initial,02/01/1965,Final Rule,Docket 4080,1964-09-28,,14aec896-c3d9-4f41-ab6a-ea811a15f801
Sec. 23.697,Initial,02/01/1965,Final Rule,Docket 4080,1964-09-28,,1d4c927e-491f-4921-8e55-34796122d7f7
Sec. 23.697,23-49,03/11/1996,Final Rule,Docket 27806,1996-01-29,,663765f9-1ca8-4cb9-a579-2c123e30fac7
Sec. 23.699,Initial,02/01/1965,Final Rule,Docket 4080,1964-09-28,,da299e5f-109a-4702-8919-508c3fba5788
Sec. 23.701,23-49,03/11/1996,Final Rule,Docket 27806,1996-01-29,,172e3168-a770-4754-89c0-19fceb16d9af
Sec. 23.701,23-42,02/04/1991,Final Rule,Docket 25811,1990-12-21,,afd75715-d0c2-4ff7-9e95-634430a2a5d3
Sec. 23.701,23-14,12/20/1973,Final Rule,Docket 11011,1973-11-07,,d667e56d-185c-496c-9e4e-963dee19a909
Sec. 23.701,Initial,02/01/1965,Final Rule,Docket 4080,1964-09-28,,557fa498-5090-42f0-bd76-ad353f7077bb
Sec. 23.703,23-49,03/11/1996,Final Rule,Docket 27806,1996-01-29,,4c0d8110-8f64-470f-85b1-45ed46531455
Sec. 23.721,23-34,02/17/1987,Final Rule,Docket 23516,1987-01-08,,32149d4e-62b1-4f7e-a7ec-184ccc98c99f
Sec. 23.721,Initial,02/01/1965,Final Rule,Docket 4080,1964-09-28,,bc2578f1-4184-4624-8e18-f4bee2150f66
Sec. 23.721,23-7,09/14/1969,Final Rule,Docket 8083,1969-08-01,,c293f0b4-418e-4b2c-83db-4b300e4961b6
Sec. 23.723,23-49,03/11/1996,Final Rule,Docket 27806,1996-01-29,,80412779-06a8-45f4-b854-bab5e49b381c
Sec. 23.723,Initial,02/01/1965,Final Rule,Docket 4080,1964-09-28,,a29085da-c452-42fd-ad23-b59075603fdb
Sec. 23.723,23-23,12/01/1978,Final Rule,"Docket 14324, 14606, 14625, 14685, 14779",1978-10-20,,893b2cad-5248-4a88-a660-7ea590bc6732
Sec. 23.725,23-48,03/11/1996,Final Rule,Docket 27805,1996-01-29,,e1d4944b-c0e7-4735-a09f-a1a85212e161
Sec. 23.725,Initial,02/01/1965,Final Rule,Docket 4080,1964-09-28,,cafb553d-670a-41b4-88ac-450ee49e9664
Sec. 23.725,23-7,09/14/1969,Final Rule,Docket 8083,1969-08-01,,91f5a11e-7c51-4915-bcc1-5fe8fdc4765f
Sec. 23.726,23-7,09/14/1969,Final Rule,Docket 8083,1969-08-01,,c35cc7fd-ed6c-412e-a227-727a195648e2
Sec. 23.727,23-7,09/14/1969,Final Rule,Docket 8083,1969-08-01,,ce44607a-7257-44da-9c8a-fe0cd0095381
Sec. 23.727,Initial,02/01/1965,Final Rule,Docket 4080,1964-09-28,,888884f1-e401-4102-881a-a85a1d2728ca
Sec. 23.729,23-7,09/14/1969,Final Rule,Docket 8083,1969-08-01,,56f90aa4-e457-46df-b451-e607c804b2f1
Sec. 23.729,23-21,03/01/1978,Final Rule,"Docket 14684, 14324",1978-01-09,,769e0696-1559-4433-b31b-535f5f8fa3e7
Sec. 23.729,23-49,03/11/1996,Final Rule,Docket 27806,1996-01-29,,c962cfe0-50a9-4076-b0ab-696a8aaecfbd
Sec. 23.729,Initial,02/01/1965,Final Rule,Docket 4080,1964-09-28,,3fa46d65-d415-42dd-8d2c-2469c9c4c217
Sec. 23.729,23-45,09/07/1993,Final Rule,Docket 26269,1994-05-11,,943b2168-1ef4-463c-8981-e039a20a2aaf
Sec. 23.729,23-26,10/14/1980,Final Rule,"Docket 14779, 14324",1980-08-27,,c6924613-0e06-4af1-899b-2208cded1b69
Sec. 23.731,23-45,09/07/1993,Final Rule,Docket 26269,1993-07-28,,0b3a355f-5162-4cf1-a72f-f6c9393ccbd2
Sec. 23.731,Initial,02/01/1965,Final Rule,Docket 4080,1964-09-28,,89bd5539-1cad-408e-bb7d-b6cb1d199302
Sec. 23.733,23-17,02/01/1977,Final Rule,Docket 14324,1976-12-13,,0e76665b-4d7e-4499-887c-f8c66e1b11cd
Sec. 23.733,23-7,09/14/1969,Final Rule,Docket 8083,1969-08-01,,913e47cb-89c2-44ab-966f-752034781cd2
Sec. 23.733,Initial,02/01/1965,Final Rule,Docket 4080,1964-09-28,,a377605d-0ead-415a-8548-363c2655d631
Sec. 23.733,23-45,09/07/1993,Final Rule,Docket 26269,1993-07-28,,c07c30cb-dd58-41e0-82aa-2ef554de7a4c
Sec. 23.735,Initial,02/01/1965,Final Rule,Docket 4080,1964-09-28,,a69841ff-68ec-4f89-b440-dc530d12a10d
Sec. 23.735,23-49,03/11/1996,Final Rule,Docket 27806,1996-01-29,,140922ed-6de7-4952-9465-dac7e94f81a3
Sec. 23.735,23-7,09/14/1969,Final Rule,Docket 8083,1969-08-01,,071314a4-878b-40d2-84a0-df5297930871
Sec. 23.735,23-24,12/31/1979,Final Rule,Docket 18564,1979-11-21,,d3c75aeb-b3dd-4323-94b1-6b2d12447cb3
Sec. 23.735,23-42,02/04/1991,Final Rule,Docket 25811,1990-12-21,,a8538b99-c3d2-473a-b5e1-28c48fb78add
Sec. 23.737,23-45,09/07/1993,Final Rule,Docket 26269,1993-07-28,,d09296c4-a58c-4835-832f-dfe7396a760c
Sec. 23.737,Initial,02/01/1965,Final Rule,Docket 4080,1964-09-28,,a94472d7-9373-414a-8765-62d98d09afb2
Sec. 23.745,23-49,03/11/1996,Final Rule,Docket 27806,1996-01-29,,59d68137-24cf-44fd-bfcd-337e768bf3a5
Sec. 23.751,23-45,09/07/1993,Final Rule,Docket 26269,1993-07-28,,41d2e3bd-0d62-40a9-b386-4ad988789533
Sec. 23.751,Initial,02/01/1965,Final Rule,Docket 4080,1964-09-28,,bf228ff8-2482-4453-ad68-39a1e4a751e2
Sec. 23.753,Initial,02/01/1965,Final Rule,Docket 4080,1964-09-28,,330bb833-c211-46e4-b798-027c166c498a
Sec. 23.753,23-45,09/07/1993,Final Rule,Docket 26269,1993-07-28,,ee8b9629-c49f-47f1-92b4-9cb6194d1806
Sec. 23.755,Initial,02/01/1965,Final Rule,Docket 4080,1964-09-28,,de05880b-6cc4-4422-aa2e-1551d57188be
Sec. 23.755,23-48,03/11/1996,Final Rule,Docket 27805,1996-01-29,,1930c608-84b8-4952-bf80-5382983bb13b
Sec. 23.755,23-45,09/07/1993,Final Rule,Docket 26269,1993-07-28,,1d1c7a76-5569-4b43-bc5c-446179f2e28a
Sec. 23.757,Initial,02/01/1965,Final Rule,Docket 4080,1964-09-28,,6c164126-1c21-4380-b5b0-9c5b24400a5a
Sec. 23.771,23-14,12/20/1973,Final Rule,Docket 11011,1973-11-07,,0547fbf8-5e48-465f-badb-2ebd03844e77
Sec. 23.771,Initial,02/01/1965,Final Rule,Docket 4080,1964-09-28,,b43dce73-8964-422f-a144-622d2bf6a995
Sec. 23.773,23-63,03/21/2017,Final Rule,Docket FAA-2013-0485,,58 FR 42165; 71 FR 537; 81 FR 90169,ec50ba0d-a3dd-4c2f-8300-0e7a565d2c42
Sec. 23.773,23-45,09/07/1993,Final Rule,Docket 26269,1993-07-28,,e53201e0-92cc-4a13-8a18-8f816600f12b
Sec. 23.773,23-45C,01/05/2006,Final Rule,Docket 26269,1993-07-28,,34a5f81a-6e10-4fbb-aaef-1ae7a55e7ce5
Sec. 23.773,23-14,12/20/1973,Final Rule,Docket 11011,1973-11-07,,be63cfc9-9a25-415f-a9dd-a802f4ad936f
Sec. 23.773,Initial,02/01/1965,Final Rule,Docket 4080,1964-09-28,,e949e915-1336-4f21-94fc-7c4f02e39c25
Sec. 23.775,23-45,09/07/1993,Final Rule,Docket 26269,1993-07-28,,a5997b72-f1ec-4b11-86e4-0b8b86107f34
Sec. 23.775,Initial,02/01/1965,Final Rule,Docket 4080,1964-09-28,,4db70a8a-af18-4948-b15c-4dfb31ce7c05
Sec. 23.775,23-49,03/11/1996,Final Rule,Docket 27806,1996-01-29,,e1611328-6d3e-4c71-8ba6-4842b83fad29
Sec. 23.775,23-7,09/14/1969,Final Rule,Docket 8083,1969-08-01,,777d4baf-8829-4162-941e-b353730990a0
Sec. 23.777,23-51,03/11/1996,Final Rule,Docket 27804,1996-01-29,,31db42d9-0d3a-4c3a-a7c4-12c621498ad1
Sec. 23.777,23-7,09/14/1969,Final Rule,Docket 8083,1969-08-01,,bddc47a1-6014-45c6-b8bf-d079172453db
Sec. 23.777,Initial,02/01/1965,Final Rule,Docket 4080,1964-09-28,,fb4fc165-5c34-4da6-b94b-fff87a41cac4
Sec. 23.777,23-33,08/11/1986,Final Rule,Docket 24191,1986-07-07,,0d5e8bb5-9bcb-4c3d-b386-7e011f58d489
Sec. 23.779,Initial,02/01/1965,Final Rule,Docket 4080,1964-09-28,,cb4113ae-5133-431c-9861-1b4f9e82ec36
Sec. 23.779,23-51,03/11/1996,Final Rule,Docket 27804,1996-01-29,,94bfa902-659c-4b3a-a44f-e1df943d29d7
Sec. 23.779,23-33,08/11/1986,Final Rule,Docket 24191,1986-07-07,,4f1913f9-57c8-41b3-b632-148cb125597f
Sec. 23.781,Initial,02/01/1965,Final Rule,Docket 4080,1964-09-28,,77b2ad98-0deb-4388-a23f-d69603142c23
Sec. 23.781,23-33,08/11/1986,Final Rule,Docket 24191,1986-07-07,,9d4b3cf1-a69c-454f-9e2f-c498d9faeacb
Sec. 23.783,23-34,02/17/1987,Final Rule,Docket 23516,1987-01-08,,4c69fd71-834b-4bb4-9ea7-ef0803d14a34
Sec. 23.783,23-46,06/16/1994,Final Rule,Docket 26324,1994-05-11,,b32ad680-c123-4b75-b267-aa1d924f0f45
Sec. 23.783,23-36,09/14/1988,Final Rule,Docket 25147,1988-08-08,,ed923b46-a6fb-4642-a4e2-95ff8490763a
Sec. 23.783,Initial,02/01/1965,Final Rule,Docket 4080,1964-09-28,,a5cbee5b-1dc3-4022-9f54-0a47a573d84c
Sec. 23.783,23-49,03/11/1996,Final Rule,Docket 27806,1996-01-29,,9803c1e3-f7c1-49fb-90fe-0e7d022167ce
Sec. 23.785,23-19,07/18/1977,Final Rule,Docket 10162,1977-06-09,,fee10f08-a274-4c6a-a6ac-530cd1ead76b
Sec. 23.785,23-36,09/14/1988,Final Rule,Docket 25147,1988-08-08,,c5ea2f8d-51b1-4104-aa15-70521ba195be
Sec. 23.785,23-49,03/11/1996,Final Rule,Docket 27806,1996-01-29,,2a3d05e0-e41f-4381-bcfa-d270ebd21db9
Sec. 23.785,23-7,09/14/1969,Final Rule,Docket 8083,1969-08-01,,c29b1751-54c2-4fd3-a51c-032ad34e3ee8
Sec. 23.785,23-34,02/17/1987,Final Rule,Docket 23516,1987-01-08,,329d327a-5e3e-4bda-b70d-e76d7681d9ba
Sec. 23.785,Initial,02/01/1965,Final Rule,Docket 4080,1964-09-28,,908d3b2f-9621-4d5e-9313-536cb25c371c
Sec. 23.785,23-23,12/01/1978,Final Rule,"Docket 14324, 14606, 14625, 14685, 14779",1978-10-20,,4d636b67-cc1b-4ed8-a04d-e7d56d3d7f43
Sec. 23.785,23-32,12/12/1985,Final Rule,Docket 23815,1985-11-06,,8f375847-0b6c-4456-8154-dabe4fb85d0f
Sec. 23.787,23-17,02/01/1977,Final Rule,Docket 14324,1976-12-13,,a71c09a4-6c1e-459d-8f87-197005fda273
Sec. 23.787,23-36,09/14/1988,Final Rule,Docket 25147,1988-08-08,,734d249d-0525-4e12-98c1-9af94979948a
Sec. 23.787,Initial,02/01/1965,Final Rule,Docket 4080,1964-09-28,,cb0a81ab-9757-4f1f-8e79-d47b1c6692c1
Sec. 23.787,23-14,12/20/1973,Final Rule,Docket 11011,1973-11-07,,cccb4711-b574-466f-9151-7d2622fe45fc
Sec. 23.787,23-49,03/11/1996,Final Rule,Docket 27806,1996-01-29,,63b8d152-3635-4aeb-a368-06e93ff2bab2
Sec. 23.787,23-34,02/17/1987,Final Rule,Docket 23516,1987-01-08,,c87185e9-c24d-4b8e-b164-3f3fd0298ce7
Sec. 23.791,23-49,03/11/1996,Final Rule,Docket 27806,1996-01-29,,96ded00c-764f-4f37-b75f-f876ac4c2d0a
Sec. 23.803,23-46,06/16/1994,Final Rule,Docket 26324,1994-05-11,,00d72187-2f7a-4d9d-82df-2d603917118e
Sec. 23.803,23-34,02/17/1987,Final Rule,Docket 23516,1987-01-08,,e6dba93e-aa07-44fe-a135-88a66e62d493
Sec. 23.805,23-46,06/16/1994,Final Rule,Docket 26324,1994-05-11,,7c025574-39c0-4696-8f17-0678c121a193
Sec. 23.807,23-7,09/14/1969,Final Rule,Docket 8083,1969-08-01,,8cc8d289-314d-4fda-b838-5747a6eebb16
Sec. 23.807,23-49,03/11/1996,Final Rule,Docket 27806,1996-01-29,,ab4466b3-f0c3-4db4-8082-2ec67616733d
Sec. 23.807,23-36,09/14/1988,Final Rule,Docket 25147,1988-08-08,,c005e1cd-9c51-4645-81bd-77c2087e7198
Sec. 23.807,23-34,02/17/1987,Final Rule,Docket 23516,1987-01-08,,b61fdeec-4170-41c2-86e4-13d7875f0a58
Sec. 23.807,23-10,03/13/1971,Final Rule,Docket 10405,1971-02-05,,405bad4f-004e-434b-9c4f-35ca49f3a458
Sec. 23.807,Initial,02/01/1965,Final Rule,Docket 4080,1964-09-28,,c5685486-99e5-4b65-9a40-c5ffe92be3d0
Sec. 23.807,23-46,06/16/1994,Final Rule,Docket 26324,1994-05-11,,bb712749-6ce1-43be-b9d4-6976c03c6a17
Sec. 23.811,23-36,09/14/1988,Final Rule,Docket 25147,1988-08-08,,7cde5d97-e880-47d0-9c30-6707f03a37e2
Sec. 23.811,23-46,06/16/1994,Final Rule,Docket 26324,1994-05-11,,727476d3-ddce-4991-b886-82598826828d
Sec. 23.812,23-46,06/16/1994,Final Rule,Docket 26324,1994-05-11,,a924a785-7e7b-403f-bf77-4e17e14e668d
Sec. 23.813,23-46,06/16/1994,Final Rule,Docket 26324,1994-05-11,,68d136ae-df73-47b1-aacc-7de80fcb17c0
Sec. 23.813,23-36,09/14/1988,Final Rule,Docket 25147,1988-08-08,,5557a4be-65e4-49ce-96c2-dd03d732349f
Sec. 23.815,23-46,06/16/1994,Final Rule,Docket 26324,1994-05-11,,25599e95-331e-4ac2-a345-8557848bb226
Sec. 23.815,23-34,02/17/1987,Final Rule,Docket 23516,1987-01-08,,1e667c8c-0a4d-4491-86d5-6ba0e42b6861
Sec. 23.831,Initial,02/01/1965,Final Rule,Docket 4080,1964-09-28,,d4e8216d-648a-415e-8785-844a1e19cb8d
Sec. 23.831,23-42,02/04/1991,Final Rule,Docket 25811,1990-12-21,,9b637f75-ef79-4eae-8e91-04b3a6f028d1
Sec. 23.831,23-34,02/17/1987,Final Rule,Docket 23516,1987-01-08,,6dd22dfa-0ff6-496b-a29e-dfe7087b8e3c
Sec. 23.841,23-49,03/11/1996,Final Rule,Docket 27806,1996-01-29,,3151b04c-74a5-42e0-b49a-5d0fc941d6f8
Sec. 23.841,Initial,02/01/1965,Final Rule,Docket 4080,1964-09-28,,5629c8d7-637d-4358-a230-430bcf94f4e1
Sec. 23.841,23-17,02/01/1977,Final Rule,Docket 14324,1976-12-13,,2a009f06-a55c-4a2f-b755-ebe36dd51fd8
Sec. 23.841,23-14,12/20/1973,Final Rule,Docket 11011,1973-11-07,,bd2270b2-0d38-49b6-9642-15b528a2f957
Sec. 23.841,23-7,09/14/1969,Final Rule,Docket 8083,1969-08-01,,10e78555-8efc-476c-b260-123cc3e5e167
Sec. 23.843,Initial,02/01/1965,Final Rule,Docket 4080,1964-09-28,,c4ab8aa1-df12-4bbc-92cb-af772f3351fd
Sec. 23.851,23-45,09/07/1993,Final Rule,Docket 26269,1993-07-28,,a6ebe9ed-60f8-4123-8240-bbf40ad236c6
Sec. 23.851,23-34,02/17/1987,Final Rule,Docket 23516,1987-01-08,,624496c2-383a-4e47-815a-fcd407fb5e4f
Sec. 23.853,23-23,12/01/1978,Final Rule,"Docket 14324, 14606, 14625, 14685, 14779",1978-10-20,,248e8ee5-5fc3-4918-90d4-b685fa40ad05
Sec. 23.853,Initial,02/01/1965,Final Rule,Docket 4080,1964-09-28,,6524515d-bea3-44b5-8453-ae0842d18d2e
Sec. 23.853,23-14,12/20/1973,Final Rule,Docket 11011,1973-11-07,,c0d2e406-f60b-4b64-9e9b-b844e207e079
Sec. 23.853,23-25,03/06/1980,Final Rule,"Docket 14779, 14324",1980-01-29,,6b3f8e82-e51d-49f1-b746-056fe0c588fd
Sec. 23.853,23-34,02/17/1987,Final Rule,Docket 23516,1987-01-08,,1846fe44-bf11-4783-ace4-43f42593be6d
Sec. 23.853,23-49,03/11/1996,Final Rule,Docket 27806,1996-01-29,,7755c87c-952d-4d8b-b183-d0e6b84e000c
Sec. 23.855,23-49,03/11/1996,Final Rule,Docket 27806,1996-01-29,,9c85762e-eb3a-4c2f-bf00-5e7e6091d9da
Sec. 23.859,23-27,11/18/1980,Final Rule,Docket 20052,1980-10-10,,db2a4124-62ce-4dea-a148-0f107ac862d7
Sec. 23.859,Initial,02/01/1965,Final Rule,Docket 4080,1964-09-28,,303fa281-7158-454a-ad7f-26cf4e6451f0
Sec. 23.859,23-5,06/04/1967,Final Rule,Docket 7095,1967-04-28,,9c3f2fee-c8e2-4931-8b08-fb40c04fd076
Sec. 23.863,23-23,12/01/1978,Final Rule,"Docket 14324, 14606, 14625, 14685, 14779",1978-10-20,,b26250a5-a394-476e-a64b-3cec5cfe9f76
Sec. 23.863,23-34,02/17/1987,Final Rule,Docket 23516,1987-01-08,,0974b3dd-7e1b-4f43-a566-6f369f98c429
Sec. 23.865,23-48,03/11/1996,Final Rule,Docket 27805,1996-01-29,,870e70ea-bbc1-4e97-850f-3f945d6aa861
Sec. 23.865,23-14,12/20/1973,Final Rule,Docket 11011,1973-11-07,,cfb5de27-10f6-4afb-8a7e-21e57b0833cb
Sec. 23.865,23-45,09/07/1993,Final Rule,Docket 26269,1993-07-28,,4a1d97d0-32fe-4741-8536-1757928f51d7
Sec. 23.867,23-49,03/11/1996,Final Rule,Docket 27806,1996-01-29,,f6609784-db97-4cea-9d33-512ba6df9ce3
Sec. 23.867,23-7,09/14/1969,Final Rule,Docket 8083,1969-08-01,,843aa6f9-5852-4eae-9b7a-714ea4677ce3
Sec. 23.871,23-7,09/14/1969,Final Rule,Docket 8083,1969-08-01,,63fabd9b-1217-4b40-b887-a0aaa5372cc6
Sec. 23.871,Initial,02/01/1965,Final Rule,Docket 4080,1964-09-28,,5ac846bf-0fa7-4a97-895d-bfa3381cc4dc
Sec. 23.901,23-7,09/14/1969,Final Rule,Docket 8083,1969-08-01,,0f5bc4dc-2ad9-4275-a6df-75b08aaec4d3
Sec. 23.901,23-34,02/17/1987,Final Rule,Docket 23516,1987-01-08,,a412c1a3-b287-4608-8dd2-3d7106499d65
Sec. 23.901,23-18,05/02/1977,Final Rule,"Docket 14606, 14324",1977-03-10,,0f8ad353-e3a8-426d-bf38-512ffb6d311f
Sec. 23.901,23-53,04/30/1998,Final Rule,Docket 28652,1998-03-20,,d742e5d7-ff17-4b1b-bac6-d71d1ec09ee7
Sec. 23.901,23-43,05/10/1993,Final Rule,Docket 26344,1993-03-29,,f0acf043-321a-4ad0-8b45-a9dd87ba88fa
Sec. 23.901,Initial,02/01/1965,Final Rule,Docket 4080,1964-09-28,,f0219178-7f8a-43de-bb0a-8cde9b23a631
Sec. 23.901,23-51,03/11/1996,Final Rule,Docket 27804,1996-01-29,,7436f14d-a7af-4f21-9c0d-35dc715b0ea9
Sec. 23.901,23-29,03/26/1984,Final Rule,Docket 16919,1983-12-16,,b0d997b8-ec6b-4566-9433-9905ce419180
Sec. 23.903,23-54,01/01/2004,Final Rule,Docket FAA-1998-4815,2000-09-13,,6d07aa05-6bbe-4395-8b29-c1e7eefa23b3
Sec. 23.903,23-54,01/01/2004,Final Rule; correction,Docket FAA-1998-4815,2003-12-18,,6d07aa05-6bbe-4395-8b29-c1e7eefa23b3
Sec. 23.903,23-17,02/01/1977,Final Rule,Docket 14324,1976-12-13,,05681092-6ac7-47ca-a22c-d317e12baafd
Sec. 23.903,23-53,04/30/1998,Final Rule,Docket 28652,1998-03-20,,58fa8872-121e-4ce6-9969-0f6d3989ef12
Sec. 23.903,23-14,12/20/1973,Final Rule,Docket 11011,1973-11-07,,91a3474f-3bd5-437a-a9c1-d0b2f1de18df
Sec. 23.903,23-51,03/11/1996,Final Rule,Docket 27804,1996-01-29,,2776fd08-e9af-44b3-8a9d-4b2be2f9ceb6
Sec. 23.903,23-26,10/14/1980,Final Rule,"Docket 14779, 14324",1980-08-27,,196c5383-8587-463c-9dd3-b5e35e1a1829
Sec. 23.903,23-54,12/13/2000,Final Rule,Docket FAA-1998-4815,2000-09-13,,33ec959c-5775-46f3-89a0-7709788ff50c
Sec. 23.903,23-29,03/26/1984,Final Rule,Docket 16919,1983-12-16,,3cfd3646-3ded-4970-8c32-9b12e3363e6a
Sec. 23.903,23-43,05/10/1993,Final Rule,Docket 26344,1993-03-29,,d27bcd6e-7c40-4e40-947f-a3caa5824fef
Sec. 23.903,23-40,09/10/1990,Final Rule,Docket 25613,1990-07-26,,fca7b684-24b0-44cc-8968-13595ad9f12a
Sec. 23.903,Initial,02/01/1965,Final Rule,Docket 4080,1964-09-28,,b98fa459-acdb-43ca-8987-10da342f6505
Sec. 23.903,23-34,02/17/1987,Final Rule,Docket 23516,1987-01-08,,26424a08-36a3-4331-ab7e-d36f7b1f29c1
Sec. 23.904,23-43,05/10/1993,Final Rule,Docket 26344,1993-03-29,,c551d98f-834c-4775-adf9-693384b5efec
Sec. 23.905,Initial,02/01/1965,Final Rule,Docket 4080,1964-09-28,,ff7cd487-4b08-438e-8a63-aed66b8b9734
Sec. 23.905,23-29,03/26/1984,Final Rule,Docket 16919,1983-12-16,,2975c481-9de6-482b-9bb1-8b00f978b8fd
Sec. 23.905,23-26,10/14/1980,Final Rule,"Docket 14779, 14324",1980-08-27,,6a84d242-604b-44ae-b7a9-488a08d5bcb7
Sec. 23.905,23-59,12/23/2008,Final Rule,Docket 26344,1993-03-29,,d8959843-3cc9-4c8d-bf9b-80f63a92a3e3
Sec. 23.905,23-59,12/23/2008,Final Rule,Docket 2007,2008-10-12,,d8959843-3cc9-4c8d-bf9b-80f63a92a3e3
Sec. 23.905,23-43,05/10/1993,Final Rule,Docket 26344,1993-03-29,,af3537f1-9a27-40b5-9f2c-74865ca92725
Sec. 23.907,23-59,12/23/2008,Final Rule,Docket 27804,1996-01-29,,626e2e7e-26e9-4210-8487-28745984d32e
Sec. 23.907,23-59,12/23/2008,Final Rule,Docket 2007,2008-10-12,,626e2e7e-26e9-4210-8487-28745984d32e
Sec. 23.907,Initial,02/01/1965,Final Rule,Docket 4080,1964-09-28,,d93f2cc5-0216-4a3a-979a-d5f4c1790e18
Sec. 23.907,23-51,03/11/1996,Final Rule,Docket 27804,1996-01-29,,45982f12-742c-400b-bc4d-2539ecc945f1
Sec. 23.909,23-7,09/14/1969,Final Rule,Docket 8083,1969-08-01,,115f8819-2895-4910-8a26-0836b433a95f
Sec. 23.909,23-43,05/10/1993,Final Rule,Docket 26344,1993-03-29,,fd96609b-446f-4227-9ea1-7da7000383f5
Sec. 23.925,23-43,05/10/1993,Final Rule,Docket 26344,1993-03-29,,7a672238-7727-45e5-9a29-f92cbb2e54c4
Sec. 23.925,Initial,02/01/1965,Final Rule,Docket 4080,1964-09-28,,30ed9281-5fdb-404e-b783-8cafd2e2a96d
Sec. 23.925,23-48,03/11/1996,Final Rule,Docket 27805,1996-01-29,,ce28c54e-375c-4dd1-adf5-e1a904215de7
Sec. 23.925,23-51,03/11/1996,Final Rule,Docket 27804,1996-01-29,,a3181f3e-ebef-4fd2-b313-fbbe3d18fd5e
Sec. 23.929,23-14,12/20/1973,Final Rule,Docket 11011,1973-11-07,,0c6bf121-2df9-47ff-a10f-d4439939f3e2
Sec. 23.929,23-51,03/11/1996,Final Rule,Docket 27804,1996-01-29,,b915c37d-9c19-4774-9c25-920ee68e4cc5
Sec. 23.933,23-39,05/02/1990,Final Rule,Docket 23516,1990-04-26,,7c34d0d2-1a7e-4b56-ac00-a52819a91da8
Sec. 23.933,23-7,09/14/1969,Final Rule,Docket 8083,1969-08-01,,414e9723-e54d-4257-a4dc-12ae75b5f7ab
Sec. 23.933,23-43,05/10/1993,Final Rule,Docket 26344,1993-03-29,,4a37f25a-d024-40df-b75a-ead2efcbd646
Sec. 23.933,23-17,02/01/1977,Final Rule,Docket 14324,1976-12-13,,e38490df-471e-459d-85a0-d14503e40465
Sec. 23.933,23-51,03/11/1996,Final Rule,Docket 27804,1996-01-29,,1b4bc86e-75f2-4aa0-b9d4-796ccb1de31c
Sec. 23.933,23-34,02/17/1987,Final Rule,Docket 23516,1987-01-08,,1d616100-001b-4452-95fb-2f9b7f8c4e4b
Sec. 23.934,23-43,05/10/1993,Final Rule,Docket 26344,1993-03-29,,5cc4b338-c444-4134-a163-de9cbfb49369
Sec. 23.937,23-7,09/14/1969,Final Rule,Docket 8083,1969-08-01,,cc0e940a-474d-4aae-a946-fc6234b30a1d
Sec. 23.937,23-43,05/10/1993,Final Rule,Docket 26344,1993-03-29,,c5cb2c2e-5269-4373-b388-6badf4040e53
Sec. 23.939,23-42,02/04/1991,Final Rule,Docket 25811,1990-12-21,,01d97c11-5c41-4b72-83ad-ac8bb682fe8e
Sec. 23.939,23-7,09/14/1969,Final Rule,Docket 8083,1969-08-01,,71f652d7-ceea-44b6-a2d4-519fc2fcaa6f
Sec. 23.939,23-14,12/20/1973,Final Rule,Docket 11011,1973-11-07,,77521d16-663e-41b3-b8ed-ae089ed4d9e2
Sec. 23.939,23-18,05/02/1977,Final Rule,"Docket 14606, 14324",1977-03-10,,67625f2f-7c64-45d3-ae01-d83a6bd27505
Sec. 23.943,23-43,05/10/1993,Final Rule,Docket 26344,1993-03-29,,8f561ab0-f93e-49a7-97b5-6541e13b4ccc
Sec. 23.943,23-18,05/02/1977,Final Rule,"Docket 14606, 14324",1977-03-10,,9cfd3311-8f95-406e-96af-4cfc9a11ec21
Sec. 23.951,Initial,02/01/1965,Final Rule,Docket 4080,1964-09-28,,339d4b1a-fe37-41b5-aa27-a3bdab58fe06
Sec. 23.951,23-43,05/10/1993,Final Rule,Docket 26344,1993-03-29,,106ea5b3-64de-4009-aea2-4b2e665af815
Sec. 23.951,23-40,09/10/1990,Final Rule,Docket 25613,1990-07-26,,23344dc3-ea53-4b06-a98d-35742e4c2560
Sec. 23.951,23-15,10/31/1974,Final Rule,Docket 11010,1974-09-20,,80881cb8-6414-4a57-a10a-d511fb52536d
Sec. 23.953,Initial,02/01/1965,Final Rule,Docket 4080,1964-09-28,,c073d0a5-cab8-4746-8bf2-afbb221a9044
Sec. 23.953,23-7,09/14/1969,Final Rule,Docket 8083,1969-08-01,,35ce8c3c-f741-4782-8200-1ce3b8288e43
Sec. 23.953,23-43,05/10/1993,Final Rule,Docket 26344,1993-03-29,,48ef3915-65f7-4a2c-a2c9-51cf57c44e98
Sec. 23.954,23-7,09/14/1969,Final Rule,Docket 8083,1969-08-01,,1fe25148-6a68-4cde-843c-4aeb2a1d7827
Sec. 23.955,23-43,05/10/1993,Final Rule,Docket 26344,1993-03-29,,a8229115-3fc1-47f1-ba26-21249ad502d3
Sec. 23.955,Initial,02/01/1965,Final Rule,Docket 4080,1964-09-28,,cb989422-cb6c-4ddb-9cf2-b4d4c9b255b2
Sec. 23.955,23-7,09/14/1969,Final Rule,Docket 8083,1969-08-01,,59b48171-fd20-4084-9e03-699756cca546
Sec. 23.955,23-51,03/11/1996,Final Rule,Docket 27804,1996-01-29,,abf1abf9-9999-4d1a-8593-f784c03f604f
Sec. 23.957,Initial,02/01/1965,Final Rule,Docket 4080,1964-09-28,,d252dc6a-c58f-44dd-b2a5-e265a9ea0e3d
Sec. 23.957,23-43,05/10/1993,Final Rule,Docket 26344,1993-03-29,,379199c4-f6a7-499d-b97b-88a552cee878
Sec. 23.959,Initial,02/01/1965,Final Rule,Docket 4080,1964-09-28,,faec2edf-8b6b-4d57-95cf-33c62caa8a08
Sec. 23.959,23-18,05/02/1977,Final Rule,"Docket 14606, 14324",1977-03-10,,318544e8-b3b9-4102-8bdb-c6a9e58d80bf
Sec. 23.959,23-7,09/14/1969,Final Rule,Docket 8083,1969-08-01,,9c34ae05-bef6-470d-ba84-ea001885b4f4
Sec. 23.959,23-51,03/11/1996,Final Rule,Docket 27804,1996-01-29,,c2f266d1-c19a-458b-91c6-0c267a576455
Sec. 23.961,23-43,05/10/1993,Final Rule,Docket 26344,1993-03-29,,7b9ba1af-1b77-4145-9e46-078564254e29
Sec. 23.961,Initial,02/01/1965,Final Rule,Docket 4080,1964-09-28,,2bbbe7c7-1a39-4abb-b07c-2736971996d9
Sec. 23.963,Initial,02/01/1965,Final Rule,Docket 4080,1964-09-28,,585b9dc1-b776-4d47-9bc7-1ff71438adfd
Sec. 23.963,23-43,05/10/1993,Final Rule,Docket 26344,1993-03-29,,7b587fc4-c8db-433a-b8ae-c46dbd396bee
Sec. 23.963,23-51,03/11/1996,Final Rule,Docket 27804,1996-01-29,,ab764227-cd13-4bf2-b571-4aa2a73af0e0
Sec. 23.963,23-34,02/17/1987,Final Rule,Docket 23516,1987-01-08,,8b74fbd8-a26e-481c-b969-b5ffa7ca2a7b
Sec. 23.965,23-51,03/11/1996,Final Rule,Docket 27804,1996-01-29,,de8d268d-a426-4077-b62b-60ca9e98e25e
Sec. 23.965,23-43,05/10/1993,Final Rule,Docket 26344,1993-03-29,,f0713d09-8fc7-46d8-a345-821de2e5b108
Sec. 23.965,Initial,02/01/1965,Final Rule,Docket 4080,1964-09-28,,55c48cf1-8659-4279-939f-1696e2567974
Sec. 23.967,23-14,12/20/1973,Final Rule,Docket 11011,1973-11-07,,6f311166-1875-4f55-ab5b-b6eecb42f1fe
Sec. 23.967,23-7,09/14/1969,Final Rule,Docket 8083,1969-08-01,,d6c04acb-8f49-4b6e-81c0-3c71ee58c676
Sec. 23.967,23-43,05/10/1993,Final Rule,Docket 26344,1993-03-29,,7eb97e35-2d14-4481-b0f5-63fb30be7339
Sec. 23.967,23-18,05/02/1977,Final Rule,"Docket 14606, 14324",1977-03-10,,fffcbb31-5513-4a24-80e4-5e6a934763f0
Sec. 23.967,23-36,09/14/1988,Final Rule,Docket 25147,1988-08-08,,aa388b00-68e0-40ad-8b37-429bff6a529d
Sec. 23.967,Initial,02/01/1965,Final Rule,Docket 4080,1964-09-28,,de2f4f95-9114-48cc-9fdc-c571c592794a
Sec. 23.967,23-26,10/14/1980,Final Rule,"Docket 14779, 14324",1980-08-27,,ef7cf3f6-9e95-4d4b-9937-790a0a8cb36c
Sec. 23.969,Initial,02/01/1965,Final Rule,Docket 4080,1964-09-28,,da754663-f4ea-4318-adea-175ddafeea26
Sec. 23.971,Initial,02/01/1965,Final Rule,Docket 4080,1964-09-28,,2d84018b-f56d-4c08-8dec-336aee393318
Sec. 23.971,23-43,05/10/1993,Final Rule,Docket 26344,1993-03-29,,e354dd7f-4c58-4249-bf9c-3205294fb723
Sec. 23.971,23-17,02/01/1977,Final Rule,Docket 14324,1976-12-13,,60a3ff6e-26c0-4f32-8e78-dc175aa256fd
Sec. 23.973,Initial,02/01/1965,Final Rule,Docket 4080,1964-09-28,,d39dfeb4-3450-4242-9dd7-6f5d62af5929
Sec. 23.973,23-18,05/02/1977,Final Rule,"Docket 14606, 14324",1977-03-10,,29b47d9a-0324-4745-903a-e4be6bcdb8ba
Sec. 23.973,23-43,05/10/1993,Final Rule,Docket 26344,1993-03-29,,9d7aa782-0f0d-4d69-af31-7a5a1eef4567
Sec. 23.973,23-51,03/11/1996,Final Rule,Docket 27804,1996-01-29,,eaa65502-476e-40fc-ab8d-e47a875ef710
Sec. 23.975,23-29,03/26/1984,Final Rule,Docket 16919,1983-12-16,,0303a97f-f26d-4af4-98cb-a1ce5cbd7d18
Sec. 23.975,Initial,02/01/1965,Final Rule,Docket 4080,1964-09-28,,740f2ad4-5052-49e7-b693-5d04fb52f5a0
Sec. 23.975,23-43,05/10/1993,Final Rule,Docket 26344,1993-03-29,,6bd7cb60-46c2-4676-9db7-f158b9d7b4d9
Sec. 23.975,23-51,03/11/1996,Final Rule,Docket 27804,1996-01-29,,bfc9ad8a-1a74-4806-86d2-f64759def2bd
Sec. 23.975,23-18,05/02/1977,Final Rule,"Docket 14606, 14324",1977-03-10,,493470e4-1e04-40c9-911a-11ced012f508
Sec. 23.977,23-17,02/01/1977,Final Rule,Docket 14324,1976-12-13,,146b521c-f4b1-4323-baae-65863841d264
Sec. 23.977,Initial,02/01/1965,Final Rule,Docket 4080,1964-09-28,,94cb142b-5073-4e9a-b41f-123621202f30
Sec. 23.977,23-43,05/10/1993,Final Rule,Docket 26344,1993-03-29,,4eb79d2e-c4cb-4ba4-b89c-3396ff74920b
Sec. 23.979,23-14,12/20/1973,Final Rule,Docket 11011,1973-11-07,,c69c5bb8-1fb1-48cf-b877-0754f22f945d
Sec. 23.979,23-51,03/11/1996,Final Rule,Docket 27804,1996-01-29,,358a6c22-0d95-46f4-83c7-d849dfac901a
Sec. 23.991,23-26,10/14/1980,Final Rule,"Docket 14779, 14324",1980-08-27,,ef6c47c1-86cd-48bc-9ed4-20a6f5cd9a97
Sec. 23.991,23-7,09/14/1969,Final Rule,Docket 8083,1969-08-01,,da0052eb-83f8-4759-8013-19103a9fc9fb
Sec. 23.991,23-43,05/10/1993,Final Rule,Docket 26344,1993-03-29,,a747a9ef-63e3-4679-b32f-245771a0d804
Sec. 23.991,Initial,02/01/1965,Final Rule,Docket 4080,1964-09-28,,f47bfacc-888f-4d50-9a42-dda032e29606
Sec. 23.993,23-43,05/10/1993,Final Rule,Docket 26344,1993-03-29,,1667658a-dcd9-44e3-bd3f-5080eddbb8da
Sec. 23.993,Initial,02/01/1965,Final Rule,Docket 4080,1964-09-28,,9ddf1356-384e-4ba5-a58c-c89d93d03d7d
Sec. 23.994,23-7,09/14/1969,Final Rule,Docket 8083,1969-08-01,,97c00a70-713e-45a2-be21-a96f86472e43
Sec. 23.994,23-29,03/26/1984,Final Rule,Docket 16919,1983-12-16,,c72e8f8c-2c58-41a1-8c98-b81d5ba3591d
Sec. 23.995,23-17,02/01/1977,Final Rule,Docket 14324,1976-12-13,,71a1200c-e6b2-412a-ac53-44a3f8981168
Sec. 23.995,Initial,02/01/1965,Final Rule,Docket 4080,1964-09-28,,a8133500-96d1-4c3f-af91-06e12017cbc2
Sec. 23.995,23-29,03/26/1984,Final Rule,Docket 16919,1983-12-16,,ddb3e5d3-ee3d-4102-a030-8af45e701a7c
Sec. 23.995,23-14,12/20/1973,Final Rule,Docket 11011,1973-11-07,,253e9b79-3b87-4e29-9eb0-48b31e258e16
Sec. 23.995,23-18,05/02/1977,Final Rule,"Docket 14606, 14324",1977-03-10,,65bbb5c4-bf94-4513-b138-14e64878c422
Sec. 23.997,23-29,03/26/1984,Final Rule,Docket 16919,1983-12-16,,4b59fb6f-2bf3-41cf-925c-55b5308dbb53
Sec. 23.997,23-7,09/14/1969,Final Rule,Docket 8083,1969-08-01,,fc07c186-7821-47cb-a6e6-75337be082b8
Sec. 23.997,23-15,10/31/1974,Final Rule,Docket 11010,1974-09-20,,289d7f68-c61e-4a94-8bb1-504d82594a27
Sec. 23.997,Initial,02/01/1965,Final Rule,Docket 4080,1964-09-28,,cb897c72-d66d-41b4-ab72-ca269d4e7e6e
Sec. 23.997,23-34,02/17/1987,Final Rule,Docket 23516,1987-01-08,,1672a08e-69b0-4368-a17f-35866204814f
Sec. 23.997,23-43,05/10/1993,Final Rule,Docket 26344,1993-03-29,,0e8c573d-2a9a-45fb-9f2b-363441d79c76
Sec. 23.999,Initial,02/01/1965,Final Rule,Docket 4080,1964-09-28,,b2f0426b-42db-4984-92c8-19d73c2ab53f
Sec. 23.999,23-43,05/10/1993,Final Rule,Docket 26344,1993-03-29,,d6186c40-a9ad-46eb-937b-a3c37c697e91
Sec. 23.999,23-17,02/01/1977,Final Rule,Docket 14324,1976-12-13,,bf76353b-318b-4de4-97cb-3f0d552ac68e
Sec. 23.1001,23-43,05/10/1993,Final Rule,Docket 26344,1993-03-29,,e1677d0b-fff9-4385-9650-daf31a2e9bad
Sec. 23.1001,23-7,09/14/1969,Final Rule,Docket 8083,1969-08-01,,9bec9d96-cf02-495c-a8c3-fcffb046264b
Sec. 23.1001,23-51,03/11/1996,Final Rule,Docket 27804,1996-01-29,,33fdf41b-26f2-410e-89d3-2cc5aa479a55
Sec. 23.1011,23-43,05/10/1993,Final Rule,Docket 26344,1993-03-29,,29ec3353-41d5-4609-ad50-fa289a65eb1b
Sec. 23.1011,Initial,02/01/1965,Final Rule,Docket 4080,1964-09-28,,8e7b615f-aee4-4227-b2f8-cffc33cc8567
Sec. 23.1013,23-43,05/10/1993,Final Rule,Docket 26344,1993-03-29,,61b8108c-fa20-4583-b090-44be8cf756ab
Sec. 23.1013,23-51,03/11/1996,Final Rule,Docket 27804,1996-01-29,,cfbfaf2c-0e9f-4e4e-8508-f7fd7af5d17d
Sec. 23.1013,Initial,02/01/1965,Final Rule,Docket 4080,1964-09-28,,4e5488bd-3e1e-4b2c-b454-8a910f69a870
Sec. 23.1013,23-15,10/31/1974,Final Rule,Docket 11010,1974-09-20,,44b6258b-00bc-4493-b078-47da08c5ceb3
Sec. 23.1015,23-15,10/31/1974,Final Rule,Docket 11010,1974-09-20,,330a9b20-bf6f-4923-895c-bb9cd60009cb
Sec. 23.1015,Initial,02/01/1965,Final Rule,Docket 4080,1964-09-28,,1cf7147c-9c9c-40ea-aa68-f06b3d6731ff
Sec. 23.1017,23-7,09/14/1969,Final Rule,Docket 8083,1969-08-01,,1f70d43a-1a71-4126-bf22-31de432829ae
Sec. 23.1017,23-14,12/20/1973,Final Rule,Docket 11011,1973-11-07,,5fecb3ab-ad18-4aa4-8fd1-0a11766a79b1
Sec. 23.1017,Initial,02/01/1965,Final Rule,Docket 4080,1964-09-28,,baff99cb-a9bc-432d-831f-66296ea92fa2
Sec. 23.1019,23-43,05/10/1993,Final Rule,Docket 26344,1993-03-29,,55c598f5-fbf2-4e7f-b6b2-bf6f83068bf0
Sec. 23.1019,Initial,02/01/1965,Final Rule,Docket 4080,1964-09-28,,6cef3283-4e93-4b97-9b18-6a2619f5ac77
Sec. 23.1019,23-15,10/31/1974,Final Rule,Docket 11010,1974-09-20,,e32bf104-b892-49a7-8d87-5b4e30d69e1d
Sec. 23.1019,23-29,03/26/1984,Final Rule,Docket 16919,1983-12-16,,080fe69a-d1f3-433e-9e44-84fa59f1380d
Sec. 23.1021,Initial,02/01/1965,Final Rule,Docket 4080,1964-09-28,,46b737e2-7f38-4370-873d-1876da432ca0
Sec. 23.1021,23-43,05/10/1993,Final Rule,Docket 26344,1993-03-29,,983a714f-9960-4630-8c4f-cb8411b5ea5e
Sec. 23.1021,23-29,03/26/1984,Final Rule,Docket 16919,1983-12-16,,66cc1016-300e-4244-91a2-9ecc41c15dde
Sec. 23.1023,Initial,02/01/1965,Final Rule,Docket 4080,1964-09-28,,4dcac516-2582-455d-b9e7-d5b0b98ffcd0
Sec. 23.1027,Initial,02/02/1965,Final Rule,Docket 4080,1964-09-28,,fe6a00c5-75db-440d-ae0f-93908e8f96e9
Sec. 23.1027,23-14,12/20/1973,Final Rule,Docket 11011,1973-11-07,,5a47249f-4cd5-46de-bc69-f115962c4060
Sec. 23.1027,23-43,05/10/1993,Final Rule,Docket 26344,1993-03-29,,85e76679-fbc2-4e3f-be5f-d75a619a8ae6
Sec. 23.1041,23-43,05/10/1993,Final Rule,Docket 26344,1993-03-29,,6ecb584b-a693-465c-9241-1471808f2aaa
Sec. 23.1041,Initial,02/01/1965,Final Rule,Docket 4080,1964-09-28,,d8894d43-6407-415c-a3c5-cc6d7a578722
Sec. 23.1041,23-51,03/11/1996,Final Rule,Docket 27804,1996-01-29,,c21228fd-efbb-47f4-bc6e-8e7bbefe5112
Sec. 23.1041,23-7,09/14/1969,Final Rule,Docket 8083,1969-08-01,,eeb21dce-ff80-4da1-88a3-07c832a83254
Sec. 23.1043,23-7,09/14/1969,Final Rule,Docket 8083,1969-08-01,,6cef248a-0cb8-4c85-872a-6a228a904dd4
Sec. 23.1043,23-21,03/01/1978,Final Rule,"Docket 14684, 14324",1978-01-09,,56c68851-f38d-4d58-ba75-0e0f6e67e09c
Sec. 23.1043,23-51,03/11/1996,Final Rule,Docket 27804,1996-01-29,,9833b3df-5bfc-4859-95c6-ef5d65c069d3
Sec. 23.1043,Initial,02/01/1965,Final Rule,Docket 4080,1964-09-28,,86bbc7d6-034d-4778-a114-8c8735cc4b21
Sec. 23.1045,23-7,09/14/1969,Final Rule,Docket 8083,1969-08-01,,f57ef4ce-a662-4213-9677-2fd2d4266bf8
Sec. 23.1045,Initial,02/01/1965,Final Rule,Docket 4080,1964-09-28,,ad6cd271-9b6e-42bf-9592-3cfef18a5d7a
Sec. 23.1045,23-51,03/11/1996,Final Rule,Docket 27804,1996-01-29,,8d58018f-5870-4a53-8de0-9b13f1e9d967
Sec. 23.1047,23-51,03/11/1996,Final Rule,Docket 27804,1996-01-29,,9ca25bdb-a830-4e57-bd63-63043e3d6c47
Sec. 23.1047,23-7,09/14/1969,Final Rule,Docket 8083,1969-08-01,,501ded06-5d71-4b64-8006-873724964b3b
Sec. 23.1047,Initial,02/01/1965,Final Rule,Docket 4080,1964-09-28,,be4ae38b-494b-47aa-b107-31f701752a79
Sec. 23.1047,23-21,03/01/1978,Final Rule,"Docket 14684, 14324",1978-01-09,,2b974a17-0153-4336-97e2-8609a2b57138
Sec. 23.1047,23-43,05/10/1993,Final Rule,Docket 26344,1993-03-29,,d34eaa8c-7281-44a4-b117-deab320160a0
Sec. 23.1047,23-42,02/04/1991,Final Rule,Docket 25811,1990-12-21,,83298c04-74cc-43bc-be85-41587b8140e0
Sec. 23.1061,Initial,02/01/1965,Final Rule,Docket 4080,1964-09-28,,81c387cb-9ce0-4ed8-92cb-8b5e5f31b4f4
Sec. 23.1061,23-43,05/10/1993,Final Rule,Docket 26344,1993-03-29,,f1331f1f-6799-42dc-bf14-6aeb5f32ea64
Sec. 23.1063,Initial,02/01/1965,Final Rule,Docket 4080,1964-09-28,,c9b45395-78d9-40ec-9df4-d6d16b81269e
Sec. 23.1091,23-51,03/11/1996,Final Rule,Docket 27804,1996-01-29,,1a23b0de-cc91-427c-9cfd-749240942b2a
Sec. 23.1091,23-7,09/14/1969,Final Rule,Docket 8083,1969-08-01,,6fb5e1b8-36a8-4c78-bf7e-31bee013873c
Sec. 23.1091,Initial,02/01/1965,Final Rule,Docket 4080,1964-09-28,,591cc447-f556-4df9-8a7a-aa6a42f19ba7
Sec. 23.1091,23-43,05/10/1993,Final Rule,Docket 26344,1993-03-29,,ac4c4d96-8f34-4724-a030-0c2dbd6059b6
Sec. 23.1093,23-7,09/14/1969,Final Rule,Docket 8083,1969-08-01,,014811d8-fa57-4c73-84ed-f6a0f20acd42
Sec. 23.1093,23-51,03/11/1996,Final Rule,Docket 27804,1996-01-29,,645dca16-768c-4b3a-a0dd-ca3be4115d51
Sec. 23.1093,23-18,05/02/1977,Final Rule,"Docket 14606, 14324",1977-03-10,,0009f756-5b92-4f7e-aa93-8d1f1e9f481e
Sec. 23.1093,23-43,05/10/1993,Final Rule,Docket 26344,1993-03-29,,2dd33c53-51e1-44ce-bf04-802b501ff8f2
Sec. 23.1093,23-17,02/01/1977,Final Rule,Docket 14324,1976-12-13,,26d5724e-75ab-491d-bac2-c540dc8bd8ba
Sec. 23.1093,23-29,03/26/1984,Final Rule,Docket 16919,1983-12-16,,00bc2f57-3662-4c05-b6a3-bc7bbfcb9d56
Sec. 23.1093,Initial,02/01/1965,Final Rule,Docket 4080,1964-09-28,,d24f572f-178c-403c-83ee-4492a3e7198d
Sec. 23.1093,23-15,10/31/1974,Final Rule,Docket 11010,1974-09-20,,22dee059-f3dd-4dac-9971-3fe855dc6577
Sec. 23.1095,Initial,02/01/1965,Final Rule,Docket 4080,1964-09-28,,f30147a9-2b3f-401d-85e4-bb3a5408f2c1
Sec. 23.1097,Initial,02/01/1965,Final Rule,Docket 4080,1964-09-28,,7e1be579-58f7-484e-be02-fb90234201b3
Sec. 23.1099,Initial,02/01/1965,Final Rule,Docket 4080,1964-09-28,,f91324e9-2b34-4c85-8f9d-6888012fdaa5
Sec. 23.1101,Initial,02/01/1965,Final Rule,Docket 4080,1964-09-28,,b950aec6-06ea-44f5-9c4e-7d6737bc60b8
Sec. 23.1101,23-43,05/10/1993,Final Rule,Docket 26344,1993-03-29,,adef6bac-ea6b-4b1c-a368-eb7764e8ca64
Sec. 23.1103,23-7,09/14/1969,Final Rule,Docket 8083,1969-08-01,,dc53c5f6-ef68-47db-af99-82cf619c1de5
Sec. 23.1103,23-43,05/10/1993,Final Rule,Docket 26344,1993-03-29,,4cceec45-3d98-4c1f-a435-46d25fd1b9e9
Sec. 23.1103,Initial,02/01/1965,Final Rule,Docket 4080,1964-09-28,,208465a8-4ac5-42ca-a074-1aacc5d4a3a1
Sec. 23.1105,23-51,03/11/1996,Final Rule,Docket 27804,1996-01-29,,0e41c1ee-b23c-4b57-9e6e-1f2b3486fbe3
Sec. 23.1105,Initial,02/01/1965,Final Rule,Docket 4080,1964-09-28,,8b5c3104-0f3f-4271-aae5-d6e5a7e05414
Sec. 23.1107,23-51,03/11/1996,Final Rule,Docket 27804,1996-01-29,,d3c72fd8-3601-4e6f-898d-ad68f8b4dd1d
Sec. 23.1107,23-43,05/10/1993,Final Rule,Docket 26344,1993-03-29,,a2f3bc22-23be-439f-8306-f67340c77c73
Sec. 23.1109,23-42,02/04/1991,Final Rule,Docket 25811,1990-12-21,,eff755c5-4586-44fa-9c43-05341719a579
Sec. 23.1111,23-7,09/14/1969,Final Rule,Docket 8083,1969-08-01,,d4ac6dd4-e6b0-43b5-898f-98393fb269cc
Sec. 23.1111,23-17,02/01/1977,Final Rule,Docket 14324,1976-12-13,,c67cd0a1-5072-4d19-ae98-280a398724b8
Sec. 23.1121,23-43,05/10/1993,Final Rule,Docket 26344,1993-03-29,,caf05013-6504-481a-a02c-fe9acd000d42
Sec. 23.1121,23-51,03/11/1996,Final Rule,Docket 27804,1996-01-29,,465878e6-76f4-403a-90cd-6508ef1a3f09
Sec. 23.1121,23-18,05/02/1977,Final Rule,"Docket 14606, 14324",1977-03-10,,634148fd-81ee-44b3-aafd-894e7b7c39e2
Sec. 23.1121,23-7,09/14/1969,Final Rule,Docket 8083,1969-08-01,,2167b66a-338e-41d0-abbe-ceaafe60f9b5
Sec. 23.1121,Initial,02/01/1965,Final Rule,Docket 4080,1964-09-28,,1e7765b1-7c40-482c-af32-01ca0ec4c216
Sec. 23.1123,23-43,05/10/1993,Final Rule,Docket 26344,1993-03-29,,1291c7d9-4da0-4e42-9097-8c5c47fb0080
Sec. 23.1123,Initial,02/01/1965,Final Rule,Docket 4080,1964-09-28,,304a2c6d-94e0-4561-887e-44cd08afe023
Sec. 23.1125,23-17,02/01/1977,Final Rule,Docket 14324,1976-12-13,,37bb73e9-4195-45ab-bc2b-a1171e0923da
Sec. 23.1125,Initial,02/01/1965,Final Rule,Docket 4080,1964-09-28,,e95aea0e-1149-4a7d-9733-01a53ffc2f57
Sec. 23.1141,23-7,09/14/1969,Final Rule,Docket 8083,1969-08-01,,07d71358-9877-46ac-9973-d41eed5fe783
Sec. 23.1141,23-51,03/11/1996,Final Rule,Docket 27804,1996-01-29,,d9ee76cb-26a3-4728-9f14-87096ab90293
Sec. 23.1141,23-18,05/02/1977,Final Rule,"Docket 14606, 14324",1977-03-10,,70a42e21-f391-4577-bccf-00acee2a396b
Sec. 23.1141,23-14,12/20/1973,Final Rule,Docket 11011,1973-11-07,,f07f997b-1404-4380-8797-8c3f7203cd08
Sec. 23.1141,Initial,02/01/1965,Final Rule,Docket 4080,1964-09-28,,7da46b63-c5ed-41f2-a1c0-20738613f707
Sec. 23.1142,23-43,05/10/1993,Final Rule,Docket 26344,1993-03-29,,8efef956-b2da-455c-9ace-6170ac2612d1
Sec. 23.1143,23-17,02/01/1977,Final Rule,Docket 14324,1976-12-13,,f76ff769-7a19-4b23-8c2d-93a0d3d7bb43
Sec. 23.1143,23-7,09/14/1969,Final Rule,Docket 8083,1969-08-01,,20ae5ba6-b61d-4128-9ad7-c5fa12b72c4f
Sec. 23.1143,23-51,03/11/1996,Final Rule,Docket 27804,1996-01-29,,aacd6db4-8bc4-4e0e-b9d2-970f9e5b8c09
Sec. 23.1143,Initial,02/01/1965,Final Rule,Docket 4080,1964-09-28,,8586c1a0-d5be-4106-ab49-a36fdec29f86
Sec. 23.1143,23-29,03/26/1984,Final Rule,Docket 16919,1983-12-16,,4c2d61e9-f11f-49e6-a551-b65e1d6fa443
Sec. 23.1143,23-43,05/10/1993,Final Rule,Docket 26344,1993-03-29,,2724e883-54d4-4524-b1ac-3b93435c93b0
Sec. 23.1145,23-43,05/10/1993,Final Rule,Docket 26344,1993-03-29,,6f61181d-d0c2-4445-82ca-a36a655d00ee
Sec. 23.1145,23-18,05/02/1977,Final Rule,"Docket 14606, 14324",1977-03-10,,332d2b2b-7e17-48f3-89bb-5d2a4191bbca
Sec. 23.1145,Initial,02/01/1965,Final Rule,Docket 4080,1964-09-28,,51955c2b-f61a-456b-8c29-f4f1f32e60d6
Sec. 23.1147,23-33,08/11/1986,Final Rule,Docket 24191,1986-07-07,,2fe1df85-c32d-4cd0-9b95-609e9d6f8b77
Sec. 23.1147,23-43,05/10/1993,Final Rule,Docket 26344,1993-03-29,,7ab200c2-fc80-4fa4-94b1-9403e2a93fab
Sec. 23.1147,Initial,02/01/1965,Final Rule,Docket 4080,1964-09-28,,e3f5bdfb-fcbc-4ba1-bf04-47abf50b8327
Sec. 23.1147,23-7,09/14/1969,Final Rule,Docket 8083,1969-08-01,,fa96ee96-f16d-4bc7-8a85-3828c7e35765
Sec. 23.1149,Initial,02/01/1965,Final Rule,Docket 4080,1964-09-28,,98fadf45-51af-4d73-9c9e-2425e29638c9
Sec. 23.1153,23-51,03/11/1996,Final Rule,Docket 27804,1996-01-29,,0fcbfa62-1b50-4b21-943c-e2cffb360502
Sec. 23.1153,Initial,02/01/1965,Final Rule,Docket 4080,1964-09-28,,82229ac5-8b2f-47db-8f1f-aaed125ce0b3
Sec. 23.1155,23-7,09/14/1969,Final Rule,Docket 8083,1969-08-01,,be357b1d-2005-4dc7-82e4-1b70f1b37917
Sec. 23.1157,Initial,02/01/1965,Final Rule,Docket 4080,1964-09-28,,4dcf3f06-505a-4f1b-9937-965fe43effbc
Sec. 23.1163,Initial,02/01/1965,Final Rule,Docket 4080,1964-09-28,,1a9a9379-fcc2-4662-af5a-c4816273f4b0
Sec. 23.1163,23-42,02/04/1991,Final Rule,Docket 25811,1990-12-21,,b23473a2-151c-410c-87d6-a410eca9ffa5
Sec. 23.1163,23-29,03/26/1984,Final Rule,Docket 16919,1983-12-16,,4285b872-6411-4cd5-aef7-fdb0a6c1d576
Sec. 23.1163,23-14,12/20/1973,Final Rule,Docket 11011,1973-11-07,,c564dfda-314c-4b58-a982-e21de2aa6c90
Sec. 23.1165,Initial,02/01/1965,Final Rule,Docket 4080,1964-09-28,,a462c662-07dc-4afa-b7ea-de3a4a2f2a65
Sec. 23.1165,23-34,02/17/1987,Final Rule,Docket 23516,1987-01-08,,32cdc0e0-fad0-452e-8b81-eeaf508f1c25
Sec. 23.1165,23-17,02/01/1977,Final Rule,Docket 14324,1976-12-13,,240e46ce-58a5-4853-9f2b-aa30d4e6f226
Sec. 23.1181,23-51,03/11/1996,Final Rule,Docket 27804,1996-01-29,,00812b0f-3d21-457b-8e98-aa8ca80b3dfe
Sec. 23.1181,23-43,05/10/1993,Final Rule,Docket 26344,1993-03-29,,cb041b3e-74ae-4ba3-bfc0-43fdaf5b6af8
Sec. 23.1182,23-14,12/20/1973,Final Rule,Docket 11011,1973-11-07,,8c85f9a1-de3c-4432-8581-0e5f26cc6dc0
Sec. 23.1183,23-15,10/31/1974,Final Rule,Docket 11010,1974-09-20,,f2a91a9d-b4ef-4515-800c-24b910d58fd5
Sec. 23.1183,23-14,12/20/1973,Final Rule,Docket 11011,1973-11-07,,b46f4ca3-2e8e-484c-a456-bbaf54817c0f
Sec. 23.1183,23-51,03/11/1996,Final Rule,Docket 27804,1996-01-29,,20090051-e673-4c81-99de-1044a8cfa3ca
Sec. 23.1183,23-5,06/04/1967,Final Rule,Docket 7095,1967-04-28,,149e8103-0cb5-4433-bc33-d37d16400c26
Sec. 23.1183,23-29,03/26/1984,Final Rule,Docket 16919,1983-12-16,,e6c2df32-3b1f-4d5b-8ece-76e36d8cd3b7
Sec. 23.1183,Initial,02/01/1965,Final Rule,Docket 4080,1964-09-28,,f66db1d1-2eea-4198-805d-30797cb517ba
Sec. 23.1189,23-14,12/20/1973,Final Rule,Docket 11011,1973-11-07,,99934d3a-5d23-4a95-8370-1d30ed0d0906
Sec. 23.1189,23-43,05/10/1993,Final Rule,Docket 26344,1993-03-29,,69eafb0c-1a56-4b82-bc7f-2eb574a9d79f
Sec. 23.1189,23-7,09/14/1969,Final Rule,Docket 8083,1969-08-01,,06223086-73c4-4bb4-b953-7478bba2cfcb
Sec. 23.1189,Initial,02/01/1965,Final Rule,Docket 4080,1964-09-28,,b91f7367-9526-41a7-a684-fc42c923f92e
Sec. 23.1189,23-29,03/26/1984,Final Rule,Docket 16919,1983-12-16,,4e236b32-262d-4988-9182-d7b371c57e6d
Sec. 23.1191,23-43,05/10/1993,Final Rule,Docket 26344,1993-03-29,,10af0fa7-3c29-4815-a595-912cc9a05931
Sec. 23.1191,Initial,02/01/1965,Final Rule,Docket 4080,1964-09-28,,342de6e7-8b4e-4b79-be0b-830f64d9a951
Sec. 23.1191,23-51,03/11/1996,Final Rule,Docket 27804,1996-01-29,,dd15de11-5e29-4731-928e-395be79d5ae5
Sec. 23.1192,23-14,12/20/1973,Final Rule,Docket 11011,1973-11-07,,30882bd1-7ba7-4860-8b07-c5a6fb891648
Sec. 23.1193,23-18,05/02/1977,Final Rule,"Docket 14606, 14324",1977-03-10,,11d55f96-2d93-40db-8ca4-e7b15871bd5a
Sec. 23.1193,Initial,02/01/1965,Final Rule,Docket 4080,1964-09-28,,38b8617a-bd1a-4290-944b-9fda6dff7cd5
Sec. 23.1193,23-34,02/17/1987,Final Rule,Docket 23516,1987-01-08,,6d924861-fcb5-430a-b1a4-9344f966ee2a
Sec. 23.1193,23-43,05/10/1993,Final Rule,Docket 26344,1993-03-29,,805b15b9-18b3-4fb0-802c-17e605dd1b1d
Sec. 23.1195,23-34,02/17/1987,Final Rule,Docket 23516,1987-01-08,,b10e388b-98e3-419f-8663-9bb320ed230c
Sec. 23.1195,23-43,05/10/1993,Final Rule,Docket 26344,1993-03-29,,38437231-fde0-4897-a963-84c5b83f50b5
Sec. 23.1197,23-34,02/17/1987,Final Rule,Docket 23516,1987-01-08,,2f3df8fa-402d-4589-8968-8407fff0eda1
Sec. 23.1199,23-34,02/17/1987,Final Rule,Docket 23516,1987-01-08,,d0b2e7fa-4dbd-4038-8e91-d8cfb9661017
Sec. 23.1201,23-34,02/17/1987,Final Rule,Docket 23516,1987-01-08,,b80468ee-c726-4c18-ae58-e10f9a306f57
Sec. 23.1203,23-18,05/02/1977,Final Rule,"Docket 14606, 14324",1977-03-10,,40a49a8c-f9c1-478e-bf85-b85afcccdd0c
Sec. 23.1203,23-34,02/17/1987,Final Rule,Docket 23516,1987-01-08,,7eb9937c-7187-4778-8dde-a0b858fafb96
Sec. 23.1203,23-43,05/10/1993,Final Rule,Docket 26344,1993-03-29,,e8fc95d2-81d6-4cd2-8bb4-886c782bce28
Sec. 23.1203,23-51,03/11/1996,Final Rule,Docket 27804,1996-01-29,,bd204468-afd2-4387-ba74-a5259f16be09
Sec. 23.1301,23-7,09/14/1969,Final Rule,Docket 8083,1969-08-01,,ceee3ddf-768a-4b95-955a-fb7b1a7fdf41
Sec. 23.1301,23-20,09/01/1977,Final Rule,Docket 14625,1977-07-11,,f5163db3-ced3-4212-8bf8-bd6a75e11298
Sec. 23.1301,23-14,12/20/1973,Final Rule,Docket 11011,1973-11-07,,3d4a5552-7e1d-4757-8c90-3d0d9aa874b9
Sec. 23.1301,Initial,02/01/1965,Final Rule,Docket 4080,1964-09-28,,3119759c-4f81-404f-859c-e20483d53f70
Sec. 23.1303,Initial,02/01/1965,Final Rule,Docket 4080,1964-09-28,,62a6ef23-4838-4494-a911-2a5571a19084
Sec. 23.1303,23-17,02/01/1977,Final Rule,Docket 14324,1976-12-13,,3d700ed7-d87e-48f9-86c7-9adf21ca47fc
Sec. 23.1303,23-43,05/10/1993,Final Rule,Docket 26344,1993-03-29,,2aac219d-a1e9-4758-bc3e-8913daa31f02
Sec. 23.1303,23-49,03/11/1996,Final Rule,Docket 27806,1996-01-29,,e4821950-881a-453b-b266-b2def9e05047
Sec. 23.1305,23-43,05/10/1993,Final Rule,Docket 26344,1993-03-29,,055136b3-3633-4ff7-a4b9-4211676e437d
Sec. 23.1305,23-7,09/14/1969,Final Rule,Docket 8083,1969-08-01,,bb66e7a7-7846-42a9-a5c1-374fc49d1cde
Sec. 23.1305,23-52,07/25/1996,Final Rule,Docket 28011,1996-03-21,,f8284213-b838-44c1-9260-958387db1ad0
Sec. 23.1305,23-15,10/31/1974,Final Rule,Docket 11010,1974-09-20,,17d4b147-9bd4-4ba6-83cc-216392508524
Sec. 23.1305,23-18,05/02/1977,Final Rule,"Docket 14606, 14324",1977-03-10,,a0390753-7813-4516-9a82-4ca066ac74f4
Sec. 23.1305,Initial,02/01/1965,Final Rule,Docket 4080,1964-09-28,,13921dd9-b385-4348-af45-12f406759ba6
Sec. 23.1305,23-51,03/11/1996,Final Rule,Docket 27804,1996-01-29,,f7ce8fd1-04d4-455a-8041-710bbacb9751
Sec. 23.1305,23-26,10/14/1980,Final Rule,"Docket 14779, 14324",1980-08-27,,2dcfd682-88c3-4933-8c12-376d914035d1
Sec. 23.1305,23-14,12/20/1973,Final Rule,Docket 11011,1973-11-07,,70956cb3-8dd1-42a3-8c27-832c798a1307
Sec. 23.1305,23-34,02/17/1987,Final Rule,Docket 23516,1987-01-08,,6462b7e4-d902-487e-9fa9-c75731057cc1
Sec. 23.1307,23-49,03/11/1996,Final Rule,Docket 27806,1996-01-29,,749270c3-d895-4685-938d-b00bd3eb4720
Sec. 23.1307,Initial,02/01/1965,Final Rule,Docket 4080,1964-09-28,,eee7ef6f-40b4-4322-99fe-def1feeabfbc
Sec. 23.1307,23-43,05/10/1993,Final Rule,Docket 26344,1993-03-29,,85d64072-3cd7-4134-b5dd-27695f3500ae
Sec. 23.1307,23-19,07/18/1977,Final Rule,Docket 10162,1977-06-09,,f88fa8fa-1d56-4909-b25e-bef66a10a0f4
Sec. 23.1307,23-23,12/01/1978,Final Rule,"Docket 14324, 14606, 14625, 14685, 14779",1978-10-20,,6661bd4a-4549-479c-a28c-484f51d093fc
Sec. 23.1308,23-57,09/05/2007,Final Rule,Docket 2006,2007-07-30,,3680e044-c34a-4913-821a-69bad16be130
Sec. 23.1309,23-14,12/20/1973,Final Rule,Docket 11011,1973-11-07,,1fd10b8c-0f2b-4a59-95ad-c921687f0617
Sec. 23.1309,23-41,11/26/1990,Final Rule,Docket 25812,1990-10-22,,d59a92a5-68ee-4a4f-965d-851d068e0af9
Sec. 23.1309,23-34,02/17/1987,Final Rule,Docket 23516,1987-01-08,,90ddd30c-503f-4078-941a-950a29e334f0
Sec. 23.1309,23-49,03/11/1996,Final Rule,Docket 27806,1996-01-29,,61042056-7bd8-4b1e-bad2-1ec71f39835b
Sec. 23.1309,23-17,02/01/1977,Final Rule,Docket 14324,1976-12-13,,0b727d6a-5bad-4c6c-926b-d926911ae3ad
Sec. 23.1311,23-49,03/11/1996,Final Rule,Docket 27806,1996-01-29,,2c30abb3-ae29-46df-b0fa-7e73c545dc04
Sec. 23.1311,23-41,11/26/1990,Final Rule,Docket 25812,1990-10-22,,7d0a32f5-c2e5-4a68-80f3-8cd659f32d3e
Sec. 23.1321,23-49,03/11/1996,Final Rule,Docket 27806,1996-01-29,,207e9521-526b-439c-8c96-038fcf76f687
Sec. 23.1321,23-20,09/01/1977,Final Rule,Docket 14625,1977-07-11,,c171e7bb-4587-4ea1-acd3-7f07000ea966
Sec. 23.1321,23-41,11/26/1990,Final Rule,Docket 25812,1990-10-22,,c72a7513-a01a-4a8c-8161-98459426b9c7
Sec. 23.1321,23-14,12/20/1973,Final Rule,Docket 11011,1973-11-07,,584e12b8-2953-46ff-b4b0-2b8f0402d565
Sec. 23.1321,Initial,02/01/1965,Final Rule,Docket 4080,1964-09-28,,377e962e-9dde-49f9-945e-24450ea02153
Sec. 23.1322,23-17,02/01/1977,Final Rule,Docket 14324,1976-12-13,,6877335c-2d84-4e3f-866c-620d470c7290
Sec. 23.1322,23-43,05/10/1993,Final Rule,Docket 26344,1993-03-29,,9b33f373-eb51-40b7-8514-22c81dc25fac
Sec. 23.1323,Initial,02/01/1965,Final Rule,Docket 4080,1964-09-28,,27e69ac6-070d-4e20-a935-67dbfeafcb6c
Sec. 23.1323,23-42,02/04/1991,Final Rule,Docket 25811,1990-12-21,,ecf1be0c-79c3-41b1-b0a4-113ca8d731cf
Sec. 23.1323,23-20,09/01/1977,Final Rule,Docket 14625,1977-07-11,,a88316d4-150d-40af-a65f-bf73991d050c
Sec. 23.1323,23-49,03/11/1996,Final Rule,Docket 27806,1996-01-29,,dd98c563-53b7-4c2d-8af4-8cce92271846
Sec. 23.1323,23-34,02/17/1987,Final Rule,Docket 23516,1987-01-08,,eee6b8d5-d0f8-4406-9029-e49daaceef9e
Sec. 23.1323,23-7,09/14/1969,Final Rule,Docket 8083,1969-08-01,,305f2318-3317-43da-b804-8967135e2a24
Sec. 23.1325,Initial,02/01/1965,Final Rule,Docket 4080,1964-09-28,,5667ccac-15ca-492a-9064-370f315b6fa1
Sec. 23.1325,23-6,08/01/1967,Final Rule,Docket 7831,1967-05-16,,f166583f-595a-46f7-8617-0447d93c92eb
Sec. 23.1325,23-1,07/29/1965,Final Rule,Docket 1186,1965-06-21,,2ac023ad-5117-474c-84ee-3ac32139e140
Sec. 23.1325,23-20,09/01/1977,Final Rule,Docket 14625,1977-07-11,,25a15ef9-84b2-40ea-94b9-574119f61f58
Sec. 23.1325,23-42,02/04/1991,Final Rule,Docket 25811,1990-12-21,,d73152bc-7fab-4f60-bf59-1879499f7c9c
Sec. 23.1325,23-50,03/12/1996,Final Rule,Docket 27807,1996-01-29,,f172f519-455c-46b1-9fe0-a98642fb9d29
Sec. 23.1325,23-34,02/17/1987,Final Rule,Docket 23516,1987-01-08,,da64c2a8-2abe-409c-af40-c49b06df7adb
Sec. 23.1325,23-49,03/11/1996,Final Rule,Docket 27806,1996-01-29,,868d53f1-c430-470c-9814-743d3a95db3a
Sec. 23.1326,23-49,03/11/1996,Final Rule,Docket 27806,1996-01-29,,e5699d21-51eb-4850-b9cf-0938014dd10c
Sec. 23.1327,23-20,09/01/1977,Final Rule,Docket 14625,1977-07-11,,c411e4a4-e91b-4143-ad92-e53c90c2aafd
Sec. 23.1327,Initial,02/01/1965,Final Rule,Docket 4080,1964-09-28,,2c9aa2c7-e9e5-40f3-8ace-1e03a26c42f9
Sec. 23.1329,23-49,03/11/1996,Final Rule,Docket 27806,1996-01-29,,c8e8644e-d188-4a4c-ae61-36ed7d041e16
Sec. 23.1329,23-43,05/10/1993,Final Rule,Docket 26344,1993-03-29,,3f226039-6a00-4055-a7d0-965fb22ab31f
Sec. 23.1329,23-23,12/01/1978,Final Rule,"Docket 14324, 14606, 14625, 14685, 14779",1978-10-20,,f803520c-4015-48fe-87de-48e656d82191
Sec. 23.1329,Initial,02/01/1965,Final Rule,Docket 4080,1964-09-28,,c097599e-1125-4e35-b332-dd39dfd90f2f
Sec. 23.1331,Initial,02/01/1965,Final Rule,Docket 4080,1964-09-28,,0ade7552-51f7-4bc1-acc6-d9d726c9ae2f
Sec. 23.1331,23-43,05/10/1993,Final Rule,Docket 26344,1993-03-29,,76913485-bac6-418e-81b9-2b196cb6550c
Sec. 23.1335,Initial,02/01/1965,Final Rule,Docket 4080,1964-09-28,,56981b2a-5aeb-41cc-b2c4-0db62d41f753
Sec. 23.1335,23-20,09/01/1977,Final Rule,Docket 14625,1977-07-11,,0f807401-e33c-4d66-a195-96d2902f36a8
Sec. 23.1337,Initial,02/01/1965,Final Rule,Docket 4080,1964-09-28,,99760f1e-b059-46a7-b33d-1fb8eb61038a
Sec. 23.1337,23-49,03/11/1996,Final Rule,Docket 27806,1996-01-29,,e266be95-978e-4f7e-acfc-cb4486ea8216
Sec. 23.1337,23-18,05/02/1977,Final Rule,"Docket 14606, 14324",1977-03-10,,58b14650-7016-4c49-aab0-897a832734c8
Sec. 23.1337,23-7,09/14/1969,Final Rule,Docket 8083,1969-08-01,,fa887039-c598-4a96-bf36-41d7894f3b13
Sec. 23.1337,23-43,05/10/1993,Final Rule,Docket 26344,1993-03-29,,83ac2aea-244f-4b63-9a4c-d46d423fa622
Sec. 23.1337,23-51,03/12/1996,Final Rule,Docket 27804,1996-01-29,,cd00d6e8-7560-4d0b-9678-dc82fae2b399
Sec. 23.1351,23-34,02/17/1987,Final Rule,Docket 23516,1987-01-08,,3ed3f9c2-9551-4c96-84f5-d27e577fcc13
Sec. 23.1351,23-7,09/14/1969,Final Rule,Docket 8083,1969-08-01,,696ea85b-159c-4b66-b37b-414001051f6f
Sec. 23.1351,23-14,12/20/1973,Final Rule,Docket 11011,1973-11-07,,fe3be904-01dd-4186-a385-13be94a2f612
Sec. 23.1351,23-17,02/01/1977,Final Rule,Docket 14324,1976-12-13,,c60f107a-a64c-4b0a-9775-a0202c99a7ea
Sec. 23.1351,23-20,09/01/1977,Final Rule,Docket 14625,1977-07-11,,4e2821af-a8a8-4998-b57f-6da94a38ff30
Sec. 23.1351,Initial,02/01/1965,Final Rule,Docket 4080,1964-09-28,,478e8abb-e6ff-493a-b0ea-102637a282ab
Sec. 23.1351,23-49,03/11/1996,Final Rule,Docket 27806,1996-01-29,,26d15032-8c8b-4901-bb07-22a3f327b18c
Sec. 23.1351,23-43,05/10/1993,Final Rule,Docket 26344,1993-03-29,,c67f3098-9534-45a0-8b2f-634b90166266
Sec. 23.1353,23-20,09/01/1977,Final Rule,Docket 14625,1977-07-11,,cd5db9f5-bdd3-4a59-a63d-94843688d33e
Sec. 23.1353,23-21,03/01/1978,Final Rule,"Docket 14684, 14324",1978-01-09,,d3c58806-6164-4446-847f-f533db2b34e0
Sec. 23.1353,23-49,03/11/1996,Final Rule,Docket 27806,1996-01-29,,4eb3846f-83c4-4fb0-aed3-4603c1ce36ff
Sec. 23.1353,Initial,02/01/1965,Final Rule,Docket 4080,1964-09-28,,56addbed-1b25-4901-898e-667f23f6ed6c
Sec. 23.1357,23-43,05/10/1993,Final Rule,Docket 26344,1993-03-29,,5382ba3b-f202-42a1-bc7a-a44e40c3fec7
Sec. 23.1357,Initial,02/01/1965,Final Rule,Docket 4080,1964-09-28,,c3333eb1-63d1-406c-a05a-8dcfefaeaff6
Sec. 23.1357,23-20,09/01/1977,Final Rule,Docket 14625,1977-07-11,,a1131e13-c27d-41bb-a872-dd1af2f12d06
Sec. 23.1359,23-49,03/11/1996,Final Rule,Docket 27806,1996-01-29,,35598611-cf6f-4d9c-8989-cbaafa3a8b72
Sec. 23.1361,23-49,03/11/1996,Final Rule,Docket 27806,1996-01-29,,15dd4700-39e6-484d-a10a-d568c2ad7456
Sec. 23.1361,23-20,09/01/1977,Final Rule,Docket 14625,1977-07-11,,c9426747-0804-4018-9ebd-1b5d0292c5eb
Sec. 23.1361,23-43,05/10/1993,Final Rule,Docket 26344,1993-03-29,,74e3da9a-05a6-4be0-8e63-a6d8b3c83d91
Sec. 23.1361,Initial,02/01/1965,Final Rule,Docket 4080,1964-09-28,,fddf54ba-e942-44ac-8bbe-6ef53d55a690
Sec. 23.1365,Initial,02/01/1965,Final Rule,Docket 4080,1964-09-28,,e369d077-e419-4977-9541-1dddbcb43143
Sec. 23.1365,23-14,12/20/1973,Final Rule,Docket 11011,1973-11-07,,da840287-c12a-4a27-9b11-5d7be30e583e
Sec. 23.1365,23-43,05/10/1993,Final Rule,Docket 26344,1993-03-29,,1389d4bd-13c6-4fd5-954f-03d0853f1c5f
Sec. 23.1365,23-49,03/11/1996,Final Rule,Docket 27806,1996-01-29,,74a2e215-d727-4666-81f7-5bcf1680d3da
Sec. 23.1367,Initial,02/01/1965,Final Rule,Docket 4080,1964-09-28,,ab302f5f-b569-4eb7-9d1c-182c288ffdaf
Sec. 23.1381,Initial,02/01/1965,Final Rule,Docket 4080,1964-09-28,,aa374fef-7532-4783-a8ec-b30a2accb0d5
Sec. 23.1383,Initial,02/01/1965,Final Rule,Docket 4080,1964-09-28,,4a574465-f499-4544-8680-5510c50e31c8
Sec. 23.1383,23-49,03/11/1996,Final Rule,Docket 27806,1996-01-29,,bc091496-e84f-484a-9972-92c8feae623f
Sec. 23.1385,Initial,02/01/1965,Final Rule,Docket 4080,1964-09-28,,9d16e5a2-ff4f-42ce-8653-cd11c3cd70e3
Sec. 23.1385,23-43,05/10/1993,Final Rule,Docket 26344,1993-03-29,,a7c20b3b-78f1-4a3b-900b-96f494c27cf9
Sec. 23.1385,23-17,02/01/1977,Final Rule,Docket 14324,1976-12-13,,286001a4-6558-461c-901f-7096b8392ce2
Sec. 23.1387,Initial,02/01/1965,Final Rule,Docket 4080,1964-09-28,,bff88871-13b9-44bc-b92d-a7f572bbabe0
Sec. 23.1387,23-43,05/10/1993,Final Rule,Docket 26344,1993-03-29,,99d6babf-c6e6-41fa-9066-0dbf886df438
Sec. 23.1387,23-12,11/05/1971,Final Rule,Docket 11479,1971-10-28,,a9f08129-cf0c-414b-8eb2-8d790e804c9b
Sec. 23.1389,23-43,05/10/1993,Final Rule,Docket 26344,1993-03-29,,a58a117c-df03-4082-bda7-8146d4a1af9b
Sec. 23.1389,Initial,02/01/1965,Final Rule,Docket 4080,1964-09-28,,bb9549af-eae8-483d-9da8-46687eb96069
Sec. 23.1391,Initial,02/01/1965,Final Rule,Docket 4080,1964-09-28,,03a91c93-ae04-4cd2-9ced-c207ef132199
Sec. 23.1391,23-43,05/10/1993,Final Rule,Docket 26344,1993-03-29,,50654bfc-4223-43d3-9b25-767563cd0509
Sec. 23.1393,23-43,05/10/1993,Final Rule,Docket 26344,1993-03-29,,25f1db41-7cbb-4191-9d43-ec87ce0fbfac
Sec. 23.1393,Initial,02/01/1965,Final Rule,Docket 4080,1964-09-28,,55a24014-55fc-4ef8-9d35-11ab2bdfa5f4
Sec. 23.1395,Initial,02/01/1965,Final Rule,Docket 4080,1964-09-28,,c055ffcb-5ede-4bc0-88da-5e83546309f6
Sec. 23.1395,23-43,05/10/1993,Final Rule,Docket 26344,1993-03-29,,acbeec9c-f040-4a65-a613-e6b6fa8e7d7d
Sec. 23.1397,23-11,08/11/1971,Final Rule,Docket 10129,1971-07-01,,79f95707-6acc-4528-8f9f-aca57427f9b0
Sec. 23.1397,Initial,02/01/1965,Final Rule,Docket 4080,1964-09-28,,ccc8cde7-ae17-4415-b536-b00ade77a6df
Sec. 23.1399,Initial,02/01/1965,Final Rule,Docket 4080,1964-09-28,,97a95b7d-05b9-4a22-80b7-34b7a68d298b
Sec. 23.1401,23-20,09/01/1977,Final Rule,Docket 14625,1977-07-11,,bf6f7ca1-a663-40a8-96de-6dae9b7ee09c
Sec. 23.1401,23-11,08/11/1971,Final Rule,Docket 10129,1971-07-01,,205ede1c-732f-4b7d-b87f-57a014105919
Sec. 23.1401,Initial,02/01/1965,Final Rule,Docket 4080,1964-09-28,,7f544843-8d45-4cba-9e28-04a33f3d2a41
Sec. 23.1401,23-49,03/11/1996,Final Rule,Docket 27806,1996-01-29,,deb467d8-3cf9-452b-92fa-20717c3cb36e
Sec. 23.1411,Initial,02/01/1965,Final Rule,Docket 4080,1964-09-28,,d9673272-f313-4c4b-b083-1ce5197dc7ad
Sec. 23.1411,23-36,09/14/1988,Final Rule,Docket 25147,1988-08-08,,2892e01c-8dc1-423a-85c0-974ac34d7e2c
Sec. 23.1411,23-17,02/01/1977,Final Rule,Docket 14324,1976-12-13,,c8693983-6943-4a2d-801e-0d0e54ef9ad6
Sec. 23.1413,23-49,03/11/1996,Final Rule,Docket 27806,1996-01-29,,c35d96bd-4c12-4a54-ba5a-bc4b6e26d825
Sec. 23.1413,23-22,12/14/1978,Final Rule,Docket 17154,1978-09-28,,70622bb1-2b10-42fe-b8cf-490efbb87483
Sec. 23.1413,Initial,02/01/1965,Final Rule,Docket 4080,1964-09-28,,4e868b05-5613-457c-901d-c25288d6a0dc
Sec. 23.1413,23-36,09/14/1988,Final Rule,Docket 25147,1988-08-08,,e0307758-ef31-423b-847a-1d79413e363a
Sec. 23.1413,23-7,09/14/1969,Final Rule,Docket 8083,1969-08-01,,68cc2a92-ac78-431f-8445-855b595388fe
Sec. 23.1415,Initial,02/01/1965,Final Rule,Docket 4080,1964-09-28,,a23dcc6a-5dae-48d3-b97b-1eec726d2fce
Sec. 23.1416,23-23,12/01/1978,Final Rule,"Docket 14324, 14606, 14625, 14685, 14779",1978-10-20,,5d01145a-5d96-4e9c-9cee-d3b0053b53c6
Sec. 23.1419,Initial,02/01/1965,Final Rule,Docket 4080,1964-09-28,,3741c0dc-567a-418a-aa39-eea39eb50504
Sec. 23.1419,23-14,12/20/1973,Final Rule,Docket 11011,1973-11-07,,f3c45585-5859-41ba-af75-cfac316fbbb6
Sec. 23.1419,23-43,05/10/1993,Final Rule,Docket 26344,1993-03-29,,dd852d06-a309-421c-a825-1324525cb211
Sec. 23.1431,23-49,03/11/1996,Final Rule,Docket 27806,1996-01-29,,7b3529f1-1e7e-4b93-b2b7-ca1cdb365aa5
Sec. 23.1431,Initial,02/01/1965,Final Rule,Docket 4080,1964-09-28,,354a30f5-19b6-466a-82ed-1b2d7c61b905
Sec. 23.1431,23-43,05/10/1993,Final Rule,Docket 26344,1993-03-29,,4a1b5af1-8a05-486f-9e5a-f082419e2fa3
Sec. 23.1435,23-7,09/14/1969,Final Rule,Docket 8083,1969-08-01,,e541b3fc-cc84-4e21-9493-c6707f5f9d03
Sec. 23.1435,23-49,03/11/1996,Final Rule,Docket 27806,1996-01-29,,da114d65-759a-4354-9d51-d78a0586189e
Sec. 23.1435,Initial,02/01/1965,Final Rule,Docket 4080,1964-09-28,,67260e07-e348-4833-8869-8f81d4e8333c
Sec. 23.1435,23-14,12/20/1973,Final Rule,Docket 11011,1973-11-07,,a33acef6-a408-407b-aafa-76b509a9da5d
Sec. 23.1435,23-43,05/10/1993,Final Rule,Docket 26344,1993-03-29,,606526c7-7489-4a2d-a56d-0c94c8e125ed
Sec. 23.1437,Initial,02/01/1965,Final Rule,Docket 4080,1964-09-28,,07ce3c9f-0a51-4d51-bc82-f80ad52e6bef
Sec. 23.1438,23-20,09/01/1977,Final Rule,Docket 14625,1977-07-11,,11132148-3e1a-43a9-ab3e-4ef46b26ba89
Sec. 23.1441,23-43,05/10/1993,Final Rule,Docket 26344,1993-03-29,,b960a245-1675-4d5a-866a-ea2ad1c63009
Sec. 23.1441,23-9,06/17/1970,Final Rule,Docket 8281,1970-04-13,,aef2264d-1d11-4eb2-a7ee-e2c25df32f43
Sec. 23.1443,23-43,05/10/1993,Final Rule,Docket 26344,1993-03-29,,12ff30f6-8147-4614-b022-a84fc3785ec3
Sec. 23.1443,23-9,06/17/1970,Final Rule,Docket 8281,1970-04-13,,94bd6b82-e755-4a4e-b0c7-165201d70bc2
Sec. 23.1445,23-43,05/10/1993,Final Rule,Docket 26344,1993-03-29,,ea991b6a-7c6f-4f3f-9f70-4fa1db567f3a
Sec. 23.1447,23-30,03/29/1984,Final Rule,Docket 21571,1984-01-31,,4d00b074-e27b-48d2-95f6-1a2c71d18fb0
Sec. 23.1447,23-20,09/01/1977,Final Rule,Docket 14625,1977-07-11,,847cb844-f621-4a51-981a-e809039378f9
Sec. 23.1447,23-43,05/10/1993,Final Rule,Docket 26344,1993-03-29,,8b64d91c-00d1-4f1c-9c24-2c6d114989e6
Sec. 23.1447,23-9,06/17/1970,Final Rule,Docket 8281,1970-04-13,,4130e05f-af5a-4a6a-ab02-63ca5ad6007f
Sec. 23.1447,23-49,03/11/1996,Final Rule,Docket 27806,1996-01-29,,1047e260-39fd-4c73-b27b-b0215f1e59e8
Sec. 23.1449,23-9,06/17/1970,Final Rule,Docket 8281,1970-04-13,,f37f2207-3b41-4aaf-9b5f-505b6bea29f8
Sec. 23.1450,23-20,09/01/1977,Final Rule,Docket 14625,1977-07-11,,6c327ebd-2064-4feb-b62f-c86afd05b78e
Sec. 23.1451,23-49,03/11/1996,Final Rule,Docket 27806,1996-01-29,,ae92db4a-6957-419f-9bbd-daa7c31f9b48
Sec. 23.1453,23-49,03/11/1996,Final Rule,Docket 27806,1996-01-29,,039f96eb-4544-41ca-9d48-c42cd2abddea
Sec. 23.1457,23-35,10/11/1988,Final Rule,Docket 25530,1988-06-30,,49749914-8410-4d0d-8aef-c1f8e6ad27c0
Sec. 23.1457,23-58,07/09/2009,Final Rule,Docket 25530,1988-06-30,,fcecb1ef-bc24-4f7c-8b7f-6e729a4e134a
Sec. 23.1457,23-58,07/09/2009,Final Rule,Docket 2005,2008-02-19,,fcecb1ef-bc24-4f7c-8b7f-6e729a4e134a
Sec. 23.1457,23-58,07/09/2009,Final Rule; correction,Docket FAA-2005-20245,2009-07-09,,fcecb1ef-bc24-4f7c-8b7f-6e729a4e134a
Sec. 23.1457,23-58,04/07/2008,Final Rule,Docket 25530,1988-06-30,,49084bbe-107b-402d-a5f6-8dd125749746
Sec. 23.1457,23-58,04/07/2008,Final Rule,Docket 2005,2008-02-19,,49084bbe-107b-402d-a5f6-8dd125749746
Sec. 23.1459,23-35,10/11/1988,Final Rule,Docket 25530,1988-06-30,,771b269c-1154-44ee-99fb-620d5be6af1b
Sec. 23.1459,23-58,04/07/2008,Final Rule,Docket 25530,1988-06-30,,01febd5f-98c7-407e-b945-b024e4e8b378
Sec. 23.1459,23-58,04/07/2008,Final Rule,Docket 2005,2008-02-19,,01febd5f-98c7-407e-b945-b024e4e8b378
Sec. 23.1459,23-58,07/09/2009,Final Rule,Docket 25530,1988-06-30,,de059537-a2d4-4756-812b-2f0515282438
Sec. 23.1459,23-58,07/09/2009,Final Rule,Docket 2005,2008-02-19,,de059537-a2d4-4756-812b-2f0515282438
Sec. 23.1461,23-49,03/11/1996,Final Rule,Docket 27806,1996-01-29,,bb1b6f8f-c6bc-4bf0-92f1-d93b00870d8a
Sec. 23.1461,23-20,09/01/1977,Final Rule,Docket 14625,1977-07-11,,831cbeb1-4056-4f6c-a900-558e7272eb82
Sec. 23.1501,Initial,02/01/1965,Final Rule,Docket 4080,1964-09-28,,fbeba747-4af1-4fd0-8f24-1d1261191f84
Sec. 23.1501,23-7,09/14/1969,Final Rule,Docket 8083,1969-08-01,,fe9a2f90-848c-4774-9bc3-e4b4c3f7cd75
Sec. 23.1501,23-21,03/01/1978,Final Rule,"Docket 14684, 14324",1978-01-09,,110ad923-b0a0-496d-8403-900470bfd1db
Sec. 23.1505,23-7,09/14/1969,Final Rule,Docket 8083,1969-08-01,,13009508-b49f-45d0-8dd2-7df46f9231ef
Sec. 23.1505,Initial,02/01/1965,Final Rule,Docket 4080,1964-09-28,,d2a15cc0-aebe-40bf-a838-c5e319c654ef
Sec. 23.1507,Initial,02/01/1965,Final Rule,Docket 4080,1964-09-28,,69300651-15db-4272-a3d9-dc5d9b7ce939
Sec. 23.1507,23-45,09/07/1993,Final Rule,Docket 26269,1993-07-28,,ece3d27e-e735-41c3-9fc9-e0f52760ed97
Sec. 23.1511,23-50,03/11/1996,Final Rule,Docket 27807,1996-01-29,,36da1063-28d2-4aca-99b7-214b56fc2dad
Sec. 23.1511,Initial,02/01/1965,Final Rule,Docket 4080,1964-09-28,,e23d25b6-c9ce-47f0-a2e1-fe0cdfac09e4
Sec. 23.1513,Initial,02/01/1965,Final Rule,Docket 4080,1964-09-28,,6390ae4e-0ca5-4039-b16b-8b7498aadf8e
Sec. 23.1519,Initial,02/01/1965,Final Rule,Docket 4080,1964-09-28,,8c83fa62-9acb-4522-8cd0-246c295940e3
Sec. 23.1521,Initial,02/01/1965,Final Rule,Docket 4080,1964-09-28,,e6cb25bc-2140-480d-8811-e8e5b8c777f3
Sec. 23.1521,23-50,03/11/1996,Final Rule,Docket 27807,1996-01-29,,1e63ef84-4d5f-480b-a50f-f74241cf5582
Sec. 23.1521,23-45,09/07/1993,Final Rule,Docket 26269,1993-07-28,,a59c8ca3-075a-4126-964b-86acd594681e
Sec. 23.1521,23-21,03/01/1978,Final Rule,"Docket 14684, 14324",1978-01-09,,6164bb1d-6315-4915-8ede-933697d3230f
Sec. 23.1522,23-45,09/07/1993,Final Rule,Docket 26269,1993-07-28,,1426ff3b-f2b6-4554-84bd-8d290bfa3215
Sec. 23.1523,23-34,02/17/1987,Final Rule,Docket 23516,1987-01-08,,e97f04ff-2273-4153-aee8-549029249e1a
Sec. 23.1523,Initial,02/01/1965,Final Rule,Docket 4080,1964-09-28,,2e773c55-92e0-4d70-abeb-a4cfa09e0907
Sec. 23.1523,23-21,03/01/1978,Final Rule,"Docket 14684, 14324",1978-01-09,,f03c9b77-8199-441f-8d7e-681531f2ab6a
Sec. 23.1524,23-10,03/13/1971,Final Rule,Docket 10405,1971-02-05,,060cb102-7be0-45d6-9381-162d707f5c6f
Sec. 23.1525,Initial,02/01/1965,Final Rule,Docket 4080,1964-09-28,,7ecf49b4-1669-4903-9f15-2a23e80caba4
Sec. 23.1525,23-45,09/07/1993,Final Rule,Docket 26269,1993-07-28,,bc46c0cd-175b-4b41-8926-152185178061
Sec. 23.1527,23-45,09/07/1993,Final Rule,Docket 26269,1993-07-28,,d53927a6-682b-41a8-a2d9-695d5ee0b13a
Sec. 23.1527,23-7,09/14/1969,Final Rule,Docket 8083,1969-08-01,,be5f415b-9cc2-4604-8e1d-5bda2a914706
Sec. 23.1529,23-26,10/14/1980,Final Rule,"Docket 14779, 14324",1980-08-27,,70660f40-f253-48d3-8e19-595a45841a65
Sec. 23.1529,23-8,02/05/1970,Final Rule,Docket 9485,1969-12-31,,2155edcf-a3c3-4e7e-9082-5252be09a111
Sec. 23.1541,Initial,02/01/1965,Final Rule,Docket 4080,1964-09-28,,d2065b10-4942-4d80-98b0-b4da124e8252
Sec. 23.1541,23-21,03/01/1978,Final Rule,"Docket 14684, 14324",1978-01-09,,bb52ff84-8c28-4965-84a8-eed96b48e44e
Sec. 23.1541,23-13,10/23/1972,Final Rule,Docket 9826,1972-09-19,,9f9019a2-f559-4c40-9943-8fb41af971b6
Sec. 23.1543,Initial,02/01/1965,Final Rule,Docket 4080,1964-09-28,,931b631a-016d-4252-815e-f8b68f4ce4cf
Sec. 23.1543,23-50,03/11/1996,Final Rule,Docket 27807,1996-01-29,,a29e1817-f7cf-41a8-8fc7-abb8310f4d4e
Sec. 23.1545,23-23,12/01/1978,Final Rule,"Docket 14324, 14606, 14625, 14685, 14779",1978-10-20,,ebdd60dc-c6ab-4174-bdcb-91df0969468c
Sec. 23.1545,23-50,03/11/1996,Final Rule,Docket 27807,1996-01-29,,a861f5bb-01c1-4f2f-802b-6aef137a8cda
Sec. 23.1545,Initial,02/01/1965,Final Rule,Docket 4080,1964-09-28,,c9fb3c38-6e5b-4be9-bbe5-174a35ea50f7
Sec. 23.1545,23-7,09/14/1969,Final Rule,Docket 8083,1969-08-01,,334ebd78-30e4-420f-9bb0-8ed82c621de9
Sec. 23.1545,23-3,11/11/1965,Final Rule,Docket 7012,1965-11-04,,88748be4-94f9-491a-80ab-58df0ffaeb1d
Sec. 23.1547,Initial,02/01/1965,Final Rule,Docket 4080,1964-09-28,,71921077-76b6-4962-88a6-c7a4bb162aea
Sec. 23.1547,23-20,09/01/1977,Final Rule,Docket 14625,1977-07-11,,dbbb014b-c33d-4c88-90f4-4cda975ceda9
Sec. 23.1549,23-28,04/28/1982,Final Rule,Docket 21129,1982-02-26,,9cb2c4ad-054d-4731-80a0-bf0dab7a3aac
Sec. 23.1549,23-45,09/07/1993,Final Rule,Docket 26269,1993-07-28,,89816336-720c-4494-8407-452b3e13688c
Sec. 23.1549,23-17,02/01/1977,Final Rule,Docket 14324,1976-12-13,,7b222d68-a6e0-453e-a0c7-d8566111efed
Sec. 23.1549,Initial,02/01/1965,Final Rule,Docket 4080,1964-09-28,,ef7370a0-6273-4c2f-a685-5fb2069d6641
Sec. 23.1551,Initial,02/01/1965,Final Rule,Docket 4080,1964-09-28,,b7048cf4-3c39-437a-8a55-4fbd3dd52922
Sec. 23.1553,23-50,03/11/1996,Final Rule,Docket 27807,1996-01-29,,b47dc0c5-6d20-4226-b8a9-c86fed6ccc0b
Sec. 23.1553,Initial,02/01/1965,Final Rule,Docket 4080,1964-09-28,,27df4ee9-12d4-4439-bd3a-0fd223fc80fe
Sec. 23.1555,23-21,03/01/1978,Final Rule,"Docket 14684, 14324",1978-01-09,,6cf2d2c0-e5cf-489b-891e-ec4f530d0b88
Sec. 23.1555,Initial,02/01/1965,Final Rule,Docket 4080,1964-09-28,,dc078cc4-aa33-4b63-a4b3-a92d900b377b
Sec. 23.1555,23-50,03/11/1996,Final Rule,Docket 27807,1996-01-29,,f4175d46-ce06-40c9-bf7d-82e24721776b
Sec. 23.1557,23-7,09/14/1969,Final Rule,Docket 8083,1969-08-01,,16ef1e2e-5269-4d17-9463-eb088a9206eb
Sec. 23.1557,23-23,12/01/1978,Final Rule,"Docket 14324, 14606, 14625, 14685, 14779",1978-10-20,,595f10a4-780b-494b-b7ee-d7ef38a51ad6
Sec. 23.1557,23-14,12/20/1973,Final Rule,Docket 11011,1973-11-07,,b9f01024-8e67-4df9-8b19-5bf1edd540ac
Sec. 23.1557,23-45,09/07/1993,Final Rule,Docket 26269,1993-07-28,,d625d789-364f-4387-be02-7269d51df3b6
Sec. 23.1557,23-18,05/02/1977,Final Rule,"Docket 14606, 14324",1977-03-10,,1ac46dde-daed-4efc-9847-5730979b7db2
Sec. 23.1557,Initial,02/01/1965,Final Rule,Docket 4080,1964-09-28,,ee7854a8-f09e-424a-8bf5-bb26eac070e5
Sec. 23.1559,Initial,02/01/1965,Final Rule,Docket 4080,1964-09-28,,6bc86207-f3c6-4037-8a1d-5ecabeb1927d
Sec. 23.1559,23-50,03/11/1996,Final Rule,Docket 27807,1996-01-29,,4df27fc6-908e-4131-82cf-55f842a2cc18
Sec. 23.1559,23-13,10/23/1972,Final Rule,Docket 9826,1972-09-19,,16f83e10-4fc4-4179-bd8e-b9e6dc59d42f
Sec. 23.1559,23-21,03/01/1978,Final Rule,"Docket 14684, 14324",1978-01-09,,ed2ca027-edcd-42b7-818d-43f4785556c0
Sec. 23.1561,Initial,02/01/1965,Final Rule,Docket 4080,1964-09-28,,211140a3-0b24-4f64-ba15-5e94f18b2fe6
Sec. 23.1563,23-7,09/14/1969,Final Rule,Docket 8083,1969-08-01,,bb5891b0-8f95-4818-a5fa-678c068964fe
Sec. 23.1563,23-45,09/07/1993,Final Rule,Docket 26269,1993-07-28,,eb3365fc-2d5d-4849-a0d3-24b5ecc8c5d6
Sec. 23.1563,Initial,02/01/1965,Final Rule,Docket 4080,1964-09-28,,2967f7a7-63d6-47e4-a352-2054d0d1e7d9
Sec. 23.1563,23-50,03/11/1996,Final Rule,Docket 27807,1996-01-29,,6e373c22-95b5-457f-b897-077c73b66f15
Sec. 23.1563,23-3,11/11/1965,Final Rule,Docket 7012,1965-11-04,,55e0e6a8-ddf1-4369-b7e0-6fe6fa8bc7fa
Sec. 23.1567,23-50,03/11/1996,Final Rule,Docket 27807,1996-01-29,,0dcdc054-6d3a-4f80-96e6-86e75ca0702a
Sec. 23.1567,23-21,03/01/1978,Final Rule,"Docket 14684, 14324",1978-01-09,,49ccc85f-c16b-49f4-9c11-097ac4678f0f
Sec. 23.1567,Initial,02/01/1965,Final Rule,Docket 4080,1964-09-28,,0365146e-64b1-4eb2-b720-035bdaac7073
Sec. 23.1581,23-45,09/07/1993,Final Rule,Docket 26269,1993-07-28,,90d81f24-fc11-416e-8fca-4e5af38463bd
Sec. 23.1581,23-21,03/01/1978,Final Rule,"Docket 14684, 14324",1978-01-09,,d1a75f9e-7f0b-4475-8518-c7f19a72fbb9
Sec. 23.1581,23-13,10/23/1972,Final Rule,Docket 9826,1972-09-19,,cd09ae1a-25f6-46cd-83f4-d874269c6d87
Sec. 23.1581,23-50,03/11/1996,Final Rule,Docket 27807,1996-01-29,,badd0fb0-10cb-40f5-9c03-2cafbd35ac39
Sec. 23.1581,23-34,02/17/1987,Final Rule,Docket 23516,1987-01-08,,d4dba16d-8714-4f21-91b1-ff61d5bd67a1
Sec. 23.1581,Initial,02/01/1965,Final Rule,Docket 4080,1964-09-28,,3363bd82-0998-4cda-96fe-4f38cc22fc36
Sec. 23.1583,Initial,02/01/1965,Final Rule,Docket 4080,1964-09-28,,22a70097-0959-44c5-bfe0-036c6ed635a4
Sec. 23.1583,23-23,12/01/1978,Final Rule,"Docket 14324, 14606, 14625, 14685, 14779",1978-10-20,,8446d174-8abb-4618-9076-be3b9c22af96
Sec. 23.1583,23-45,09/07/1993,Final Rule,Docket 26269,1993-07-28,,453831d1-509d-4dae-a92a-9b4a608b36bd
Sec. 23.1583,23-50,03/11/1996,Final Rule,Docket 27807,1996-01-29,,d45b4699-a62f-4277-9de1-3a7618593a0f
Sec. 23.1583,23-21,03/01/1978,Final Rule,"Docket 14684, 14324",1978-01-09,,ea07104d-8cb5-444a-b9c6-0fa209cca42f
Sec. 23.1583,23-10,03/13/1971,Final Rule,Docket 10405,1971-02-05,,67cb31c6-e5bd-46b4-b413-c8b702a0b28b
Sec. 23.1583,23-13,10/23/1972,Final Rule,Docket 9826,1972-09-19,,e2b29480-e052-4dca-b28d-6e484d7cff26
Sec. 23.1583,23-34,02/17/1987,Final Rule,Docket 23516,1987-01-08,,f77a3d55-85f1-4e52-9c1d-118b8c08c220
Sec. 23.1583,23-7,09/14/1969,Final Rule,Docket 8083,1969-08-01,,73103768-8045-45ad-a5ae-9fef854153b3
Sec. 23.1585,23-13,10/23/1972,Final Rule,Docket 9826,1972-09-19,,82fe1365-b2c5-4bf8-bf6a-44c3d8bdb787
Sec. 23.1585,23-21,03/01/1978,Final Rule,"Docket 14684, 14324",1978-01-09,,77b42193-fea6-487a-af8c-c14f7cea8ce2
Sec. 23.1585,23-50,03/11/1996,Final Rule,Docket 27807,1996-01-29,,a68cf6db-1e08-4ac8-80af-7061b9882ec0
Sec. 23.1585,23-3,11/11/1965,Final Rule,Docket 7012,1965-11-04,,61dbda9f-584b-4431-97fc-c009ca007fd6
Sec. 23.1585,Initial,02/01/1965,Final Rule,Docket 4080,1964-09-28,,a06ea7a4-69cf-45a3-8185-106f321c19e9
Sec. 23.1585,23-5,06/04/1967,Final Rule,Docket 7095,1967-04-28,,3b9910f6-fdeb-4e3d-9a2a-3395e60ba9a0
Sec. 23.1585,23-23,12/01/1978,Final Rule,"Docket 14324, 14606, 14625, 14685, 14779",1978-10-20,,b99ad4f4-87f0-4d56-8dfb-1bb457148d2a
Sec. 23.1585,23-34,02/17/1987,Final Rule,Docket 23516,1987-01-08,,2233e281-a8c7-4332-bd3a-2529e711fe11
Sec. 23.1585,23-7,09/14/1969,Final Rule,Docket 8083,1969-08-01,,f73abe86-f7c0-4152-b59b-5ab4100aa016
Sec. 23.1585,23-45,09/07/1993,Final Rule,Docket 26269,1993-07-28,,f241e84a-ec75-4f06-8afa-7634fd0e63c9
Sec. 23.1587,23-50,03/11/1996,Final Rule,Docket 27807,1996-01-29,,86847054-abf2-4315-bb6f-ae1390862678
Sec. 23.1587,23-45,09/07/1993,Final Rule,Docket 26269,1993-07-28,,0cb6e556-c7ba-4c56-8aae-236506677ee7
Sec. 23.1587,23-28,04/28/1982,Final Rule,Docket 21129,1982-02-26,,9f589325-c705-4e61-868b-74e62b21a367
Sec. 23.1587,Initial,02/01/1965,Final Rule,Docket 4080,1964-09-28,,ed666f07-80eb-4fcb-bbb5-9ea92db4bdb2
Sec. 23.1587,23-13,10/23/1972,Final Rule,Docket 9826,1972-09-19,,086f2383-380d-43d6-9c64-8f82d9fc10bc
Sec. 23.1587,23-21,03/01/1978,Final Rule,"Docket 14684, 14324",1978-01-09,,b8dfc459-35cd-4666-8686-445ee9d02f7a
Sec. 23.1587,23-34,02/17/1987,Final Rule,Docket 23516,1987-01-08,,82c7ccd0-9b24-4a18-bbc7-1f4c28de3575
Sec. 23.1587,23-7,09/14/1969,Final Rule,Docket 8083,1969-08-01,,ea9825f0-8dc2-43b1-89df-e946654735c6
Sec. 23.1589,23-13,10/23/1972,Final Rule,Docket 9826,1972-09-19,,42b473b0-22f3-4f82-9995-640171d69f89
Sec. 23.1589,Initial,02/01/1965,Final Rule,Docket 4080,1964-09-28,,b016b674-21ac-41b1-b829-9a313fbdfe22
Sec. 23.1589,23-45,09/07/1993,Final Rule,Docket 26269,1993-07-28,,44db6297-bf10-4b94-9034-7dc770987a05
Sec. 23.1589,23-50,03/11/1996,Final Rule,Docket 27807,1996-01-29,,0e574e17-fc2a-4695-9afe-4ee7c5ae848f
Sec. 0.0,23-55,03/01/2002,Final Rule,Docket FAA-2002-11670,2002-02-22,,3109c4c8-eff3-40d7-ba79-9b4afb0a43d1
Sec. 0.0,23-47,12/28/1995,Final Rule,Docket 28417,1995-12-20,,17b6505b-d927-491d-8e81-30060fbc8896
Sec. A23.1,23-7,09/14/1969,Final Rule,Docket 8083,1969-08-01,,6f2c21b4-2d7c-4f49-841e-b5cfbb306f31
Sec. A23.1,23-48,03/11/1996,Final Rule,Docket 27805,1996-01-29,,910bd083-6e88-4e4a-8c4c-ef2bbabb3a43
Sec. A23.1,Initial,02/01/1965,Final Rule,Docket 4080,1964-09-28,,4744fad6-07a7-45d4-b692-d0f5f288b28f
Sec. A23.3,23-7,09/14/1969,Final Rule,Docket 8083,1969-08-01,,02042610-1853-4e33-92fe-98d1553c04d7
Sec. A23.3,Initial,02/01/1965,Final Rule,Docket 4080,1964-09-28,,529f2710-3506-4cd7-99cd-852a0094fb44
Sec. A23.3,23-28,04/28/1982,Final Rule,Docket 21129,1982-02-26,,5c0dcf39-03d2-4819-8f18-bd294c53529b
Sec. A23.3,23-16,02/14/1975,Final Rule,Docket 14052,1974-12-31,,6b9d37fe-b5d2-4a3d-8d63-8ea630c2ff16
Sec. A23.5,Initial,02/01/1965,Final Rule,Docket 4080,1964-09-28,,d14c65c0-d592-42a8-a510-9d0e5d563682
Sec. A23.7,Initial,02/01/1965,Final Rule,Docket 4080,1964-09-28,,a9abdf87-5fec-4b4e-8b0b-6bcd0f5e679c
Sec. A23.9,Initial,02/01/1965,Final Rule,Docket 4080,1964-09-28,,11e7a3b5-d1fe-4c1d-a982-b587e2024a97
Sec. A23.11,23-48,03/11/1996,Final Rule,Docket 27805,1996-01-29,,762dee9d-5cee-4f01-9a4e-7ea63daa56f1
Sec. A23.11,Initial,02/01/1965,Final Rule,Docket 4080,1964-09-28,,54adee40-786d-4066-a9ce-775573970074
Sec. A23.13,23-7,09/14/1969,Final Rule,Docket 8083,1969-08-01,,a9727238-a9b7-4bd0-a776-b10e85bb4246
Sec. A23.13,23-16,02/14/1975,Final Rule,Docket 14052,1974-12-31,,f4809e35-74ca-4cfb-ba84-1983db4dcdba
Sec. A23.13,Initial,02/01/1965,Final Rule,Docket 4080,1964-09-28,,4362fc40-74fb-4a86-8154-6cc790a10285
Sec. A23.13,23-48,03/11/1996,Final Rule,Docket 27805,1996-01-29,,9a174ab6-f846-4427-901b-9a9731472118
Sec. B23.1,23-7,09/14/1969,Final Rule,Docket 8083,1969-08-01,,b8b86166-6cbf-4cbf-bf76-82ee92f2770e
Sec. B23.1,Initial,02/01/1965,Final Rule,Docket 4080,1964-09-28,,de8b980f-9cc1-4fb5-88da-fe00ad70d022
Sec. B23.1,23-42,02/04/1991,Final Rule,Docket 25811,1990-12-21,,4db55430-972e-428b-8be3-2543caa81667
Sec. B23.11,23-42,02/04/1991,Final Rule,Docket 25811,1990-12-21,,a5d5dfd6-2ffe-42b3-9121-30647613cd1c
Sec. B23.11,Initial,02/01/1965,Final Rule,Docket 4080,1964-09-28,,c821bed6-e151-4e09-9511-52588aa26c96
Sec. B23.11,23-7,09/14/1969,Final Rule,Docket 8083,1969-08-01,,b8642f82-c755-4605-b58d-77df0e3da350
Sec. C23.1,23-7,09/14/1969,Final Rule,Docket 8083,1969-08-01,,bbb09961-1894-487d-b47b-2f2e907c4bc1
Sec. C23.1,Initial,02/01/1965,Final Rule,Docket 4080,1964-09-28,,1e3888e4-ebc9-4b4d-8442-fb69e8c2a852
Sec. D23.1,23-45,09/07/1993,Final Rule,Docket 26269,1993-07-28,,b9266c45-1e63-47dc-9641-e4158e788349
Sec. D23.1,Initial,02/01/1965,Final Rule,Docket 4080,1964-09-28,,42ce0813-02dc-4d68-9bbf-8a10d31a0e08
Sec. E23,23-50,03/11/1996,Final Rule,Docket 27807,1996-01-29,,e4e08143-d241-4618-9e94-31348782487d
Sec. E23,23-2,07/08/1965,Final Rule,Docket 2029,1965-06-24,,87e646a2-efb8-4b83-bc6f-adba8853921f
Sec. F23,23-34,02/17/1987,Final Rule,Docket 23516,1987-01-08,,175330c3-5a55-4800-8eca-586a932b6696
Sec. F23,23-49,03/11/1996,Final Rule,Docket 27806,1996-01-29,,72368a8f-9d93-420d-a08f-8bddae24418f
Sec. F23,23-23,12/01/1978,Final Rule,"Docket 14324, 14606, 14625, 14685, 14779",1978-10-20,,09c4fe1d-9777-4fc5-afe9-10f3fcead639
Sec. G23.1,23-26,10/14/1980,Final Rule,"Docket 14779, 14324",1980-08-27,,8e43eb3f-26ae-4351-a52a-c85e79b70313
Sec. G23.2,23-26,10/14/1980,Final Rule,"Docket 14779, 14324",1980-08-27,,1a4ab760-2344-4403-b7e4-d55509d0689c
Sec. G23.3,23-34,02/17/1987,Final Rule,Docket 23516,1987-01-08,,5b947112-20d9-467e-9112-48ecfab74150
Sec. G23.3,23-26,10/14/1980,Final Rule,"Docket 14779, 14324",1980-08-27,,589e3252-9584-4642-a569-68c16e01990d
Sec. G23.4,23-37,08/18/1990,Final Rule,Docket 18334,1989-08-07,,c3d550e8-2ede-42e4-9ebe-49e6b578a750
Sec. G23.4,23-26,10/14/1980,Final Rule,"Docket 14779, 14324",1980-08-27,,eafcc960-7c21-4801-9998-cb9f4769f7c0
Sec. H23.1,23-43,05/10/1993,Final Rule,Docket 26344,1993-03-29,,d505c4f7-77de-4f53-8724-69464569a771
Sec. H23.2,23-43,05/10/1993,Final Rule,Docket 26344,1993-03-29,,cce1bf92-2f32-487b-93ae-083fdaf4cfdb
Sec. H23.3,23-43,05/10/1993,Final Rule,Docket 26344,1993-03-29,,b1b242df-c732-4578-a6b2-0d507807e6e3
Sec. H23.4,23-43,05/10/1993,Final Rule,Docket 26344,1993-03-29,,5432c3b6-8c62-4b3a-8db3-c3c105ce662d
Sec. H23.5,23-43,05/10/1993,Final Rule,Docket 26344,1993-03-29,,852b583d-b46a-4e04-af81-049799b11ced
Sec. H23.6,23-43,05/10/1993,Final Rule,Docket 26344,1993-03-29,,640ce111-9715-4609-8296-c926af4811a8
Sec. I23,23-45,09/07/1993,Final Rule,Docket 26269,1993-07-28,,006028f9-93bd-4ab2-9dcb-42de1847d362
Sec. J23,23-57,09/05/2007,Final Rule,Docket 2006,2007-07-30,,43213cf3-f5d9-4ca3-b90d-0ad92fedfc37
Sec. 23.1,23-10,03/13/1971,NPRM,Notice 70-25,1970-06-30,,534a1799-eeb0-4cb8-a7c9-aa1c0680ed0b
Sec. 23.1,23-34,02/17/1987,NPRM,Notice 83-17,1983-09-23,,8721f4a3-12be-4ab9-b77d-1ee89c7cc168
Sec. 23.1,Initial,02/01/1965,NPRM,Notice 64-17,1964-03-25,,5d6140f9-f34b-4760-a774-2b88646c529b
Sec. 23.1001,23-43,05/10/1993,NPRM,Notice 90-23,1990-09-17,,e1677d0b-fff9-4385-9650-daf31a2e9bad
Sec. 23.1001,23-51,03/11/1996,NPRM,Notice 94-19,1994-06-22,,33fdf41b-26f2-410e-89d3-2cc5aa479a55
Sec. 23.1001,23-7,09/14/1969,NPRM,Notice 67-14,1967-04-05,,9bec9d96-cf02-495c-a8c3-fcffb046264b
Sec. 23.1011,23-43,05/10/1993,NPRM,Notice 90-23,1990-09-17,,29ec3353-41d5-4609-ad50-fa289a65eb1b
Sec. 23.1011,Initial,02/01/1965,NPRM,Notice 64-17,1964-03-25,,8e7b615f-aee4-4227-b2f8-cffc33cc8567
Sec. 23.1013,23-15,10/31/1974,NPRM,Notice 71-12,1971-04-26,,44b6258b-00bc-4493-b078-47da08c5ceb3
Sec. 23.1013,23-43,05/10/1993,NPRM,Notice 90-23,1990-09-17,,61b8108c-fa20-4583-b090-44be8cf756ab
Sec. 23.1013,23-51,03/11/1996,NPRM,Notice 94-19,1994-06-22,,cfbfaf2c-0e9f-4e4e-8508-f7fd7af5d17d
Sec. 23.1013,Initial,02/01/1965,NPRM,Notice 64-17,1964-03-25,,4e5488bd-3e1e-4b2c-b454-8a910f69a870
Sec. 23.1015,23-15,10/31/1974,NPRM,Notice 71-12,1971-04-26,,330a9b20-bf6f-4923-895c-bb9cd60009cb
Sec. 23.1015,Initial,02/01/1965,NPRM,Notice 64-17,1964-03-25,,1cf7147c-9c9c-40ea-aa68-f06b3d6731ff
Sec. 23.1017,23-14,12/20/1973,NPRM,Notice 71-13,1971-04-27,,5fecb3ab-ad18-4aa4-8fd1-0a11766a79b1
Sec. 23.1017,23-7,09/14/1969,NPRM,Notice 67-14,1967-04-05,,1f70d43a-1a71-4126-bf22-31de432829ae
Sec. 23.1017,Initial,02/01/1965,NPRM,Notice 64-17,1964-03-25,,baff99cb-a9bc-432d-831f-66296ea92fa2
Sec. 23.1019,23-15,10/31/1974,NPRM,Notice 71-12,1971-04-26,,e32bf104-b892-49a7-8d87-5b4e30d69e1d
Sec. 23.1019,23-29,03/26/1984,NPRM,Notice 80-21,1980-11-10,,080fe69a-d1f3-433e-9e44-84fa59f1380d
Sec. 23.1019,23-43,05/10/1993,NPRM,Notice 90-23,1990-09-17,,55c598f5-fbf2-4e7f-b6b2-bf6f83068bf0
Sec. 23.1019,Initial,02/01/1965,NPRM,Notice 64-17,1964-03-25,,6cef3283-4e93-4b97-9b18-6a2619f5ac77
Sec. 23.1021,23-29,03/26/1984,NPRM,Notice 80-21,1980-11-10,,66cc1016-300e-4244-91a2-9ecc41c15dde
Sec. 23.1021,23-43,05/10/1993,NPRM,Notice 90-23,1990-09-17,,983a714f-9960-4630-8c4f-cb8411b5ea5e
Sec. 23.1021,Initial,02/01/1965,NPRM,Notice 64-17,1964-03-25,,46b737e2-7f38-4370-873d-1876da432ca0
Sec. 23.1023,Initial,02/01/1965,NPRM,Notice 64-17,1964-03-25,,4dcac516-2582-455d-b9e7-d5b0b98ffcd0
Sec. 23.1027,23-14,12/20/1973,NPRM,Notice 71-13,1971-04-27,,5a47249f-4cd5-46de-bc69-f115962c4060
Sec. 23.1027,23-43,05/10/1993,NPRM,Notice 90-23,1990-09-17,,85e76679-fbc2-4e3f-be5f-d75a619a8ae6
Sec. 23.1027,Initial,02/02/1965,NPRM,Notice 64-17,1964-03-25,,fe6a00c5-75db-440d-ae0f-93908e8f96e9
Sec. 23.1041,23-43,05/10/1993,NPRM,Notice 90-23,1990-09-17,,6ecb584b-a693-465c-9241-1471808f2aaa
Sec. 23.1041,23-51,03/11/1996,NPRM,Notice 94-19,1994-06-22,,c21228fd-efbb-47f4-bc6e-8e7bbefe5112
Sec. 23.1041,23-7,09/14/1969,NPRM,Notice 67-14,1967-04-05,,eeb21dce-ff80-4da1-88a3-07c832a83254
Sec. 23.1041,Initial,02/01/1965,NPRM,Notice 64-17,1964-03-25,,d8894d43-6407-415c-a3c5-cc6d7a578722
Sec. 23.1043,23-21,03/01/1978,NPRM,Notice 75-10,1975-02-27,,56c68851-f38d-4d58-ba75-0e0f6e67e09c
Sec. 23.1043,23-21,03/01/1978,NPRM,Notice 75-25,1975-05-29,,56c68851-f38d-4d58-ba75-0e0f6e67e09c
Sec. 23.1043,23-51,03/11/1996,NPRM,Notice 94-19,1994-06-22,,9833b3df-5bfc-4859-95c6-ef5d65c069d3
Sec. 23.1043,23-7,09/14/1969,NPRM,Notice 67-14,1967-04-05,,6cef248a-0cb8-4c85-872a-6a228a904dd4
Sec. 23.1043,Initial,02/01/1965,NPRM,Notice 64-17,1964-03-25,,86bbc7d6-034d-4778-a114-8c8735cc4b21
Sec. 23.1045,23-51,03/11/1996,NPRM,Notice 94-19,1994-06-22,,8d58018f-5870-4a53-8de0-9b13f1e9d967
Sec. 23.1045,23-7,09/14/1969,NPRM,Notice 67-14,1967-04-05,,f57ef4ce-a662-4213-9677-2fd2d4266bf8
Sec. 23.1045,Initial,02/01/1965,NPRM,Notice 64-17,1964-03-25,,ad6cd271-9b6e-42bf-9592-3cfef18a5d7a
Sec. 23.1047,23-21,03/01/1978,NPRM,Notice 75-10,1975-02-27,,2b974a17-0153-4336-97e2-8609a2b57138
Sec. 23.1047,23-21,03/01/1978,NPRM,Notice 75-25,1975-02-27,,2b974a17-0153-4336-97e2-8609a2b57138
Sec. 23.1047,23-42,02/04/1991,NPRM,Notice 89-5,1989-02-23,,83298c04-74cc-43bc-be85-41587b8140e0
Sec. 23.1047,23-43,05/10/1993,NPRM,Notice 90-23,1990-09-17,,d34eaa8c-7281-44a4-b117-deab320160a0
Sec. 23.1047,23-51,03/11/1996,NPRM,Notice 94-19,1994-06-22,,9ca25bdb-a830-4e57-bd63-63043e3d6c47
Sec. 23.1047,23-7,09/14/1969,NPRM,Notice 67-14,1967-04-05,,501ded06-5d71-4b64-8006-873724964b3b
Sec. 23.1047,Initial,02/01/1965,NPRM,Notice 64-17,1964-03-25,,be4ae38b-494b-47aa-b107-31f701752a79
Sec. 23.1061,23-43,05/10/1993,NPRM,Notice 90-23,1990-09-17,,f1331f1f-6799-42dc-bf14-6aeb5f32ea64
Sec. 23.1061,Initial,02/01/1965,NPRM,Notice 64-17,1964-03-25,,81c387cb-9ce0-4ed8-92cb-8b5e5f31b4f4
Sec. 23.1063,Initial,02/01/1965,NPRM,Notice 64-17,1964-03-25,,c9b45395-78d9-40ec-9df4-d6d16b81269e
Sec. 23.1091,23-43,05/10/1993,NPRM,Notice 90-23,1990-09-17,,ac4c4d96-8f34-4724-a030-0c2dbd6059b6
Sec. 23.1091,23-51,03/11/1996,NPRM,Notice 94-19,1994-06-22,,1a23b0de-cc91-427c-9cfd-749240942b2a
Sec. 23.1091,23-7,09/14/1969,NPRM,Notice 67-14,1967-04-05,,6fb5e1b8-36a8-4c78-bf7e-31bee013873c
Sec. 23.1091,Initial,02/01/1965,NPRM,Notice 64-17,1964-03-25,,591cc447-f556-4df9-8a7a-aa6a42f19ba7
Sec. 23.1093,23-15,10/31/1974,NPRM,Notice 71-12,1971-04-26,,22dee059-f3dd-4dac-9971-3fe855dc6577
Sec. 23.1093,23-17,02/01/1977,NPRM,Notice 74-5,1974-02-14,,26d5724e-75ab-491d-bac2-c540dc8bd8ba
Sec. 23.1093,23-17,02/01/1977,NPRM,Notice 74-5A,1974-05-22,,26d5724e-75ab-491d-bac2-c540dc8bd8ba
Sec. 23.1093,23-17,02/01/1977,NPRM,Notice 74-5B,1974-10-03,,26d5724e-75ab-491d-bac2-c540dc8bd8ba
Sec. 23.1093,23-17,02/01/1977,NPRM,Notice 74-33,1974-10-03,,26d5724e-75ab-491d-bac2-c540dc8bd8ba
Sec. 23.1093,23-17,02/01/1977,NPRM,Notice 74-5C,1974-11-25,,26d5724e-75ab-491d-bac2-c540dc8bd8ba
Sec. 23.1093,23-17,02/01/1977,NPRM,Notice 74-5D,1975-02-04,,26d5724e-75ab-491d-bac2-c540dc8bd8ba
Sec. 23.1093,23-17,02/01/1977,NPRM,Notice 75-10,1975-02-27,,26d5724e-75ab-491d-bac2-c540dc8bd8ba
Sec. 23.1093,23-17,02/01/1977,NPRM,Notice 75-19,1975-05-13,,26d5724e-75ab-491d-bac2-c540dc8bd8ba
Sec. 23.1093,23-17,02/01/1977,NPRM,Notice 75-20,1975-05-13,,26d5724e-75ab-491d-bac2-c540dc8bd8ba
Sec. 23.1093,23-17,02/01/1977,NPRM,Notice 75-23,1975-05-19,,26d5724e-75ab-491d-bac2-c540dc8bd8ba
Sec. 23.1093,23-17,02/01/1977,NPRM,Notice 75-25,1975-05-29,,26d5724e-75ab-491d-bac2-c540dc8bd8ba
Sec. 23.1093,23-17,02/01/1977,NPRM,Notice 75-26,1975-06-09,,26d5724e-75ab-491d-bac2-c540dc8bd8ba
Sec. 23.1093,23-17,02/01/1977,NPRM,Notice 75-31,1975-06-30,,26d5724e-75ab-491d-bac2-c540dc8bd8ba
Sec. 23.1093,23-18,05/02/1977,NPRM,Notice 75-10,1975-02-27,,0009f756-5b92-4f7e-aa93-8d1f1e9f481e
Sec. 23.1093,23-18,05/02/1977,NPRM,Notice 75-19,1975-05-13,,0009f756-5b92-4f7e-aa93-8d1f1e9f481e
Sec. 23.1093,23-29,03/26/1984,NPRM,Notice 80-21,1980-11-10,,00bc2f57-3662-4c05-b6a3-bc7bbfcb9d56
Sec. 23.1093,23-43,05/10/1993,NPRM,Notice 90-23,1990-09-17,,2dd33c53-51e1-44ce-bf04-802b501ff8f2
Sec. 23.1093,23-51,03/11/1996,NPRM,Notice 94-19,1994-06-22,,645dca16-768c-4b3a-a0dd-ca3be4115d51
Sec. 23.1093,23-7,09/14/1969,NPRM,Notice 67-14,1967-04-05,,014811d8-fa57-4c73-84ed-f6a0f20acd42
Sec. 23.1093,Initial,02/01/1965,NPRM,Notice 64-17,1964-03-25,,d24f572f-178c-403c-83ee-4492a3e7198d
Sec. 23.1095,Initial,02/01/1965,NPRM,Notice 64-17,1964-03-25,,f30147a9-2b3f-401d-85e4-bb3a5408f2c1
Sec. 23.1097,Initial,02/01/1965,NPRM,Notice 64-17,1964-03-25,,7e1be579-58f7-484e-be02-fb90234201b3
Sec. 23.1099,Initial,02/01/1965,NPRM,Notice 64-17,1964-03-25,,f91324e9-2b34-4c85-8f9d-6888012fdaa5
Sec. 23.1101,23-43,05/10/1993,NPRM,Notice 90-23,1990-09-17,,adef6bac-ea6b-4b1c-a368-eb7764e8ca64
Sec. 23.1101,Initial,02/01/1965,NPRM,Notice 64-17,1964-03-25,,b950aec6-06ea-44f5-9c4e-7d6737bc60b8
Sec. 23.1103,23-43,05/10/1993,NPRM,Notice 90-23,1990-09-17,,4cceec45-3d98-4c1f-a435-46d25fd1b9e9
Sec. 23.1103,23-7,09/14/1969,NPRM,Notice 67-14,1967-04-05,,dc53c5f6-ef68-47db-af99-82cf619c1de5
Sec. 23.1103,Initial,02/01/1965,NPRM,Notice 64-17,1964-03-25,,208465a8-4ac5-42ca-a074-1aacc5d4a3a1
Sec. 23.1105,23-51,03/11/1996,NPRM,Notice 94-19,1994-06-22,,0e41c1ee-b23c-4b57-9e6e-1f2b3486fbe3
Sec. 23.1105,Initial,02/01/1965,NPRM,Notice 64-17,1964-03-25,,8b5c3104-0f3f-4271-aae5-d6e5a7e05414
Sec. 23.1107,23-43,05/10/1993,NPRM,Notice 90-23,1990-09-17,,a2f3bc22-23be-439f-8306-f67340c77c73
Sec. 23.1107,23-51,03/11/1996,NPRM,Notice 94-19,1994-06-22,,d3c72fd8-3601-4e6f-898d-ad68f8b4dd1d
Sec. 23.1109,23-42,02/04/1991,NPRM,Notice 89-5,1989-02-23,,eff755c5-4586-44fa-9c43-05341719a579
Sec. 23.1111,23-17,02/01/1977,NPRM,Notice 74-5,1974-02-14,,c67cd0a1-5072-4d19-ae98-280a398724b8
Sec. 23.1111,23-17,02/01/1977,NPRM,Notice 74-5A,1974-05-22,,c67cd0a1-5072-4d19-ae98-280a398724b8
Sec. 23.1111,23-17,02/01/1977,NPRM,Notice 74-5B,1974-10-03,,c67cd0a1-5072-4d19-ae98-280a398724b8
Sec. 23.1111,23-17,02/01/1977,NPRM,Notice 74-33,1974-10-03,,c67cd0a1-5072-4d19-ae98-280a398724b8
Sec. 23.1111,23-17,02/01/1977,NPRM,Notice 74-5C,1974-11-25,,c67cd0a1-5072-4d19-ae98-280a398724b8
Sec. 23.1111,23-17,02/01/1977,NPRM,Notice 74-5D,1975-02-04,,c67cd0a1-5072-4d19-ae98-280a398724b8
Sec. 23.1111,23-17,02/01/1977,NPRM,Notice 75-10,1975-02-27,,c67cd0a1-5072-4d19-ae98-280a398724b8
Sec. 23.1111,23-17,02/01/1977,NPRM,Notice 75-19,1975-05-13,,c67cd0a1-5072-4d19-ae98-280a398724b8
Sec. 23.1111,23-17,02/01/1977,NPRM,Notice 75-20,1975-05-13,,c67cd0a1-5072-4d19-ae98-280a398724b8
Sec. 23.1111,23-17,02/01/1977,NPRM,Notice 75-23,1975-05-19,,c67cd0a1-5072-4d19-ae98-280a398724b8
Sec. 23.1111,23-17,02/01/1977,NPRM,Notice 75-25,1975-05-29,,c67cd0a1-5072-4d19-ae98-280a398724b8
Sec. 23.1111,23-17,02/01/1977,NPRM,Notice 75-26,1975-06-09,,c67cd0a1-5072-4d19-ae98-280a398724b8
Sec. 23.1111,23-17,02/01/1977,NPRM,Notice 75-31,1975-06-30,,c67cd0a1-5072-4d19-ae98-280a398724b8
Sec. 23.1111,23-7,09/14/1969,NPRM,Notice 67-14,1967-04-05,,d4ac6dd4-e6b0-43b5-898f-98393fb269cc
Sec. 23.1121,23-18,05/02/1977,NPRM,Notice 75-10,1975-02-27,,634148fd-81ee-44b3-aafd-894e7b7c39e2
Sec. 23.1121,23-18,05/02/1977,NPRM,Notice 75-19,1975-05-13,,634148fd-81ee-44b3-aafd-894e7b7c39e2
Sec. 23.1121,23-43,05/10/1993,NPRM,Notice 90-23,1990-09-17,,caf05013-6504-481a-a02c-fe9acd000d42
Sec. 23.1121,23-51,03/11/1996,NPRM,Notice 94-19,1994-06-22,,465878e6-76f4-403a-90cd-6508ef1a3f09
Sec. 23.1121,23-7,09/14/1969,NPRM,Notice 67-14,1967-04-05,,2167b66a-338e-41d0-abbe-ceaafe60f9b5
Sec. 23.1121,Initial,02/01/1965,NPRM,Notice 64-17,1964-03-25,,1e7765b1-7c40-482c-af32-01ca0ec4c216
Sec. 23.1123,23-43,05/10/1993,NPRM,Notice 90-23,1990-09-17,,1291c7d9-4da0-4e42-9097-8c5c47fb0080
Sec. 23.1123,Initial,02/01/1965,NPRM,Notice 64-17,1964-03-25,,304a2c6d-94e0-4561-887e-44cd08afe023
Sec. 23.1125,23-17,02/01/1977,NPRM,Notice 74-5,1974-02-14,,37bb73e9-4195-45ab-bc2b-a1171e0923da
Sec. 23.1125,23-17,02/01/1977,NPRM,Notice 74-5A,1974-05-22,,37bb73e9-4195-45ab-bc2b-a1171e0923da
Sec. 23.1125,23-17,02/01/1977,NPRM,Notice 74-5B,1974-10-03,,37bb73e9-4195-45ab-bc2b-a1171e0923da
Sec. 23.1125,23-17,02/01/1977,NPRM,Notice 74-33,1974-10-03,,37bb73e9-4195-45ab-bc2b-a1171e0923da
Sec. 23.1125,23-17,02/01/1977,NPRM,Notice 74-5C,1974-11-25,,37bb73e9-4195-45ab-bc2b-a1171e0923da
Sec. 23.1125,23-17,02/01/1977,NPRM,Notice 74-5D,1975-02-04,,37bb73e9-4195-45ab-bc2b-a1171e0923da
Sec. 23.1125,23-17,02/01/1977,NPRM,Notice 75-10,1975-02-27,,37bb73e9-4195-45ab-bc2b-a1171e0923da
Sec. 23.1125,23-17,02/01/1977,NPRM,Notice 75-19,1975-05-13,,37bb73e9-4195-45ab-bc2b-a1171e0923da
Sec. 23.1125,23-17,02/01/1977,NPRM,Notice 75-20,1975-05-13,,37bb73e9-4195-45ab-bc2b-a1171e0923da
Sec. 23.1125,23-17,02/01/1977,NPRM,Notice 75-23,1975-05-19,,37bb73e9-4195-45ab-bc2b-a1171e0923da
Sec. 23.1125,23-17,02/01/1977,NPRM,Notice 75-25,1975-05-29,,37bb73e9-4195-45ab-bc2b-a1171e0923da
Sec. 23.1125,23-17,02/01/1977,NPRM,Notice 75-26,1975-06-09,,37bb73e9-4195-45ab-bc2b-a1171e0923da
Sec. 23.1125,23-17,02/01/1977,NPRM,Notice 75-31,1975-06-30,,37bb73e9-4195-45ab-bc2b-a1171e0923da
Sec. 23.1125,Initial,02/01/1965,NPRM,Notice 64-17,1964-03-25,,e95aea0e-1149-4a7d-9733-01a53ffc2f57
Sec. 23.1141,23-14,12/20/1973,NPRM,Notice 71-13,1971-04-27,,f07f997b-1404-4380-8797-8c3f7203cd08
Sec. 23.1141,23-18,05/02/1977,NPRM,Notice 75-10,1975-02-27,,70a42e21-f391-4577-bccf-00acee2a396b
Sec. 23.1141,23-18,05/02/1977,NPRM,Notice 75-19,1975-05-13,,70a42e21-f391-4577-bccf-00acee2a396b
Sec. 23.1141,23-51,03/11/1996,NPRM,Notice 94-19,1994-06-22,,d9ee76cb-26a3-4728-9f14-87096ab90293
Sec. 23.1141,23-7,09/14/1969,NPRM,Notice 67-14,1967-04-05,,07d71358-9877-46ac-9973-d41eed5fe783
Sec. 23.1141,Initial,02/01/1965,NPRM,Notice 64-17,1964-03-25,,7da46b63-c5ed-41f2-a1c0-20738613f707
Sec. 23.1142,23-43,05/10/1993,NPRM,Notice 90-23,1990-09-17,,8efef956-b2da-455c-9ace-6170ac2612d1
Sec. 23.1143,23-17,02/01/1977,NPRM,Notice 74-5,1974-02-14,,f76ff769-7a19-4b23-8c2d-93a0d3d7bb43
Sec. 23.1143,23-17,02/01/1977,NPRM,Notice 74-5A,1974-05-22,,f76ff769-7a19-4b23-8c2d-93a0d3d7bb43
Sec. 23.1143,23-17,02/01/1977,NPRM,Notice 74-5B,1974-10-03,,f76ff769-7a19-4b23-8c2d-93a0d3d7bb43
Sec. 23.1143,23-17,02/01/1977,NPRM,Notice 74-33,1974-10-03,,f76ff769-7a19-4b23-8c2d-93a0d3d7bb43
Sec. 23.1143,23-17,02/01/1977,NPRM,Notice 74-5C,1974-11-25,,f76ff769-7a19-4b23-8c2d-93a0d3d7bb43
Sec. 23.1143,23-17,02/01/1977,NPRM,Notice 74-5D,1975-02-04,,f76ff769-7a19-4b23-8c2d-93a0d3d7bb43
Sec. 23.1143,23-17,02/01/1977,NPRM,Notice 75-10,1975-02-27,,f76ff769-7a19-4b23-8c2d-93a0d3d7bb43
Sec. 23.1143,23-17,02/01/1977,NPRM,Notice 75-19,1975-05-13,,f76ff769-7a19-4b23-8c2d-93a0d3d7bb43
Sec. 23.1143,23-17,02/01/1977,NPRM,Notice 75-20,1975-05-13,,f76ff769-7a19-4b23-8c2d-93a0d3d7bb43
Sec. 23.1143,23-17,02/01/1977,NPRM,Notice 75-23,1975-05-19,,f76ff769-7a19-4b23-8c2d-93a0d3d7bb43
Sec. 23.1143,23-17,02/01/1977,NPRM,Notice 75-25,1975-05-29,,f76ff769-7a19-4b23-8c2d-93a0d3d7bb43
Sec. 23.1143,23-17,02/01/1977,NPRM,Notice 75-26,1975-06-09,,f76ff769-7a19-4b23-8c2d-93a0d3d7bb43
Sec. 23.1143,23-17,02/01/1977,NPRM,Notice 75-31,1975-06-30,,f76ff769-7a19-4b23-8c2d-93a0d3d7bb43
Sec. 23.1143,23-29,03/26/1984,NPRM,Notice 80-21,1980-11-10,,4c2d61e9-f11f-49e6-a551-b65e1d6fa443
Sec. 23.1143,23-43,05/10/1993,NPRM,Notice 90-23,1990-09-17,,2724e883-54d4-4524-b1ac-3b93435c93b0
Sec. 23.1143,23-51,03/11/1996,NPRM,Notice 94-19,1994-06-22,,aacd6db4-8bc4-4e0e-b9d2-970f9e5b8c09
Sec. 23.1143,23-7,09/14/1969,NPRM,Notice 67-14,1967-04-05,,20ae5ba6-b61d-4128-9ad7-c5fa12b72c4f
Sec. 23.1143,Initial,02/01/1965,NPRM,Notice 64-17,1964-03-25,,8586c1a0-d5be-4106-ab49-a36fdec29f86
Sec. 23.1145,23-18,05/02/1977,NPRM,Notice 75-10,1975-02-27,,332d2b2b-7e17-48f3-89bb-5d2a4191bbca
Sec. 23.1145,23-18,05/02/1977,NPRM,Notice 75-19,1975-05-13,,332d2b2b-7e17-48f3-89bb-5d2a4191bbca
Sec. 23.1145,23-43,05/10/1993,NPRM,Notice 90-23,1990-09-17,,6f61181d-d0c2-4445-82ca-a36a655d00ee
Sec. 23.1145,Initial,02/01/1965,NPRM,Notice 64-17,1964-03-25,,51955c2b-f61a-456b-8c29-f4f1f32e60d6
Sec. 23.1147,23-33,08/11/1986,NPRM,Notice 84-12,1984-05-11,,2fe1df85-c32d-4cd0-9b95-609e9d6f8b77
Sec. 23.1147,23-43,05/10/1993,NPRM,Notice 90-23,1990-09-17,,7ab200c2-fc80-4fa4-94b1-9403e2a93fab
Sec. 23.1147,23-7,09/14/1969,NPRM,Notice 67-14,1967-04-05,,fa96ee96-f16d-4bc7-8a85-3828c7e35765
Sec. 23.1147,Initial,02/01/1965,NPRM,Notice 64-17,1964-03-25,,e3f5bdfb-fcbc-4ba1-bf04-47abf50b8327
Sec. 23.1149,Initial,02/01/1965,NPRM,Notice 64-17,1964-03-25,,98fadf45-51af-4d73-9c9e-2425e29638c9
Sec. 23.1153,23-51,03/11/1996,NPRM,Notice 94-19,1994-06-22,,0fcbfa62-1b50-4b21-943c-e2cffb360502
Sec. 23.1153,Initial,02/01/1965,NPRM,Notice 64-17,1964-03-25,,82229ac5-8b2f-47db-8f1f-aaed125ce0b3
Sec. 23.1155,23-7,09/14/1969,NPRM,Notice 67-14,1967-04-05,,be357b1d-2005-4dc7-82e4-1b70f1b37917
Sec. 23.1157,Initial,02/01/1965,NPRM,Notice 64-17,1964-03-25,,4dcf3f06-505a-4f1b-9937-965fe43effbc
Sec. 23.1163,23-14,12/20/1973,NPRM,Notice 71-13,1971-04-27,,c564dfda-314c-4b58-a982-e21de2aa6c90
Sec. 23.1163,23-29,03/26/1984,NPRM,Notice 80-21,1980-11-10,,4285b872-6411-4cd5-aef7-fdb0a6c1d576
Sec. 23.1163,23-34,02/17/1987,NPRM,Notice 83-17,1983-09-23,,204fbbcc-9e04-4da3-9c45-3c8c65c99385
Sec. 23.1163,23-42,02/04/1991,NPRM,Notice 89-5,1989-02-23,,b23473a2-151c-410c-87d6-a410eca9ffa5
Sec. 23.1163,Initial,02/01/1965,NPRM,Notice 64-17,1964-03-25,,1a9a9379-fcc2-4662-af5a-c4816273f4b0
Sec. 23.1165,23-17,02/01/1977,NPRM,Notice 74-5,1974-02-14,,240e46ce-58a5-4853-9f2b-aa30d4e6f226
Sec. 23.1165,23-17,02/01/1977,NPRM,Notice 74-5A,1974-05-22,,240e46ce-58a5-4853-9f2b-aa30d4e6f226
Sec. 23.1165,23-17,02/01/1977,NPRM,Notice 74-5B,1974-10-03,,240e46ce-58a5-4853-9f2b-aa30d4e6f226
Sec. 23.1165,23-17,02/01/1977,NPRM,Notice 74-33,1974-10-03,,240e46ce-58a5-4853-9f2b-aa30d4e6f226
Sec. 23.1165,23-17,02/01/1977,NPRM,Notice 74-5C,1974-11-25,,240e46ce-58a5-4853-9f2b-aa30d4e6f226
Sec. 23.1165,23-17,02/01/1977,NPRM,Notice 74-5D,1975-02-04,,240e46ce-58a5-4853-9f2b-aa30d4e6f226
Sec. 23.1165,23-17,02/01/1977,NPRM,Notice 75-10,1975-02-27,,240e46ce-58a5-4853-9f2b-aa30d4e6f226
Sec. 23.1165,23-17,02/01/1977,NPRM,Notice 75-19,1975-05-13,,240e46ce-58a5-4853-9f2b-aa30d4e6f226
Sec. 23.1165,23-17,02/01/1977,NPRM,Notice 75-20,1975-05-13,,240e46ce-58a5-4853-9f2b-aa30d4e6f226
Sec. 23.1165,23-17,02/01/1977,NPRM,Notice 75-23,1975-05-19,,240e46ce-58a5-4853-9f2b-aa30d4e6f226
Sec. 23.1165,23-17,02/01/1977,NPRM,Notice 75-25,1975-05-29,,240e46ce-58a5-4853-9f2b-aa30d4e6f226
Sec. 23.1165,23-17,02/01/1977,NPRM,Notice 75-26,1975-06-09,,240e46ce-58a5-4853-9f2b-aa30d4e6f226
Sec. 23.1165,23-17,02/01/1977,NPRM,Notice 75-31,1975-06-30,,240e46ce-58a5-4853-9f2b-aa30d4e6f226
Sec. 23.1165,23-34,02/17/1987,NPRM,Notice 83-17,1983-09-23,,32cdc0e0-fad0-452e-8b81-eeaf508f1c25
Sec. 23.1165,Initial,02/01/1965,NPRM,Notice 64-17,1964-03-25,,a462c662-07dc-4afa-b7ea-de3a4a2f2a65
Sec. 23.1181,23-43,05/10/1993,NPRM,Notice 90-23,1990-09-17,,cb041b3e-74ae-4ba3-bfc0-43fdaf5b6af8
Sec. 23.1181,23-51,03/11/1996,NPRM,Notice 94-19,1994-06-22,,00812b0f-3d21-457b-8e98-aa8ca80b3dfe
Sec. 23.1182,23-14,12/20/1973,NPRM,Notice 71-13,1971-04-27,,8c85f9a1-de3c-4432-8581-0e5f26cc6dc0
Sec. 23.1183,23-14,12/20/1973,NPRM,Notice 71-13,1971-04-27,,b46f4ca3-2e8e-484c-a456-bbaf54817c0f
Sec. 23.1183,23-15,10/31/1974,NPRM,Notice 71-12,1971-04-26,,f2a91a9d-b4ef-4515-800c-24b910d58fd5
Sec. 23.1183,23-29,03/26/1984,NPRM,Notice 80-21,1980-11-10,,e6c2df32-3b1f-4d5b-8ece-76e36d8cd3b7
Sec. 23.1183,23-5,06/04/1967,NPRM,Notice 65-43,1965-12-28,,149e8103-0cb5-4433-bc33-d37d16400c26
Sec. 23.1183,23-51,03/11/1996,NPRM,Notice 94-19,1994-06-22,,20090051-e673-4c81-99de-1044a8cfa3ca
Sec. 23.1183,Initial,02/01/1965,NPRM,Notice 64-17,1964-03-25,,f66db1d1-2eea-4198-805d-30797cb517ba
Sec. 23.1189,23-14,12/20/1973,NPRM,Notice 71-13,1971-04-27,,99934d3a-5d23-4a95-8370-1d30ed0d0906
Sec. 23.1189,23-29,03/26/1984,NPRM,Notice 80-21,1980-11-10,,4e236b32-262d-4988-9182-d7b371c57e6d
Sec. 23.1189,23-43,05/10/1993,NPRM,Notice 90-23,1990-09-17,,69eafb0c-1a56-4b82-bc7f-2eb574a9d79f
Sec. 23.1189,23-7,09/14/1969,NPRM,Notice 67-14,1967-04-05,,06223086-73c4-4bb4-b953-7478bba2cfcb
Sec. 23.1189,Initial,02/01/1965,NPRM,Notice 64-17,1964-03-25,,b91f7367-9526-41a7-a684-fc42c923f92e
Sec. 23.1191,23-43,05/10/1993,NPRM,Notice 90-23,1990-09-17,,10af0fa7-3c29-4815-a595-912cc9a05931
Sec. 23.1191,23-51,03/11/1996,NPRM,Notice 94-19,1994-06-22,,dd15de11-5e29-4731-928e-395be79d5ae5
Sec. 23.1191,Initial,02/01/1965,NPRM,Notice 64-17,1964-03-25,,342de6e7-8b4e-4b79-be0b-830f64d9a951
Sec. 23.1192,23-14,12/20/1973,NPRM,Notice 71-13,1971-04-27,,30882bd1-7ba7-4860-8b07-c5a6fb891648
Sec. 23.1193,23-18,05/02/1977,NPRM,Notice 75-10,1975-02-27,,11d55f96-2d93-40db-8ca4-e7b15871bd5a
Sec. 23.1193,23-18,05/02/1977,NPRM,Notice 75-19,1975-05-13,,11d55f96-2d93-40db-8ca4-e7b15871bd5a
Sec. 23.1193,23-34,02/17/1987,NPRM,Notice 83-17,1983-09-23,,6d924861-fcb5-430a-b1a4-9344f966ee2a
Sec. 23.1193,23-43,05/10/1993,NPRM,Notice 90-23,1990-09-17,,805b15b9-18b3-4fb0-802c-17e605dd1b1d
Sec. 23.1193,Initial,02/01/1965,NPRM,Notice 64-17,1964-03-25,,38b8617a-bd1a-4290-944b-9fda6dff7cd5
Sec. 23.1195,23-34,02/17/1987,NPRM,Notice 83-17,1983-09-23,,b10e388b-98e3-419f-8663-9bb320ed230c
Sec. 23.1195,23-43,05/10/1993,NPRM,Notice 90-23,1990-09-17,,38437231-fde0-4897-a963-84c5b83f50b5
Sec. 23.1197,23-34,02/17/1987,NPRM,Notice 83-17,1983-09-23,,2f3df8fa-402d-4589-8968-8407fff0eda1
Sec. 23.1199,23-34,02/17/1987,NPRM,Notice 83-17,1983-09-23,,d0b2e7fa-4dbd-4038-8e91-d8cfb9661017
Sec. 23.1201,23-34,02/17/1987,NPRM,Notice 83-17,1983-09-23,,b80468ee-c726-4c18-ae58-e10f9a306f57
Sec. 23.1203,23-18,05/02/1977,NPRM,Notice 75-10,1975-02-27,,40a49a8c-f9c1-478e-bf85-b85afcccdd0c
Sec. 23.1203,23-18,05/02/1977,NPRM,Notice 75-19,1975-05-13,,40a49a8c-f9c1-478e-bf85-b85afcccdd0c
Sec. 23.1203,23-34,02/17/1987,NPRM,Notice 83-17,1983-09-23,,7eb9937c-7187-4778-8dde-a0b858fafb96
Sec. 23.1203,23-43,05/10/1993,NPRM,Notice 90-23,1990-09-17,,e8fc95d2-81d6-4cd2-8bb4-886c782bce28
Sec. 23.1203,23-51,03/11/1996,NPRM,Notice 94-19,1994-06-22,,bd204468-afd2-4387-ba74-a5259f16be09
Sec. 23.1301,23-14,12/20/1973,NPRM,Notice 71-13,1971-04-27,,3d4a5552-7e1d-4757-8c90-3d0d9aa874b9
Sec. 23.1301,23-20,09/01/1977,NPRM,Notice 75-10,1975-02-27,,f5163db3-ced3-4212-8bf8-bd6a75e11298
Sec. 23.1301,23-20,09/01/1977,NPRM,Notice 75-23,1975-05-19,,f5163db3-ced3-4212-8bf8-bd6a75e11298
Sec. 23.1301,23-7,09/14/1969,NPRM,Notice 67-14,1967-04-05,,ceee3ddf-768a-4b95-955a-fb7b1a7fdf41
Sec. 23.1301,Initial,02/01/1965,NPRM,Notice 64-17,1964-03-25,,3119759c-4f81-404f-859c-e20483d53f70
Sec. 23.1303,23-17,02/01/1977,NPRM,Notice 74-5,1974-02-14,,3d700ed7-d87e-48f9-86c7-9adf21ca47fc
Sec. 23.1303,23-17,02/01/1977,NPRM,Notice 74-5A,1974-05-22,,3d700ed7-d87e-48f9-86c7-9adf21ca47fc
Sec. 23.1303,23-17,02/01/1977,NPRM,Notice 74-5B,1974-10-03,,3d700ed7-d87e-48f9-86c7-9adf21ca47fc
Sec. 23.1303,23-17,02/01/1977,NPRM,Notice 74-33,1974-10-03,,3d700ed7-d87e-48f9-86c7-9adf21ca47fc
Sec. 23.1303,23-17,02/01/1977,NPRM,Notice 74-5C,1974-11-25,,3d700ed7-d87e-48f9-86c7-9adf21ca47fc
Sec. 23.1303,23-17,02/01/1977,NPRM,Notice 74-5D,1975-02-04,,3d700ed7-d87e-48f9-86c7-9adf21ca47fc
Sec. 23.1303,23-17,02/01/1977,NPRM,Notice 75-10,1975-02-27,,3d700ed7-d87e-48f9-86c7-9adf21ca47fc
Sec. 23.1303,23-17,02/01/1977,NPRM,Notice 75-19,1975-05-13,,3d700ed7-d87e-48f9-86c7-9adf21ca47fc
Sec. 23.1303,23-17,02/01/1977,NPRM,Notice 75-20,1975-05-13,,3d700ed7-d87e-48f9-86c7-9adf21ca47fc
Sec. 23.1303,23-17,02/01/1977,NPRM,Notice 75-23,1975-05-19,,3d700ed7-d87e-48f9-86c7-9adf21ca47fc
Sec. 23.1303,23-17,02/01/1977,NPRM,Notice 75-25,1975-05-29,,3d700ed7-d87e-48f9-86c7-9adf21ca47fc
Sec. 23.1303,23-17,02/01/1977,NPRM,Notice 75-26,1975-06-09,,3d700ed7-d87e-48f9-86c7-9adf21ca47fc
Sec. 23.1303,23-17,02/01/1977,NPRM,Notice 75-31,1975-06-30,,3d700ed7-d87e-48f9-86c7-9adf21ca47fc
Sec. 23.1303,23-43,05/10/1993,NPRM,Notice 90-23,1990-09-17,,2aac219d-a1e9-4758-bc3e-8913daa31f02
Sec. 23.1303,23-49,03/11/1996,NPRM,Notice 94-21,1994-07-14,,e4821950-881a-453b-b266-b2def9e05047
Sec. 23.1303,Initial,02/01/1965,NPRM,Notice 64-17,1964-03-25,,62a6ef23-4838-4494-a911-2a5571a19084
Sec. 23.1305,23-14,12/20/1973,NPRM,Notice 71-13,1971-04-27,,70956cb3-8dd1-42a3-8c27-832c798a1307
Sec. 23.1305,23-15,10/31/1974,NPRM,Notice 71-12,1971-04-26,,17d4b147-9bd4-4ba6-83cc-216392508524
Sec. 23.1305,23-18,05/02/1977,NPRM,Notice 75-10,1975-02-27,,a0390753-7813-4516-9a82-4ca066ac74f4
Sec. 23.1305,23-18,05/02/1977,NPRM,Notice 75-19,1975-05-13,,a0390753-7813-4516-9a82-4ca066ac74f4
Sec. 23.1305,23-26,10/14/1980,NPRM,Notice 74-5,1974-02-14,,2dcfd682-88c3-4933-8c12-376d914035d1
Sec. 23.1305,23-26,10/14/1980,NPRM,Notice 74-5A,1974-05-22,,2dcfd682-88c3-4933-8c12-376d914035d1
Sec. 23.1305,23-26,10/14/1980,NPRM,Notice 74-5B,1974-10-03,,2dcfd682-88c3-4933-8c12-376d914035d1
Sec. 23.1305,23-26,10/14/1980,NPRM,Notice 74-33,1974-10-03,,2dcfd682-88c3-4933-8c12-376d914035d1
Sec. 23.1305,23-26,10/14/1980,NPRM,Notice 74-5C,1974-11-25,,2dcfd682-88c3-4933-8c12-376d914035d1
Sec. 23.1305,23-26,10/14/1980,NPRM,Notice 74-5D,1975-02-04,,2dcfd682-88c3-4933-8c12-376d914035d1
Sec. 23.1305,23-26,10/14/1980,NPRM,Notice 75-10,1975-02-27,,2dcfd682-88c3-4933-8c12-376d914035d1
Sec. 23.1305,23-26,10/14/1980,NPRM,Notice 75-19,1975-05-13,,2dcfd682-88c3-4933-8c12-376d914035d1
Sec. 23.1305,23-26,10/14/1980,NPRM,Notice 75-26,1975-06-09,,2dcfd682-88c3-4933-8c12-376d914035d1
Sec. 23.1305,23-26,10/14/1980,NPRM,Notice 75-31,1975-06-30,,2dcfd682-88c3-4933-8c12-376d914035d1
Sec. 23.1305,23-34,02/17/1987,NPRM,Notice 83-17,1983-09-23,,6462b7e4-d902-487e-9fa9-c75731057cc1
Sec. 23.1305,23-43,05/10/1993,NPRM,Notice 90-23,1990-09-17,,055136b3-3633-4ff7-a4b9-4211676e437d
Sec. 23.1305,23-51,03/11/1996,NPRM,Notice 94-19,1994-06-22,,f7ce8fd1-04d4-455a-8041-710bbacb9751
Sec. 23.1305,23-52,07/25/1996,NPRM,Notice 94-37,1994-12-21,,f8284213-b838-44c1-9260-958387db1ad0
Sec. 23.1305,23-7,09/14/1969,NPRM,Notice 67-14,1967-04-05,,bb66e7a7-7846-42a9-a5c1-374fc49d1cde
Sec. 23.1305,Initial,02/01/1965,NPRM,Notice 64-17,1964-03-25,,13921dd9-b385-4348-af45-12f406759ba6
Sec. 23.1306,23-61,08/08/2011,NPRM,Notice 10-05,,,bc0e0037-c56d-4048-a942-44020a4fe37c
Sec. 23.1307,23-19,07/18/1977,NPRM,Notice 73-1,1973-01-18,,f88fa8fa-1d56-4909-b25e-bef66a10a0f4
Sec. 23.1307,23-23,12/01/1978,NPRM,Notice 75-10,1975-02-27,,6661bd4a-4549-479c-a28c-484f51d093fc
Sec. 23.1307,23-23,12/01/1978,NPRM,Notice 75-19,1975-05-13,,6661bd4a-4549-479c-a28c-484f51d093fc
Sec. 23.1307,23-23,12/01/1978,NPRM,Notice 75-23,1975-05-19,,6661bd4a-4549-479c-a28c-484f51d093fc
Sec. 23.1307,23-23,12/01/1978,NPRM,Notice 75-26,1975-06-09,,6661bd4a-4549-479c-a28c-484f51d093fc
Sec. 23.1307,23-23,12/01/1978,NPRM,Notice 75-31,1975-06-30,,6661bd4a-4549-479c-a28c-484f51d093fc
Sec. 23.1307,23-43,05/10/1993,NPRM,Notice 90-23,1990-09-17,,85d64072-3cd7-4134-b5dd-27695f3500ae
Sec. 23.1307,23-49,03/11/1996,NPRM,Notice 94-21,1994-07-14,,749270c3-d895-4685-938d-b00bd3eb4720
Sec. 23.1307,Initial,02/01/1965,NPRM,Notice 64-17,1964-03-25,,eee7ef6f-40b4-4322-99fe-def1feeabfbc
Sec. 23.1309,23-14,12/20/1973,NPRM,Notice 71-13,1971-04-27,,1fd10b8c-0f2b-4a59-95ad-c921687f0617
Sec. 23.1309,23-17,02/01/1977,NPRM,Notice 74-5,1974-02-14,,0b727d6a-5bad-4c6c-926b-d926911ae3ad
Sec. 23.1309,23-17,02/01/1977,NPRM,Notice 74-5A,1974-05-22,,0b727d6a-5bad-4c6c-926b-d926911ae3ad
Sec. 23.1309,23-17,02/01/1977,NPRM,Notice 74-5B,1974-10-03,,0b727d6a-5bad-4c6c-926b-d926911ae3ad
Sec. 23.1309,23-17,02/01/1977,NPRM,Notice 74-33,1974-10-03,,0b727d6a-5bad-4c6c-926b-d926911ae3ad
Sec. 23.1309,23-17,02/01/1977,NPRM,Notice 74-5C,1974-11-25,,0b727d6a-5bad-4c6c-926b-d926911ae3ad
Sec. 23.1309,23-17,02/01/1977,NPRM,Notice 74-5D,1975-02-04,,0b727d6a-5bad-4c6c-926b-d926911ae3ad
Sec. 23.1309,23-17,02/01/1977,NPRM,Notice 75-10,1975-02-27,,0b727d6a-5bad-4c6c-926b-d926911ae3ad
Sec. 23.1309,23-17,02/01/1977,NPRM,Notice 75-19,1975-05-13,,0b727d6a-5bad-4c6c-926b-d926911ae3ad
Sec. 23.1309,23-17,02/01/1977,NPRM,Notice 75-20,1975-05-13,,0b727d6a-5bad-4c6c-926b-d926911ae3ad
Sec. 23.1309,23-17,02/01/1977,NPRM,Notice 75-23,1975-05-19,,0b727d6a-5bad-4c6c-926b-d926911ae3ad
Sec. 23.1309,23-17,02/01/1977,NPRM,Notice 75-25,1975-05-29,,0b727d6a-5bad-4c6c-926b-d926911ae3ad
Sec. 23.1309,23-17,02/01/1977,NPRM,Notice 75-26,1975-06-09,,0b727d6a-5bad-4c6c-926b-d926911ae3ad
Sec. 23.1309,23-17,02/01/1977,NPRM,Notice 75-31,1975-06-30,,0b727d6a-5bad-4c6c-926b-d926911ae3ad
Sec. 23.1309,23-34,02/17/1987,NPRM,Notice 83-17,1983-09-23,,90ddd30c-503f-4078-941a-950a29e334f0
Sec. 23.1309,23-41,11/26/1990,NPRM,Notice 89-6,1989-02-23,,d59a92a5-68ee-4a4f-965d-851d068e0af9
Sec. 23.1309,23-49,03/11/1996,NPRM,Notice 94-21,1994-07-14,,61042056-7bd8-4b1e-bad2-1ec71f39835b
Sec. 23.1311,23-41,11/26/1990,NPRM,Notice 89-6,1989-02-23,,7d0a32f5-c2e5-4a68-80f3-8cd659f32d3e
Sec. 23.1311,23-49,03/11/1996,NPRM,Notice 94-21,1994-07-14,,2c30abb3-ae29-46df-b0fa-7e73c545dc04
Sec. 23.1321,23-14,12/20/1973,NPRM,Notice 71-13,1971-04-27,,584e12b8-2953-46ff-b4b0-2b8f0402d565
Sec. 23.1321,23-20,09/01/1977,NPRM,Notice 75-10,1975-02-27,,c171e7bb-4587-4ea1-acd3-7f07000ea966
Sec. 23.1321,23-20,09/01/1977,NPRM,Notice 75-23,1975-05-19,,c171e7bb-4587-4ea1-acd3-7f07000ea966
Sec. 23.1321,23-41,11/26/1990,NPRM,Notice 89-6,1989-02-23,,c72a7513-a01a-4a8c-8161-98459426b9c7
Sec. 23.1321,23-49,03/11/1996,NPRM,Notice 94-21,1994-07-14,,207e9521-526b-439c-8c96-038fcf76f687
Sec. 23.1321,Initial,02/01/1965,NPRM,Notice 64-17,1964-03-25,,377e962e-9dde-49f9-945e-24450ea02153
Sec. 23.1322,23-17,02/01/1977,NPRM,Notice 74-5,1974-02-14,,6877335c-2d84-4e3f-866c-620d470c7290
Sec. 23.1322,23-17,02/01/1977,NPRM,Notice 74-5A,1974-05-22,,6877335c-2d84-4e3f-866c-620d470c7290
Sec. 23.1322,23-17,02/01/1977,NPRM,Notice 74-5B,1974-10-03,,6877335c-2d84-4e3f-866c-620d470c7290
Sec. 23.1322,23-17,02/01/1977,NPRM,Notice 74-33,1974-10-03,,6877335c-2d84-4e3f-866c-620d470c7290
Sec. 23.1322,23-17,02/01/1977,NPRM,Notice 74-5C,1974-11-25,,6877335c-2d84-4e3f-866c-620d470c7290
Sec. 23.1322,23-17,02/01/1977,NPRM,Notice 74-5D,1975-02-04,,6877335c-2d84-4e3f-866c-620d470c7290
Sec. 23.1322,23-17,02/01/1977,NPRM,Notice 75-10,1975-02-27,,6877335c-2d84-4e3f-866c-620d470c7290
Sec. 23.1322,23-17,02/01/1977,NPRM,Notice 75-19,1975-05-13,,6877335c-2d84-4e3f-866c-620d470c7290
Sec. 23.1322,23-17,02/01/1977,NPRM,Notice 75-20,1975-05-13,,6877335c-2d84-4e3f-866c-620d470c7290
Sec. 23.1322,23-17,02/01/1977,NPRM,Notice 75-23,1975-05-19,,6877335c-2d84-4e3f-866c-620d470c7290
Sec. 23.1322,23-17,02/01/1977,NPRM,Notice 75-25,1975-05-29,,6877335c-2d84-4e3f-866c-620d470c7290
Sec. 23.1322,23-17,02/01/1977,NPRM,Notice 75-26,1975-06-09,,6877335c-2d84-4e3f-866c-620d470c7290
Sec. 23.1322,23-17,02/01/1977,NPRM,Notice 75-31,1975-06-30,,6877335c-2d84-4e3f-866c-620d470c7290
Sec. 23.1322,23-43,05/10/1993,NPRM,Notice 90-23,1990-09-17,,9b33f373-eb51-40b7-8514-22c81dc25fac
Sec. 23.1323,23-20,09/01/1977,NPRM,Notice 75-10,1975-02-27,,a88316d4-150d-40af-a65f-bf73991d050c
Sec. 23.1323,23-20,09/01/1977,NPRM,Notice 75-23,1975-02-27,,a88316d4-150d-40af-a65f-bf73991d050c
Sec. 23.1323,23-34,02/17/1987,NPRM,Notice 83-17,1983-09-23,,eee6b8d5-d0f8-4406-9029-e49daaceef9e
Sec. 23.1323,23-42,02/04/1991,NPRM,Notice 89-5,1989-02-23,,ecf1be0c-79c3-41b1-b0a4-113ca8d731cf
Sec. 23.1323,23-49,03/11/1996,NPRM,Notice 94-21,1994-07-14,,dd98c563-53b7-4c2d-8af4-8cce92271846
Sec. 23.1323,23-7,09/14/1969,NPRM,Notice 67-14,1967-04-05,,305f2318-3317-43da-b804-8967135e2a24
Sec. 23.1323,Initial,02/01/1965,NPRM,Notice 64-17,1964-03-25,,27e69ac6-070d-4e20-a935-67dbfeafcb6c
Sec. 23.1325,23-1,07/29/1965,NPRM,Notice 64-14,1964-03-03,,2ac023ad-5117-474c-84ee-3ac32139e140
Sec. 23.1325,23-20,09/01/1977,NPRM,Notice 75-10,1975-02-27,,25a15ef9-84b2-40ea-94b9-574119f61f58
Sec. 23.1325,23-20,09/01/1977,NPRM,Notice 75-23,1975-02-27,,25a15ef9-84b2-40ea-94b9-574119f61f58
Sec. 23.1325,23-34,02/17/1987,NPRM,Notice 83-17,1983-09-23,,da64c2a8-2abe-409c-af40-c49b06df7adb
Sec. 23.1325,23-42,02/04/1991,NPRM,Notice 89-5,1989-02-23,,d73152bc-7fab-4f60-bf59-1879499f7c9c
Sec. 23.1325,23-49,03/11/1996,NPRM,Notice 94-21,1994-07-14,,868d53f1-c430-470c-9814-743d3a95db3a
Sec. 23.1325,23-50,03/12/1996,NPRM,Notice 94-22,1994-07-19,,f172f519-455c-46b1-9fe0-a98642fb9d29
Sec. 23.1325,23-6,08/01/1967,NPRM,Notice 66-44,1966-12-22,,f166583f-595a-46f7-8617-0447d93c92eb
Sec. 23.1325,Initial,02/01/1965,NPRM,Notice 64-17,1964-03-25,,5667ccac-15ca-492a-9064-370f315b6fa1
Sec. 23.1326,23-49,03/11/1996,NPRM,Notice 94-21,1994-07-14,,e5699d21-51eb-4850-b9cf-0938014dd10c
Sec. 23.1327,23-20,09/01/1977,NPRM,Notice 75-10,1975-02-27,,c411e4a4-e91b-4143-ad92-e53c90c2aafd
Sec. 23.1327,23-20,09/01/1977,NPRM,Notice 75-23,1975-05-19,,c411e4a4-e91b-4143-ad92-e53c90c2aafd
Sec. 23.1327,Initial,02/01/1965,NPRM,Notice 64-17,1964-03-25,,2c9aa2c7-e9e5-40f3-8ace-1e03a26c42f9
Sec. 23.1329,23-23,12/01/1978,NPRM,Notice 75-10,1975-02-27,,f803520c-4015-48fe-87de-48e656d82191
Sec. 23.1329,23-23,12/01/1978,NPRM,Notice 75-19,1975-05-13,,f803520c-4015-48fe-87de-48e656d82191
Sec. 23.1329,23-23,12/01/1978,NPRM,Notice 75-23,1975-05-19,,f803520c-4015-48fe-87de-48e656d82191
Sec. 23.1329,23-23,12/01/1978,NPRM,Notice 75-26,1975-06-09,,f803520c-4015-48fe-87de-48e656d82191
Sec. 23.1329,23-23,12/01/1978,NPRM,Notice 75-31,1975-06-30,,f803520c-4015-48fe-87de-48e656d82191
Sec. 23.1329,23-43,05/10/1993,NPRM,Notice 90-23,1990-09-17,,3f226039-6a00-4055-a7d0-965fb22ab31f
Sec. 23.1329,23-49,03/11/1996,NPRM,Notice 94-21,1994-07-14,,c8e8644e-d188-4a4c-ae61-36ed7d041e16
Sec. 23.1329,Initial,02/01/1965,NPRM,Notice 64-17,1964-03-25,,c097599e-1125-4e35-b332-dd39dfd90f2f
Sec. 23.1331,23-43,05/10/1993,NPRM,Notice 90-23,1990-09-17,,76913485-bac6-418e-81b9-2b196cb6550c
Sec. 23.1331,Initial,02/01/1965,NPRM,Notice 64-17,1964-03-25,,0ade7552-51f7-4bc1-acc6-d9d726c9ae2f
Sec. 23.1335,23-20,09/01/1977,NPRM,Notice 75-10,1975-02-27,,0f807401-e33c-4d66-a195-96d2902f36a8
Sec. 23.1335,23-20,09/01/1977,NPRM,Notice 75-23,1975-05-19,,0f807401-e33c-4d66-a195-96d2902f36a8
Sec. 23.1335,Initial,02/01/1965,NPRM,Notice 64-17,1964-03-25,,56981b2a-5aeb-41cc-b2c4-0db62d41f753
Sec. 23.1337,23-18,05/02/1977,NPRM,Notice 75-10,1975-02-27,,58b14650-7016-4c49-aab0-897a832734c8
Sec. 23.1337,23-18,05/02/1977,NPRM,Notice 75-19,1975-05-13,,58b14650-7016-4c49-aab0-897a832734c8
Sec. 23.1337,23-43,05/10/1993,NPRM,Notice 90-23,1990-09-17,,83ac2aea-244f-4b63-9a4c-d46d423fa622
Sec. 23.1337,23-49,03/11/1996,NPRM,Notice 94-21,1994-07-14,,e266be95-978e-4f7e-acfc-cb4486ea8216
Sec. 23.1337,23-51,03/12/1996,NPRM,Notice 94-19,1994-06-22,,cd00d6e8-7560-4d0b-9678-dc82fae2b399
Sec. 23.1337,23-7,09/14/1969,NPRM,Notice 67-14,1967-04-05,,fa887039-c598-4a96-bf36-41d7894f3b13
Sec. 23.1337,Initial,02/01/1965,NPRM,Notice 64-17,1964-03-25,,99760f1e-b059-46a7-b33d-1fb8eb61038a
Sec. 23.1351,23-14,12/20/1973,NPRM,Notice 71-13,1971-04-27,,fe3be904-01dd-4186-a385-13be94a2f612
Sec. 23.1351,23-17,02/01/1977,NPRM,Notice 74-5,1974-02-14,,c60f107a-a64c-4b0a-9775-a0202c99a7ea
Sec. 23.1351,23-17,02/01/1977,NPRM,Notice 74-5A,1974-05-22,,c60f107a-a64c-4b0a-9775-a0202c99a7ea
Sec. 23.1351,23-17,02/01/1977,NPRM,Notice 74-5B,1974-10-03,,c60f107a-a64c-4b0a-9775-a0202c99a7ea
Sec. 23.1351,23-17,02/01/1977,NPRM,Notice 74-33,1974-10-03,,c60f107a-a64c-4b0a-9775-a0202c99a7ea
Sec. 23.1351,23-17,02/01/1977,NPRM,Notice 74-5C,1974-11-25,,c60f107a-a64c-4b0a-9775-a0202c99a7ea
Sec. 23.1351,23-17,02/01/1977,NPRM,Notice 74-5D,1975-02-04,,c60f107a-a64c-4b0a-9775-a0202c99a7ea
Sec. 23.1351,23-17,02/01/1977,NPRM,Notice 75-10,1975-02-27,,c60f107a-a64c-4b0a-9775-a0202c99a7ea
Sec. 23.1351,23-17,02/01/1977,NPRM,Notice 75-19,1975-05-13,,c60f107a-a64c-4b0a-9775-a0202c99a7ea
Sec. 23.1351,23-17,02/01/1977,NPRM,Notice 75-20,1975-05-13,,c60f107a-a64c-4b0a-9775-a0202c99a7ea
Sec. 23.1351,23-17,02/01/1977,NPRM,Notice 75-23,1975-05-19,,c60f107a-a64c-4b0a-9775-a0202c99a7ea
Sec. 23.1351,23-17,02/01/1977,NPRM,Notice 75-25,1975-05-29,,c60f107a-a64c-4b0a-9775-a0202c99a7ea
Sec. 23.1351,23-17,02/01/1977,NPRM,Notice 75-26,1975-06-09,,c60f107a-a64c-4b0a-9775-a0202c99a7ea
Sec. 23.1351,23-17,02/01/1977,NPRM,Notice 75-31,1975-06-30,,c60f107a-a64c-4b0a-9775-a0202c99a7ea
Sec. 23.1351,23-20,09/01/1977,NPRM,Notice 75-10,1975-02-27,,4e2821af-a8a8-4998-b57f-6da94a38ff30
Sec. 23.1351,23-20,09/01/1977,NPRM,Notice 75-23,1975-05-19,,4e2821af-a8a8-4998-b57f-6da94a38ff30
Sec. 23.1351,23-34,02/17/1987,NPRM,Notice 83-17,1983-09-23,,3ed3f9c2-9551-4c96-84f5-d27e577fcc13
Sec. 23.1351,23-43,05/10/1993,NPRM,Notice 90-23,1990-09-17,,c67f3098-9534-45a0-8b2f-634b90166266
Sec. 23.1351,23-49,03/11/1996,NPRM,Notice 94-21,1994-07-14,,26d15032-8c8b-4901-bb07-22a3f327b18c
Sec. 23.1351,23-7,09/14/1969,NPRM,Notice 67-14,1967-04-05,,696ea85b-159c-4b66-b37b-414001051f6f
Sec. 23.1351,Initial,02/01/1965,NPRM,Notice 64-17,1964-03-25,,478e8abb-e6ff-493a-b0ea-102637a282ab
Sec. 23.1353,23-20,09/01/1977,NPRM,Notice 75-10,1975-02-27,,cd5db9f5-bdd3-4a59-a63d-94843688d33e
Sec. 23.1353,23-20,09/01/1977,NPRM,Notice 75-23,1975-05-19,,cd5db9f5-bdd3-4a59-a63d-94843688d33e
Sec. 23.1353,23-21,03/01/1978,NPRM,Notice 75-10,1975-02-27,,d3c58806-6164-4446-847f-f533db2b34e0
Sec. 23.1353,23-21,03/01/1978,NPRM,Notice 75-25,1975-05-29,,d3c58806-6164-4446-847f-f533db2b34e0
Sec. 23.1353,23-49,03/11/1996,NPRM,Notice 94-21,1994-07-14,,4eb3846f-83c4-4fb0-aed3-4603c1ce36ff
Sec. 23.1353,Initial,02/01/1965,NPRM,Notice 64-17,1964-03-25,,56addbed-1b25-4901-898e-667f23f6ed6c
Sec. 23.1357,23-20,09/01/1977,NPRM,Notice 75-10,1975-02-27,,a1131e13-c27d-41bb-a872-dd1af2f12d06
Sec. 23.1357,23-20,09/01/1977,NPRM,Notice 75-23,1975-05-19,,a1131e13-c27d-41bb-a872-dd1af2f12d06
Sec. 23.1357,23-43,05/10/1993,NPRM,Notice 90-23,1990-09-17,,5382ba3b-f202-42a1-bc7a-a44e40c3fec7
Sec. 23.1357,Initial,02/01/1965,NPRM,Notice 64-17,1964-03-25,,c3333eb1-63d1-406c-a05a-8dcfefaeaff6
Sec. 23.1359,23-49,03/11/1996,NPRM,Notice 94-21,1994-07-14,,35598611-cf6f-4d9c-8989-cbaafa3a8b72
Sec. 23.1361,23-20,09/01/1977,NPRM,Notice 75-10,1975-02-27,,c9426747-0804-4018-9ebd-1b5d0292c5eb
Sec. 23.1361,23-20,09/01/1977,NPRM,Notice 75-23,1975-05-19,,c9426747-0804-4018-9ebd-1b5d0292c5eb
Sec. 23.1361,23-43,05/10/1993,NPRM,Notice 90-23,1990-09-17,,74e3da9a-05a6-4be0-8e63-a6d8b3c83d91
Sec. 23.1361,23-49,03/11/1996,NPRM,Notice 94-21,1994-07-14,,15dd4700-39e6-484d-a10a-d568c2ad7456
Sec. 23.1361,Initial,02/01/1965,NPRM,Notice 64-17,1964-03-25,,fddf54ba-e942-44ac-8bbe-6ef53d55a690
Sec. 23.1365,23-14,12/20/1973,NPRM,Notice 71-13,1971-04-27,,da840287-c12a-4a27-9b11-5d7be30e583e
Sec. 23.1365,23-43,05/10/1993,NPRM,Notice 90-23,1990-09-17,,1389d4bd-13c6-4fd5-954f-03d0853f1c5f
Sec. 23.1365,23-49,03/11/1996,NPRM,Notice 94-21,1994-07-14,,74a2e215-d727-4666-81f7-5bcf1680d3da
Sec. 23.1365,Initial,02/01/1965,NPRM,Notice 64-17,1964-03-25,,e369d077-e419-4977-9541-1dddbcb43143
Sec. 23.1367,Initial,02/01/1965,NPRM,Notice 64-17,1964-03-25,,ab302f5f-b569-4eb7-9d1c-182c288ffdaf
Sec. 23.1381,Initial,02/01/1965,NPRM,Notice 64-17,1964-03-25,,aa374fef-7532-4783-a8ec-b30a2accb0d5
Sec. 23.1383,23-49,03/11/1996,NPRM,Notice 94-21,1994-07-14,,bc091496-e84f-484a-9972-92c8feae623f
Sec. 23.1383,Initial,02/01/1965,NPRM,Notice 64-17,1964-03-25,,4a574465-f499-4544-8680-5510c50e31c8
Sec. 23.1385,23-17,02/01/1977,NPRM,Notice 74-5,1974-02-14,,286001a4-6558-461c-901f-7096b8392ce2
Sec. 23.1385,23-17,02/01/1977,NPRM,Notice 74-5A,1974-05-22,,286001a4-6558-461c-901f-7096b8392ce2
Sec. 23.1385,23-17,02/01/1977,NPRM,Notice 74-5B,1974-10-03,,286001a4-6558-461c-901f-7096b8392ce2
Sec. 23.1385,23-17,02/01/1977,NPRM,Notice 74-33,1974-10-03,,286001a4-6558-461c-901f-7096b8392ce2
Sec. 23.1385,23-17,02/01/1977,NPRM,Notice 74-5C,1974-11-25,,286001a4-6558-461c-901f-7096b8392ce2
Sec. 23.1385,23-17,02/01/1977,NPRM,Notice 74-5D,1975-02-04,,286001a4-6558-461c-901f-7096b8392ce2
Sec. 23.1385,23-17,02/01/1977,NPRM,Notice 75-10,1975-02-27,,286001a4-6558-461c-901f-7096b8392ce2
Sec. 23.1385,23-17,02/01/1977,NPRM,Notice 75-19,1975-05-13,,286001a4-6558-461c-901f-7096b8392ce2
Sec. 23.1385,23-17,02/01/1977,NPRM,Notice 75-20,1975-05-13,,286001a4-6558-461c-901f-7096b8392ce2
Sec. 23.1385,23-17,02/01/1977,NPRM,Notice 75-23,1975-05-19,,286001a4-6558-461c-901f-7096b8392ce2
Sec. 23.1385,23-17,02/01/1977,NPRM,Notice 75-25,1975-05-29,,286001a4-6558-461c-901f-7096b8392ce2
Sec. 23.1385,23-17,02/01/1977,NPRM,Notice 75-26,1975-06-09,,286001a4-6558-461c-901f-7096b8392ce2
Sec. 23.1385,23-17,02/01/1977,NPRM,Notice 75-31,1975-06-30,,286001a4-6558-461c-901f-7096b8392ce2
Sec. 23.1385,23-43,05/10/1993,NPRM,Notice 90-23,1990-09-17,,a7c20b3b-78f1-4a3b-900b-96f494c27cf9
Sec. 23.1385,Initial,02/01/1965,NPRM,Notice 64-17,1964-03-25,,9d16e5a2-ff4f-42ce-8653-cd11c3cd70e3
Sec. 23.1387,23-43,05/10/1993,NPRM,Notice 90-23,1990-09-17,,99d6babf-c6e6-41fa-9066-0dbf886df438
Sec. 23.1387,Initial,02/01/1965,NPRM,Notice 64-17,1964-03-25,,bff88871-13b9-44bc-b92d-a7f572bbabe0
Sec. 23.1389,23-43,05/10/1993,NPRM,Notice 90-23,1990-09-17,,a58a117c-df03-4082-bda7-8146d4a1af9b
Sec. 23.1389,Initial,02/01/1965,NPRM,Notice 64-17,1964-03-25,,bb9549af-eae8-483d-9da8-46687eb96069
Sec. 23.1391,23-43,05/10/1993,NPRM,Notice 90-23,1990-09-17,,50654bfc-4223-43d3-9b25-767563cd0509
Sec. 23.1391,Initial,02/01/1965,NPRM,Notice 64-17,1964-03-25,,03a91c93-ae04-4cd2-9ced-c207ef132199
Sec. 23.1393,23-43,05/10/1993,NPRM,Notice 90-23,1990-09-17,,25f1db41-7cbb-4191-9d43-ec87ce0fbfac
Sec. 23.1393,Initial,02/01/1965,NPRM,Notice 64-17,1964-03-25,,55a24014-55fc-4ef8-9d35-11ab2bdfa5f4
Sec. 23.1395,23-43,05/10/1993,NPRM,Notice 90-23,1990-09-17,,acbeec9c-f040-4a65-a613-e6b6fa8e7d7d
Sec. 23.1395,Initial,02/01/1965,NPRM,Notice 64-17,1964-03-25,,c055ffcb-5ede-4bc0-88da-5e83546309f6
Sec. 23.1397,23-11,08/11/1971,NPRM,Notice 70-21,1970-05-28,,79f95707-6acc-4528-8f9f-aca57427f9b0
Sec. 23.1397,Initial,02/01/1965,NPRM,Notice 64-17,1964-03-25,,ccc8cde7-ae17-4415-b536-b00ade77a6df
Sec. 23.1399,Initial,02/01/1965,NPRM,Notice 64-17,1964-03-25,,97a95b7d-05b9-4a22-80b7-34b7a68d298b
Sec. 23.1401,23-11,08/11/1971,NPRM,Notice 70-21,1970-05-28,,205ede1c-732f-4b7d-b87f-57a014105919
Sec. 23.1401,23-20,09/01/1977,NPRM,Notice 75-10,1975-02-27,,bf6f7ca1-a663-40a8-96de-6dae9b7ee09c
Sec. 23.1401,23-20,09/01/1977,NPRM,Notice 75-23,1975-02-27,,bf6f7ca1-a663-40a8-96de-6dae9b7ee09c
Sec. 23.1401,23-49,03/11/1996,NPRM,Notice 94-21,1994-07-14,,deb467d8-3cf9-452b-92fa-20717c3cb36e
Sec. 23.1401,Initial,02/01/1965,NPRM,Notice 64-17,1964-03-25,,7f544843-8d45-4cba-9e28-04a33f3d2a41
Sec. 23.141,23-17,02/01/1977,NPRM,Notice 74-5,1974-02-14,,fccf9a25-85aa-4125-9969-d3985c2f170c
Sec. 23.141,23-17,02/01/1977,NPRM,Notice 74-5A,1974-05-22,,fccf9a25-85aa-4125-9969-d3985c2f170c
Sec. 23.141,23-17,02/01/1977,NPRM,Notice 74-5B,1974-10-03,,fccf9a25-85aa-4125-9969-d3985c2f170c
Sec. 23.141,23-17,02/01/1977,NPRM,Notice 74-33,1974-10-03,,fccf9a25-85aa-4125-9969-d3985c2f170c
Sec. 23.141,23-17,02/01/1977,NPRM,Notice 74-5C,1974-11-25,,fccf9a25-85aa-4125-9969-d3985c2f170c
Sec. 23.141,23-17,02/01/1977,NPRM,Notice 74-5D,1975-02-04,,fccf9a25-85aa-4125-9969-d3985c2f170c
Sec. 23.141,23-17,02/01/1977,NPRM,Notice 75-10,1975-02-27,,fccf9a25-85aa-4125-9969-d3985c2f170c
Sec. 23.141,23-17,02/01/1977,NPRM,Notice 75-19,1975-05-13,,fccf9a25-85aa-4125-9969-d3985c2f170c
Sec. 23.141,23-17,02/01/1977,NPRM,Notice 75-20,1975-05-13,,fccf9a25-85aa-4125-9969-d3985c2f170c
Sec. 23.141,23-17,02/01/1977,NPRM,Notice 75-23,1975-05-19,,fccf9a25-85aa-4125-9969-d3985c2f170c
Sec. 23.141,23-17,02/01/1977,NPRM,Notice 75-25,1975-05-29,,fccf9a25-85aa-4125-9969-d3985c2f170c
Sec. 23.141,23-17,02/01/1977,NPRM,Notice 75-26,1975-06-09,,fccf9a25-85aa-4125-9969-d3985c2f170c
Sec. 23.141,23-17,02/01/1977,NPRM,Notice 75-31,1975-06-30,,fccf9a25-85aa-4125-9969-d3985c2f170c
Sec. 23.141,23-45,09/07/1993,NPRM,Notice 90-18,1990-06-15,,a3b3e22d-0ead-4a40-b992-58f9166bc6cb
Sec. 23.141,23-7,09/14/1969,NPRM,Notice 67-14,1967-04-05,,e34b8250-b55f-4f69-8b6a-847653803605
Sec. 23.141,Initial,02/01/1965,NPRM,Notice 64-17,1964-03-25,,c8f5a284-8740-4277-bf35-c029060f57ea
Sec. 23.1411,23-17,02/01/1977,NPRM,Notice 74-5,1974-02-14,,c8693983-6943-4a2d-801e-0d0e54ef9ad6
Sec. 23.1411,23-17,02/01/1977,NPRM,Notice 74-5A,1974-05-22,,c8693983-6943-4a2d-801e-0d0e54ef9ad6
Sec. 23.1411,23-17,02/01/1977,NPRM,Notice 74-5B,1974-10-03,,c8693983-6943-4a2d-801e-0d0e54ef9ad6
Sec. 23.1411,23-17,02/01/1977,NPRM,Notice 74-33,1974-10-03,,c8693983-6943-4a2d-801e-0d0e54ef9ad6
Sec. 23.1411,23-17,02/01/1977,NPRM,Notice 74-5C,1974-11-25,,c8693983-6943-4a2d-801e-0d0e54ef9ad6
Sec. 23.1411,23-17,02/01/1977,NPRM,Notice 74-5D,1975-02-04,,c8693983-6943-4a2d-801e-0d0e54ef9ad6
Sec. 23.1411,23-17,02/01/1977,NPRM,Notice 75-10,1975-02-27,,c8693983-6943-4a2d-801e-0d0e54ef9ad6
Sec. 23.1411,23-17,02/01/1977,NPRM,Notice 75-19,1975-05-13,,c8693983-6943-4a2d-801e-0d0e54ef9ad6
Sec. 23.1411,23-17,02/01/1977,NPRM,Notice 75-20,1975-05-13,,c8693983-6943-4a2d-801e-0d0e54ef9ad6
Sec. 23.1411,23-17,02/01/1977,NPRM,Notice 75-23,1975-05-19,,c8693983-6943-4a2d-801e-0d0e54ef9ad6
Sec. 23.1411,23-17,02/01/1977,NPRM,Notice 75-25,1975-05-29,,c8693983-6943-4a2d-801e-0d0e54ef9ad6
Sec. 23.1411,23-17,02/01/1977,NPRM,Notice 75-26,1975-06-09,,c8693983-6943-4a2d-801e-0d0e54ef9ad6
Sec. 23.1411,23-17,02/01/1977,NPRM,Notice 75-31,1975-06-30,,c8693983-6943-4a2d-801e-0d0e54ef9ad6
Sec. 23.1411,23-36,09/14/1988,NPRM,Notice 86-19,1986-11-28,,2892e01c-8dc1-423a-85c0-974ac34d7e2c
Sec. 23.1411,Initial,02/01/1965,NPRM,Notice 64-17,1964-03-25,,d9673272-f313-4c4b-b083-1ce5197dc7ad
Sec. 23.1413,23-22,12/14/1978,NPRM,Notice 77-20,1977-08-24,,70622bb1-2b10-42fe-b8cf-490efbb87483
Sec. 23.1413,23-36,09/14/1988,NPRM,Notice 86-19,1986-11-28,,e0307758-ef31-423b-847a-1d79413e363a
Sec. 23.1413,23-49,03/11/1996,NPRM,Notice 94-21,1994-07-14,,c35d96bd-4c12-4a54-ba5a-bc4b6e26d825
Sec. 23.1413,23-7,09/14/1969,NPRM,Notice 67-14,1967-04-05,,68cc2a92-ac78-431f-8445-855b595388fe
Sec. 23.1413,Initial,02/01/1965,NPRM,Notice 64-17,1964-03-25,,4e868b05-5613-457c-901d-c25288d6a0dc
Sec. 23.1415,Initial,02/01/1965,NPRM,Notice 64-17,1964-03-25,,a23dcc6a-5dae-48d3-b97b-1eec726d2fce
Sec. 23.1416,23-23,12/01/1978,NPRM,Notice 75-10,1975-02-27,,5d01145a-5d96-4e9c-9cee-d3b0053b53c6
Sec. 23.1416,23-23,12/01/1978,NPRM,Notice 75-19,1975-05-13,,5d01145a-5d96-4e9c-9cee-d3b0053b53c6
Sec. 23.1416,23-23,12/01/1978,NPRM,Notice 75-23,1975-05-19,,5d01145a-5d96-4e9c-9cee-d3b0053b53c6
Sec. 23.1416,23-23,12/01/1978,NPRM,Notice 75-26,1975-06-09,,5d01145a-5d96-4e9c-9cee-d3b0053b53c6
Sec. 23.1416,23-23,12/01/1978,NPRM,Notice 75-31,1975-06-30,,5d01145a-5d96-4e9c-9cee-d3b0053b53c6
Sec. 23.1419,23-14,12/20/1973,NPRM,Notice 71-13,1971-04-27,,f3c45585-5859-41ba-af75-cfac316fbbb6
Sec. 23.1419,23-43,05/10/1993,NPRM,Notice 90-23,1990-09-17,,dd852d06-a309-421c-a825-1324525cb211
Sec. 23.1419,Initial,02/01/1965,NPRM,Notice 64-17,1964-03-25,,3741c0dc-567a-418a-aa39-eea39eb50504
Sec. 23.143,23-14,12/20/1973,NPRM,Notice 71-13,1971-04-27,,d2866075-a538-46ae-b80c-f9288a454df7
Sec. 23.143,23-17,02/01/1977,NPRM,Notice 74-5,1974-02-14,,5e45df30-047f-49de-96e3-70a44a103cdb
Sec. 23.143,23-17,02/01/1977,NPRM,Notice 74-5A,1974-05-22,,5e45df30-047f-49de-96e3-70a44a103cdb
Sec. 23.143,23-17,02/01/1977,NPRM,Notice 74-5B,1974-10-03,,5e45df30-047f-49de-96e3-70a44a103cdb
Sec. 23.143,23-17,02/01/1977,NPRM,Notice 74-33,1974-10-03,,5e45df30-047f-49de-96e3-70a44a103cdb
Sec. 23.143,23-17,02/01/1977,NPRM,Notice 74-5C,1974-11-25,,5e45df30-047f-49de-96e3-70a44a103cdb
Sec. 23.143,23-17,02/01/1977,NPRM,Notice 74-5D,1975-02-04,,5e45df30-047f-49de-96e3-70a44a103cdb
Sec. 23.143,23-17,02/01/1977,NPRM,Notice 75-10,1975-02-27,,5e45df30-047f-49de-96e3-70a44a103cdb
Sec. 23.143,23-17,02/01/1977,NPRM,Notice 75-19,1975-05-13,,5e45df30-047f-49de-96e3-70a44a103cdb
Sec. 23.143,23-17,02/01/1977,NPRM,Notice 75-20,1975-05-13,,5e45df30-047f-49de-96e3-70a44a103cdb
Sec. 23.143,23-17,02/01/1977,NPRM,Notice 75-23,1975-05-19,,5e45df30-047f-49de-96e3-70a44a103cdb
Sec. 23.143,23-17,02/01/1977,NPRM,Notice 75-25,1975-05-29,,5e45df30-047f-49de-96e3-70a44a103cdb
Sec. 23.143,23-17,02/01/1977,NPRM,Notice 75-26,1975-06-09,,5e45df30-047f-49de-96e3-70a44a103cdb
Sec. 23.143,23-17,02/01/1977,NPRM,Notice 75-31,1975-06-30,,5e45df30-047f-49de-96e3-70a44a103cdb
Sec. 23.143,23-45,09/07/1993,NPRM,Notice 90-18,1990-06-15,,c1df3481-1724-4a93-a632-3850473abaf2
Sec. 23.143,23-50,03/11/1996,NPRM,Notice 94-22,1994-07-19,,f6bdbb3e-88e4-4c7e-a866-3a65f5d4d00e
Sec. 23.143,Initial,02/01/1965,NPRM,Notice 64-17,1964-03-25,,9031c107-be58-461d-abad-e761552c4650
Sec. 23.1431,23-43,05/10/1993,NPRM,Notice 90-23,1990-09-17,,4a1b5af1-8a05-486f-9e5a-f082419e2fa3
Sec. 23.1431,23-49,03/11/1996,NPRM,Notice 94-21,1994-07-14,,7b3529f1-1e7e-4b93-b2b7-ca1cdb365aa5
Sec. 23.1431,Initial,02/01/1965,NPRM,Notice 64-17,1964-03-25,,354a30f5-19b6-466a-82ed-1b2d7c61b905
Sec. 23.1435,23-14,12/20/1973,NPRM,Notice 71-13,1971-04-27,,a33acef6-a408-407b-aafa-76b509a9da5d
Sec. 23.1435,23-43,05/10/1993,NPRM,Notice 90-23,1990-09-17,,606526c7-7489-4a2d-a56d-0c94c8e125ed
Sec. 23.1435,23-49,03/11/1996,NPRM,Notice 94-21,1994-07-14,,da114d65-759a-4354-9d51-d78a0586189e
Sec. 23.1435,23-7,09/14/1969,NPRM,Notice 67-14,1967-04-05,,e541b3fc-cc84-4e21-9493-c6707f5f9d03
Sec. 23.1435,Initial,02/01/1965,NPRM,Notice 64-17,1964-03-25,,67260e07-e348-4833-8869-8f81d4e8333c
Sec. 23.1437,Initial,02/01/1965,NPRM,Notice 64-17,1964-03-25,,07ce3c9f-0a51-4d51-bc82-f80ad52e6bef
Sec. 23.1438,23-20,09/01/1977,NPRM,Notice 75-10,1975-02-27,,11132148-3e1a-43a9-ab3e-4ef46b26ba89
Sec. 23.1438,23-20,09/01/1977,NPRM,Notice 75-23,1975-05-19,,11132148-3e1a-43a9-ab3e-4ef46b26ba89
Sec. 23.1441,23-43,05/10/1993,NPRM,Notice 90-23,1990-09-17,,b960a245-1675-4d5a-866a-ea2ad1c63009
Sec. 23.1441,23-9,06/17/1970,NPRM,Notice 67-30,1967-07-11,,aef2264d-1d11-4eb2-a7ee-e2c25df32f43
Sec. 23.1443,23-43,05/10/1993,NPRM,Notice 90-23,1990-09-17,,12ff30f6-8147-4614-b022-a84fc3785ec3
Sec. 23.1443,23-9,06/17/1970,NPRM,Notice 67-30,1967-07-11,,94bd6b82-e755-4a4e-b0c7-165201d70bc2
Sec. 23.1445,23-43,05/10/1993,NPRM,Notice 90-23,1990-09-17,,ea991b6a-7c6f-4f3f-9f70-4fa1db567f3a
Sec. 23.1447,23-20,09/01/1977,NPRM,Notice 75-10,1975-02-27,,847cb844-f621-4a51-981a-e809039378f9
Sec. 23.1447,23-20,09/01/1977,NPRM,Notice 75-23,1975-05-19,,847cb844-f621-4a51-981a-e809039378f9
Sec. 23.1447,23-30,03/29/1984,NPRM,Notice 82-16,1982-09-30,,4d00b074-e27b-48d2-95f6-1a2c71d18fb0
Sec. 23.1447,23-43,05/10/1993,NPRM,Notice 90-23,1990-09-17,,8b64d91c-00d1-4f1c-9c24-2c6d114989e6
Sec. 23.1447,23-49,03/11/1996,NPRM,Notice 94-21,1994-07-14,,1047e260-39fd-4c73-b27b-b0215f1e59e8
Sec. 23.1447,23-9,06/17/1970,NPRM,Notice 67-30,1967-07-11,,4130e05f-af5a-4a6a-ab02-63ca5ad6007f
Sec. 23.1449,23-9,06/17/1970,NPRM,Notice 67-30,1967-07-11,,f37f2207-3b41-4aaf-9b5f-505b6bea29f8
Sec. 23.145,23-14,12/20/1973,NPRM,Notice 71-13,1971-04-27,,f4505c3b-904b-4722-aebd-7a96012acc8b
Sec. 23.145,23-17,02/01/1977,NPRM,Notice 74-5,1974-02-14,,915838cd-7d4f-4f01-b0fb-0d024111cb73
Sec. 23.145,23-17,02/01/1977,NPRM,Notice 74-5A,1974-02-14,,915838cd-7d4f-4f01-b0fb-0d024111cb73
Sec. 23.145,23-17,02/01/1977,NPRM,Notice 74-5B,1974-02-14,,915838cd-7d4f-4f01-b0fb-0d024111cb73
Sec. 23.145,23-17,02/01/1977,NPRM,Notice 74-33,1974-02-14,,915838cd-7d4f-4f01-b0fb-0d024111cb73
Sec. 23.145,23-17,02/01/1977,NPRM,Notice 74-5C,1974-02-14,,915838cd-7d4f-4f01-b0fb-0d024111cb73
Sec. 23.145,23-17,02/01/1977,NPRM,Notice 74-5D,1974-02-14,,915838cd-7d4f-4f01-b0fb-0d024111cb73
Sec. 23.145,23-17,02/01/1977,NPRM,Notice 75-10,1974-02-14,,915838cd-7d4f-4f01-b0fb-0d024111cb73
Sec. 23.145,23-17,02/01/1977,NPRM,Notice 75-19,1974-02-14,,915838cd-7d4f-4f01-b0fb-0d024111cb73
Sec. 23.145,23-17,02/01/1977,NPRM,Notice 75-20,1974-02-14,,915838cd-7d4f-4f01-b0fb-0d024111cb73
Sec. 23.145,23-17,02/01/1977,NPRM,Notice 75-23,1974-02-14,,915838cd-7d4f-4f01-b0fb-0d024111cb73
Sec. 23.145,23-17,02/01/1977,NPRM,Notice 75-25,1974-02-14,,915838cd-7d4f-4f01-b0fb-0d024111cb73
Sec. 23.145,23-17,02/01/1977,NPRM,Notice 75-26,1974-02-14,,915838cd-7d4f-4f01-b0fb-0d024111cb73
Sec. 23.145,23-17,02/01/1977,NPRM,Notice 75-31,1974-02-14,,915838cd-7d4f-4f01-b0fb-0d024111cb73
Sec. 23.145,23-45,09/07/1993,NPRM,Notice 90-18,1990-06-15,,dd9f26d1-7f5a-406e-ab6e-18dfcf30b598
Sec. 23.145,23-50,03/11/1996,NPRM,Notice 94-22,1994-07-19,,cc66a228-b0c5-4328-a766-ab70063c872c
Sec. 23.145,23-7,09/14/1969,NPRM,Notice 67-14,1967-04-05,,ae83ed8b-96f4-457d-9900-e13e5cc82746
Sec. 23.145,Initial,02/01/1965,NPRM,Notice 64-17,1964-03-25,,76b23bc7-a86d-4525-a6da-5481a8abd63c
Sec. 23.1450,23-20,09/01/1977,NPRM,Notice 75-10,1975-02-27,,6c327ebd-2064-4feb-b62f-c86afd05b78e
Sec. 23.1450,23-20,09/01/1977,NPRM,Notice 75-23,1975-05-19,,6c327ebd-2064-4feb-b62f-c86afd05b78e
Sec. 23.1451,23-49,03/11/1996,NPRM,Notice 94-21,1994-07-14,,ae92db4a-6957-419f-9bbd-daa7c31f9b48
Sec. 23.1453,23-49,03/11/1996,NPRM,Notice 94-21,1994-07-14,,039f96eb-4544-41ca-9d48-c42cd2abddea
Sec. 23.1457,23-35,10/11/1988,NPRM,Notice 88-1,1988-02-09,,49749914-8410-4d0d-8aef-c1f8e6ad27c0
Sec. 23.1457,23-58,07/09/2009,NPRM,Notice 88-1,1988-02-09,,fcecb1ef-bc24-4f7c-8b7f-6e729a4e134a
Sec. 23.1457,23-58,04/07/2008,NPRM,Notice 88-1,1988-02-09,,49084bbe-107b-402d-a5f6-8dd125749746
Sec. 23.1459,23-35,10/11/1988,NPRM,Notice 88-1,1988-02-09,,771b269c-1154-44ee-99fb-620d5be6af1b
Sec. 23.1459,23-58,04/07/2008,NPRM,Notice 88-1,1988-02-09,,01febd5f-98c7-407e-b945-b024e4e8b378
Sec. 23.1459,23-58,07/09/2009,NPRM,Notice 88-1,1988-02-09,,de059537-a2d4-4756-812b-2f0515282438
Sec. 23.1461,23-20,09/01/1977,NPRM,Notice 75-10,1975-02-27,,831cbeb1-4056-4f6c-a900-558e7272eb82
Sec. 23.1461,23-20,09/01/1977,NPRM,Notice 75-23,1975-05-19,,831cbeb1-4056-4f6c-a900-558e7272eb82
Sec. 23.1461,23-49,03/11/1996,NPRM,Notice 94-21,1994-07-14,,bb1b6f8f-c6bc-4bf0-92f1-d93b00870d8a
Sec. 23.147,23-45,09/07/1993,NPRM,Notice 90-18,1990-06-15,,465015e0-1012-407d-a872-a737985d8240
Sec. 23.147,23-50,03/11/1996,NPRM,Notice 94-22,1994-07-19,,6a88db78-b85e-42a1-a5f6-6c68a8a99d00
Sec. 23.147,Initial,02/01/1965,NPRM,Notice 64-17,1964-03-25,,781be8d6-ffec-4831-b7f1-df79f17da17c
Sec. 23.149,23-21,03/01/1978,NPRM,Notice 75-10,1975-02-27,,ab83f51f-40d1-435c-a1cd-4a5869a2443f
Sec. 23.149,23-21,03/01/1978,NPRM,Notice 75-25,1975-02-27,,ab83f51f-40d1-435c-a1cd-4a5869a2443f
Sec. 23.149,23-45,09/07/1993,NPRM,Notice 90-18,1990-06-15,,db16f302-be3e-4602-a64a-635764cfb304
Sec. 23.149,23-50,03/11/1996,NPRM,Notice 94-22,1994-07-19,,fa429d42-8dd9-454e-a05e-506c5b4e191a
Sec. 23.149,23-7,09/14/1969,NPRM,Notice 67-14,1967-04-05,,58f2bea2-20fc-4048-b0de-46b61f878f08
Sec. 23.149,Initial,02/01/1965,NPRM,Notice 64-17,1964-03-25,,b847e333-5ccc-44ee-bc16-482752ed3bdd
Sec. 23.1501,23-21,03/01/1978,NPRM,Notice 75-10,1975-02-27,,110ad923-b0a0-496d-8403-900470bfd1db
Sec. 23.1501,23-21,03/01/1978,NPRM,Notice 75-25,1975-05-29,,110ad923-b0a0-496d-8403-900470bfd1db
Sec. 23.1501,23-7,09/14/1969,NPRM,Notice 67-14,1967-04-05,,fe9a2f90-848c-4774-9bc3-e4b4c3f7cd75
Sec. 23.1501,Initial,02/01/1965,NPRM,Notice 64-17,1964-03-25,,fbeba747-4af1-4fd0-8f24-1d1261191f84
Sec. 23.1505,23-7,09/14/1969,NPRM,Notice 67-14,1967-04-05,,13009508-b49f-45d0-8dd2-7df46f9231ef
Sec. 23.1505,Initial,02/01/1965,NPRM,Notice 64-17,1964-03-25,,d2a15cc0-aebe-40bf-a838-c5e319c654ef
Sec. 23.1507,23-45,09/07/1993,NPRM,Notice 90-18,1990-06-15,,ece3d27e-e735-41c3-9fc9-e0f52760ed97
Sec. 23.1507,Initial,02/01/1965,NPRM,Notice 64-17,1964-03-25,,69300651-15db-4272-a3d9-dc5d9b7ce939
Sec. 23.151,Initial,02/01/1965,NPRM,Notice 64-17,1964-03-25,,8e7520db-5f7d-49f0-86a1-d5693418af30
Sec. 23.1511,23-50,03/11/1996,NPRM,Notice 94-22,1994-07-19,,36da1063-28d2-4aca-99b7-214b56fc2dad
Sec. 23.1511,Initial,02/01/1965,NPRM,Notice 64-17,1964-03-25,,e23d25b6-c9ce-47f0-a2e1-fe0cdfac09e4
Sec. 23.1513,Initial,02/01/1965,NPRM,Notice 64-17,1964-03-25,,6390ae4e-0ca5-4039-b16b-8b7498aadf8e
Sec. 23.1519,Initial,02/01/1965,NPRM,Notice 64-17,1964-03-25,,8c83fa62-9acb-4522-8cd0-246c295940e3
Sec. 23.1521,23-21,03/01/1978,NPRM,Notice 75-10,1975-02-27,,6164bb1d-6315-4915-8ede-933697d3230f
Sec. 23.1521,23-21,03/01/1978,NPRM,Notice 75-25,1975-05-29,,6164bb1d-6315-4915-8ede-933697d3230f
Sec. 23.1521,23-45,09/07/1993,NPRM,Notice 90-18,1990-06-15,,a59c8ca3-075a-4126-964b-86acd594681e
Sec. 23.1521,23-50,03/11/1996,NPRM,Notice 94-22,1994-07-19,,1e63ef84-4d5f-480b-a50f-f74241cf5582
Sec. 23.1521,Initial,02/01/1965,NPRM,Notice 64-17,1964-03-25,,e6cb25bc-2140-480d-8811-e8e5b8c777f3
Sec. 23.1522,23-45,09/07/1993,NPRM,Notice 90-18,1990-06-15,,1426ff3b-f2b6-4554-84bd-8d290bfa3215
Sec. 23.1523,23-21,03/01/1978,NPRM,Notice 75-10,1975-02-27,,f03c9b77-8199-441f-8d7e-681531f2ab6a
Sec. 23.1523,23-21,03/01/1978,NPRM,Notice 75-25,1975-05-29,,f03c9b77-8199-441f-8d7e-681531f2ab6a
Sec. 23.1523,23-34,02/17/1987,NPRM,Notice 83-17,1983-09-23,,e97f04ff-2273-4153-aee8-549029249e1a
Sec. 23.1523,Initial,02/01/1965,NPRM,Notice 64-17,1964-03-25,,2e773c55-92e0-4d70-abeb-a4cfa09e0907
Sec. 23.1524,23-10,03/13/1971,NPRM,Notice 70-25,1970-06-30,,060cb102-7be0-45d6-9381-162d707f5c6f
Sec. 23.1525,23-45,09/07/1993,NPRM,Notice 90-18,1990-06-15,,bc46c0cd-175b-4b41-8926-152185178061
Sec. 23.1525,Initial,02/01/1965,NPRM,Notice 64-17,1964-03-25,,7ecf49b4-1669-4903-9f15-2a23e80caba4
Sec. 23.1527,23-45,09/07/1993,NPRM,Notice 90-18,1990-06-15,,d53927a6-682b-41a8-a2d9-695d5ee0b13a
Sec. 23.1527,23-7,09/14/1969,NPRM,Notice 67-14,1967-04-05,,be5f415b-9cc2-4604-8e1d-5bda2a914706
Sec. 23.1529,23-26,10/14/1980,NPRM,Notice 74-5,1974-02-14,,70660f40-f253-48d3-8e19-595a45841a65
Sec. 23.1529,23-26,10/14/1980,NPRM,Notice 74-5A,1974-05-22,,70660f40-f253-48d3-8e19-595a45841a65
Sec. 23.1529,23-26,10/14/1980,NPRM,Notice 74-5B,1974-10-03,,70660f40-f253-48d3-8e19-595a45841a65
Sec. 23.1529,23-26,10/14/1980,NPRM,Notice 74-33,1974-10-03,,70660f40-f253-48d3-8e19-595a45841a65
Sec. 23.1529,23-26,10/14/1980,NPRM,Notice 74-5C,1974-11-25,,70660f40-f253-48d3-8e19-595a45841a65
Sec. 23.1529,23-26,10/14/1980,NPRM,Notice 74-5D,1975-02-04,,70660f40-f253-48d3-8e19-595a45841a65
Sec. 23.1529,23-26,10/14/1980,NPRM,Notice 75-10,1975-02-27,,70660f40-f253-48d3-8e19-595a45841a65
Sec. 23.1529,23-26,10/14/1980,NPRM,Notice 75-19,1975-05-13,,70660f40-f253-48d3-8e19-595a45841a65
Sec. 23.1529,23-26,10/14/1980,NPRM,Notice 75-26,1975-06-09,,70660f40-f253-48d3-8e19-595a45841a65
Sec. 23.1529,23-26,10/14/1980,NPRM,Notice 75-31,1975-06-30,,70660f40-f253-48d3-8e19-595a45841a65
Sec. 23.1529,23-8,02/05/1970,NPRM,Notice 69-10,1969-03-14,,2155edcf-a3c3-4e7e-9082-5252be09a111
Sec. 23.153,23-14,12/20/1973,NPRM,Notice 71-13,1971-04-27,,0fd848c2-3ec7-4f0e-8e97-93e44b5f1b10
Sec. 23.153,23-45,09/07/1993,NPRM,Notice 90-18,1990-06-15,,ca716a63-1559-4a66-85f6-11c0da6fff37
Sec. 23.153,23-50,03/11/1996,NPRM,Notice 94-22,1994-07-19,,bd532e92-ff05-48d6-b396-2b1476421abe
Sec. 23.1541,23-13,10/23/1972,NPRM,Notice 70-47,1970-11-18,,9f9019a2-f559-4c40-9943-8fb41af971b6
Sec. 23.1541,23-21,03/01/1978,NPRM,Notice 75-10,1975-02-27,,bb52ff84-8c28-4965-84a8-eed96b48e44e
Sec. 23.1541,23-21,03/01/1978,NPRM,Notice 75-25,1975-05-29,,bb52ff84-8c28-4965-84a8-eed96b48e44e
Sec. 23.1541,Initial,02/01/1965,NPRM,Notice 64-17,1964-03-25,,d2065b10-4942-4d80-98b0-b4da124e8252
Sec. 23.1543,23-50,03/11/1996,NPRM,Notice 94-22,1994-07-19,,a29e1817-f7cf-41a8-8fc7-abb8310f4d4e
Sec. 23.1543,Initial,02/01/1965,NPRM,Notice 64-17,1964-03-25,,931b631a-016d-4252-815e-f8b68f4ce4cf
Sec. 23.1545,23-23,12/01/1978,NPRM,Notice 75-10,1975-02-27,,ebdd60dc-c6ab-4174-bdcb-91df0969468c
Sec. 23.1545,23-23,12/01/1978,NPRM,Notice 75-19,1975-02-27,,ebdd60dc-c6ab-4174-bdcb-91df0969468c
Sec. 23.1545,23-23,12/01/1978,NPRM,Notice 75-23,1975-02-27,,ebdd60dc-c6ab-4174-bdcb-91df0969468c
Sec. 23.1545,23-23,12/01/1978,NPRM,Notice 75-26,1975-02-27,,ebdd60dc-c6ab-4174-bdcb-91df0969468c
Sec. 23.1545,23-23,12/01/1978,NPRM,Notice 75-31,1975-02-27,,ebdd60dc-c6ab-4174-bdcb-91df0969468c
Sec. 23.1545,23-50,03/11/1996,NPRM,Notice 94-22,1994-07-19,,a861f5bb-01c1-4f2f-802b-6aef137a8cda
Sec. 23.1545,23-7,09/14/1969,NPRM,Notice 67-14,1967-04-05,,334ebd78-30e4-420f-9bb0-8ed82c621de9
Sec. 23.1545,Initial,02/01/1965,NPRM,Notice 64-17,1964-03-25,,c9fb3c38-6e5b-4be9-bbe5-174a35ea50f7
Sec. 23.1547,23-20,09/01/1977,NPRM,Notice 75-10,1975-02-27,,dbbb014b-c33d-4c88-90f4-4cda975ceda9
Sec. 23.1547,23-20,09/01/1977,NPRM,Notice 75-23,1975-05-19,,dbbb014b-c33d-4c88-90f4-4cda975ceda9
Sec. 23.1547,Initial,02/01/1965,NPRM,Notice 64-17,1964-03-25,,71921077-76b6-4962-88a6-c7a4bb162aea
Sec. 23.1549,23-17,02/01/1977,NPRM,Notice 74-5,1974-02-14,,7b222d68-a6e0-453e-a0c7-d8566111efed
Sec. 23.1549,23-17,02/01/1977,NPRM,Notice 74-5A,1974-05-22,,7b222d68-a6e0-453e-a0c7-d8566111efed
Sec. 23.1549,23-17,02/01/1977,NPRM,Notice 74-5B,1974-10-03,,7b222d68-a6e0-453e-a0c7-d8566111efed
Sec. 23.1549,23-17,02/01/1977,NPRM,Notice 74-33,1974-10-03,,7b222d68-a6e0-453e-a0c7-d8566111efed
Sec. 23.1549,23-17,02/01/1977,NPRM,Notice 74-5C,1974-11-25,,7b222d68-a6e0-453e-a0c7-d8566111efed
Sec. 23.1549,23-17,02/01/1977,NPRM,Notice 74-5D,1975-02-04,,7b222d68-a6e0-453e-a0c7-d8566111efed
Sec. 23.1549,23-17,02/01/1977,NPRM,Notice 75-10,1975-02-27,,7b222d68-a6e0-453e-a0c7-d8566111efed
Sec. 23.1549,23-17,02/01/1977,NPRM,Notice 75-19,1975-05-13,,7b222d68-a6e0-453e-a0c7-d8566111efed
Sec. 23.1549,23-17,02/01/1977,NPRM,Notice 75-20,1975-05-13,,7b222d68-a6e0-453e-a0c7-d8566111efed
Sec. 23.1549,23-17,02/01/1977,NPRM,Notice 75-23,1975-05-19,,7b222d68-a6e0-453e-a0c7-d8566111efed
Sec. 23.1549,23-17,02/01/1977,NPRM,Notice 75-25,1975-05-29,,7b222d68-a6e0-453e-a0c7-d8566111efed
Sec. 23.1549,23-17,02/01/1977,NPRM,Notice 75-26,1975-06-09,,7b222d68-a6e0-453e-a0c7-d8566111efed
Sec. 23.1549,23-17,02/01/1977,NPRM,Notice 75-31,1975-06-30,,7b222d68-a6e0-453e-a0c7-d8566111efed
Sec. 23.1549,23-28,04/28/1982,NPRM,Notice 80-23,1980-11-28,,9cb2c4ad-054d-4731-80a0-bf0dab7a3aac
Sec. 23.1549,23-45,09/07/1993,NPRM,Notice 90-18,1990-06-15,,89816336-720c-4494-8407-452b3e13688c
Sec. 23.1549,Initial,02/01/1965,NPRM,Notice 64-17,1964-03-25,,ef7370a0-6273-4c2f-a685-5fb2069d6641
Sec. 23.155,23-14,12/20/1973,NPRM,Notice 71-13,1971-04-27,,c58326af-6c75-40df-a4aa-eeb5acb6ca2d
Sec. 23.155,23-45,09/07/1993,NPRM,Notice 90-18,1990-06-15,,211e8a96-322f-412b-8ac8-ad20efa902d5
Sec. 23.155,23-50,03/11/1996,NPRM,Notice 94-22,1994-07-19,,3aaa1b61-dec7-41f8-939b-140698b1f542
Sec. 23.1551,Initial,02/01/1965,NPRM,Notice 64-17,1964-03-25,,b7048cf4-3c39-437a-8a55-4fbd3dd52922
Sec. 23.1553,23-50,03/11/1996,NPRM,Notice 94-22,1994-07-19,,b47dc0c5-6d20-4226-b8a9-c86fed6ccc0b
Sec. 23.1553,Initial,02/01/1965,NPRM,Notice 64-17,1964-03-25,,27df4ee9-12d4-4439-bd3a-0fd223fc80fe
Sec. 23.1555,23-21,03/01/1978,NPRM,Notice 75-10,1975-02-27,,6cf2d2c0-e5cf-489b-891e-ec4f530d0b88
Sec. 23.1555,23-21,03/01/1978,NPRM,Notice 75-25,1975-05-29,,6cf2d2c0-e5cf-489b-891e-ec4f530d0b88
Sec. 23.1555,23-50,03/11/1996,NPRM,Notice 94-22,1994-07-19,,f4175d46-ce06-40c9-bf7d-82e24721776b
Sec. 23.1555,Initial,02/01/1965,NPRM,Notice 64-17,1964-03-25,,dc078cc4-aa33-4b63-a4b3-a92d900b377b
Sec. 23.1557,23-14,12/20/1973,NPRM,Notice 71-13,1971-04-27,,b9f01024-8e67-4df9-8b19-5bf1edd540ac
Sec. 23.1557,23-18,05/02/1977,NPRM,Notice 75-10,1975-02-27,,1ac46dde-daed-4efc-9847-5730979b7db2
Sec. 23.1557,23-18,05/02/1977,NPRM,Notice 75-19,1975-05-13,,1ac46dde-daed-4efc-9847-5730979b7db2
Sec. 23.1557,23-23,12/01/1978,NPRM,Notice 75-10,1975-02-27,,595f10a4-780b-494b-b7ee-d7ef38a51ad6
Sec. 23.1557,23-23,12/01/1978,NPRM,Notice 75-19,1975-05-13,,595f10a4-780b-494b-b7ee-d7ef38a51ad6
Sec. 23.1557,23-23,12/01/1978,NPRM,Notice 75-23,1975-05-19,,595f10a4-780b-494b-b7ee-d7ef38a51ad6
Sec. 23.1557,23-23,12/01/1978,NPRM,Notice 75-26,1975-06-09,,595f10a4-780b-494b-b7ee-d7ef38a51ad6
Sec. 23.1557,23-23,12/01/1978,NPRM,Notice 75-31,1975-06-30,,595f10a4-780b-494b-b7ee-d7ef38a51ad6
Sec. 23.1557,23-45,09/07/1993,NPRM,Notice 90-18,1990-06-15,,d625d789-364f-4387-be02-7269d51df3b6
Sec. 23.1557,23-7,09/14/1969,NPRM,Notice 67-14,1967-04-05,,16ef1e2e-5269-4d17-9463-eb088a9206eb
Sec. 23.1557,Initial,02/01/1965,NPRM,Notice 64-17,1964-03-25,,ee7854a8-f09e-424a-8bf5-bb26eac070e5
Sec. 23.1559,23-13,10/23/1972,NPRM,Notice 70-47,1970-11-18,,16f83e10-4fc4-4179-bd8e-b9e6dc59d42f
Sec. 23.1559,23-21,03/01/1978,NPRM,Notice 75-10,1975-02-27,,ed2ca027-edcd-42b7-818d-43f4785556c0
Sec. 23.1559,23-21,03/01/1978,NPRM,Notice 75-25,1975-05-29,,ed2ca027-edcd-42b7-818d-43f4785556c0
Sec. 23.1559,23-50,03/11/1996,NPRM,Notice 94-22,1994-07-19,,4df27fc6-908e-4131-82cf-55f842a2cc18
Sec. 23.1559,Initial,02/01/1965,NPRM,Notice 64-17,1964-03-25,,6bc86207-f3c6-4037-8a1d-5ecabeb1927d
Sec. 23.1561,Initial,02/01/1965,NPRM,Notice 64-17,1964-03-25,,211140a3-0b24-4f64-ba15-5e94f18b2fe6
Sec. 23.1563,23-45,09/07/1993,NPRM,Notice 90-18,1990-06-15,,eb3365fc-2d5d-4849-a0d3-24b5ecc8c5d6
Sec. 23.1563,23-50,03/11/1996,NPRM,Notice 94-22,1994-07-19,,6e373c22-95b5-457f-b897-077c73b66f15
Sec. 23.1563,23-7,09/14/1969,NPRM,Notice 67-14,1967-04-05,,bb5891b0-8f95-4818-a5fa-678c068964fe
Sec. 23.1563,Initial,02/01/1965,NPRM,Notice 64-17,1964-03-25,,2967f7a7-63d6-47e4-a352-2054d0d1e7d9
Sec. 23.1567,23-21,03/01/1978,NPRM,Notice 75-10,1975-02-27,,49ccc85f-c16b-49f4-9c11-097ac4678f0f
Sec. 23.1567,23-21,03/01/1978,NPRM,Notice 75-25,1975-05-29,,49ccc85f-c16b-49f4-9c11-097ac4678f0f
Sec. 23.1567,23-50,03/11/1996,NPRM,Notice 94-22,1994-07-19,,0dcdc054-6d3a-4f80-96e6-86e75ca0702a
Sec. 23.1567,Initial,02/01/1965,NPRM,Notice 64-17,1964-03-25,,0365146e-64b1-4eb2-b720-035bdaac7073
Sec. 23.157,23-14,12/20/1973,NPRM,Notice 71-13,1971-04-27,,cd94c108-dd06-421c-b303-e0fb5ae6410c
Sec. 23.157,23-45,09/07/1993,NPRM,Notice 90-18,1990-06-15,,792dd781-5537-44b2-aed9-5d4a4f5b3c05
Sec. 23.157,23-50,03/11/1996,NPRM,Notice 94-22,1994-07-19,,d249d489-3365-41d5-93bf-82a09d9dcd29
Sec. 23.1581,23-13,10/23/1972,NPRM,Notice 70-47,1970-11-18,,cd09ae1a-25f6-46cd-83f4-d874269c6d87
Sec. 23.1581,23-21,03/01/1978,NPRM,Notice 75-10,1975-02-27,,d1a75f9e-7f0b-4475-8518-c7f19a72fbb9
Sec. 23.1581,23-21,03/01/1978,NPRM,Notice 75-25,1975-05-29,,d1a75f9e-7f0b-4475-8518-c7f19a72fbb9
Sec. 23.1581,23-34,02/17/1987,NPRM,Notice 83-17,1983-09-23,,d4dba16d-8714-4f21-91b1-ff61d5bd67a1
Sec. 23.1581,23-45,09/07/1993,NPRM,Notice 90-18,1990-06-15,,90d81f24-fc11-416e-8fca-4e5af38463bd
Sec. 23.1581,23-50,03/11/1996,NPRM,Notice 94-22,1994-07-19,,badd0fb0-10cb-40f5-9c03-2cafbd35ac39
Sec. 23.1581,Initial,02/01/1965,NPRM,Notice 64-17,1964-03-25,,3363bd82-0998-4cda-96fe-4f38cc22fc36
Sec. 23.1583,23-10,03/13/1971,NPRM,Notice 70-25,1970-06-30,,67cb31c6-e5bd-46b4-b413-c8b702a0b28b
Sec. 23.1583,23-13,10/23/1972,NPRM,Notice 70-47,1970-11-18,,e2b29480-e052-4dca-b28d-6e484d7cff26
Sec. 23.1583,23-21,03/01/1978,NPRM,Notice 75-10,1975-02-27,,ea07104d-8cb5-444a-b9c6-0fa209cca42f
Sec. 23.1583,23-21,03/01/1978,NPRM,Notice 75-25,1975-05-29,,ea07104d-8cb5-444a-b9c6-0fa209cca42f
Sec. 23.1583,23-23,12/01/1978,NPRM,Notice 75-10,1975-02-27,,8446d174-8abb-4618-9076-be3b9c22af96
Sec. 23.1583,23-23,12/01/1978,NPRM,Notice 75-19,1975-05-13,,8446d174-8abb-4618-9076-be3b9c22af96
Sec. 23.1583,23-23,12/01/1978,NPRM,Notice 75-23,1975-05-19,,8446d174-8abb-4618-9076-be3b9c22af96
Sec. 23.1583,23-23,12/01/1978,NPRM,Notice 75-26,1975-06-09,,8446d174-8abb-4618-9076-be3b9c22af96
Sec. 23.1583,23-23,12/01/1978,NPRM,Notice 75-31,1975-06-30,,8446d174-8abb-4618-9076-be3b9c22af96
Sec. 23.1583,23-34,02/17/1987,NPRM,Notice 83-17,1983-09-23,,f77a3d55-85f1-4e52-9c1d-118b8c08c220
Sec. 23.1583,23-45,09/07/1993,NPRM,Notice 90-18,1990-06-15,,453831d1-509d-4dae-a92a-9b4a608b36bd
Sec. 23.1583,23-50,03/11/1996,NPRM,Notice 94-22,1994-07-19,,d45b4699-a62f-4277-9de1-3a7618593a0f
Sec. 23.1583,23-7,09/14/1969,NPRM,Notice 67-14,1967-04-05,,73103768-8045-45ad-a5ae-9fef854153b3
Sec. 23.1583,Initial,02/01/1965,NPRM,Notice 64-17,1964-03-25,,22a70097-0959-44c5-bfe0-036c6ed635a4
Sec. 23.1585,23-13,10/23/1972,NPRM,Notice 70-47,1970-11-18,,82fe1365-b2c5-4bf8-bf6a-44c3d8bdb787
Sec. 23.1585,23-21,03/01/1978,NPRM,Notice 75-10,1975-02-27,,77b42193-fea6-487a-af8c-c14f7cea8ce2
Sec. 23.1585,23-21,03/01/1978,NPRM,Notice 75-25,1975-05-29,,77b42193-fea6-487a-af8c-c14f7cea8ce2
Sec. 23.1585,23-23,12/01/1978,NPRM,Notice 75-10,1975-02-27,,b99ad4f4-87f0-4d56-8dfb-1bb457148d2a
Sec. 23.1585,23-23,12/01/1978,NPRM,Notice 75-19,1975-05-13,,b99ad4f4-87f0-4d56-8dfb-1bb457148d2a
Sec. 23.1585,23-23,12/01/1978,NPRM,Notice 75-23,1975-05-19,,b99ad4f4-87f0-4d56-8dfb-1bb457148d2a
Sec. 23.1585,23-23,12/01/1978,NPRM,Notice 75-26,1975-06-09,,b99ad4f4-87f0-4d56-8dfb-1bb457148d2a
Sec. 23.1585,23-23,12/01/1978,NPRM,Notice 75-31,1975-06-30,,b99ad4f4-87f0-4d56-8dfb-1bb457148d2a
Sec. 23.1585,23-34,02/17/1987,NPRM,Notice 83-17,1983-09-23,,2233e281-a8c7-4332-bd3a-2529e711fe11
Sec. 23.1585,23-45,09/07/1993,NPRM,Notice 90-18,1990-06-15,,f241e84a-ec75-4f06-8afa-7634fd0e63c9
Sec. 23.1585,23-5,06/04/1967,NPRM,Notice 65-43,1965-12-28,,3b9910f6-fdeb-4e3d-9a2a-3395e60ba9a0
Sec. 23.1585,23-50,03/11/1996,NPRM,Notice 94-22,1994-07-19,,a68cf6db-1e08-4ac8-80af-7061b9882ec0
Sec. 23.1585,23-7,09/14/1969,NPRM,Notice 67-14,1967-04-05,,f73abe86-f7c0-4152-b59b-5ab4100aa016
Sec. 23.1585,Initial,02/01/1965,NPRM,Notice 64-17,1964-03-25,,a06ea7a4-69cf-45a3-8185-106f321c19e9
Sec. 23.1587,23-13,10/23/1972,NPRM,Notice 70-47,1970-11-18,,086f2383-380d-43d6-9c64-8f82d9fc10bc
Sec. 23.1587,23-21,03/01/1978,NPRM,Notice 75-10,1975-02-27,,b8dfc459-35cd-4666-8686-445ee9d02f7a
Sec. 23.1587,23-21,03/01/1978,NPRM,Notice 75-25,1975-02-27,,b8dfc459-35cd-4666-8686-445ee9d02f7a
Sec. 23.1587,23-28,04/28/1982,NPRM,Notice 80-23,1980-11-28,,9f589325-c705-4e61-868b-74e62b21a367
Sec. 23.1587,23-34,02/17/1987,NPRM,Notice 83-17,1983-09-23,,82c7ccd0-9b24-4a18-bbc7-1f4c28de3575
Sec. 23.1587,23-45,09/07/1993,NPRM,Notice 90-18,1990-06-15,,0cb6e556-c7ba-4c56-8aae-236506677ee7
Sec. 23.1587,23-50,03/11/1996,NPRM,Notice 94-22,1994-07-19,,86847054-abf2-4315-bb6f-ae1390862678
Sec. 23.1587,23-7,09/14/1969,NPRM,Notice 67-14,1967-04-05,,ea9825f0-8dc2-43b1-89df-e946654735c6
Sec. 23.1587,Initial,02/01/1965,NPRM,Notice 64-17,1964-03-25,,ed666f07-80eb-4fcb-bbb5-9ea92db4bdb2
Sec. 23.1589,23-13,10/23/1972,NPRM,Notice 70-47,1970-11-18,,42b473b0-22f3-4f82-9995-640171d69f89
Sec. 23.1589,23-45,09/07/1993,NPRM,Notice 90-18,1990-06-15,,44db6297-bf10-4b94-9034-7dc770987a05
Sec. 23.1589,23-50,03/11/1996,NPRM,Notice 94-22,1994-07-19,,0e574e17-fc2a-4695-9afe-4ee7c5ae848f
Sec. 23.1589,Initial,02/01/1965,NPRM,Notice 64-17,1964-03-25,,b016b674-21ac-41b1-b829-9a313fbdfe22
Sec. 23.161,23-14,12/20/1973,NPRM,Notice 71-13,1971-04-27,,e4a8bef8-29a5-485f-938a-f9368a4513c7
Sec. 23.161,23-21,03/01/1978,NPRM,Notice 75-10,1975-02-27,,46b025dc-e658-46a8-ad6e-f8d6fe47c1f6
Sec. 23.161,23-21,03/01/1978,NPRM,Notice 75-25,1975-02-27,,46b025dc-e658-46a8-ad6e-f8d6fe47c1f6
Sec. 23.161,23-34,02/17/1987,NPRM,Notice 83-17,1983-09-23,,65e7b0e0-07ea-4466-9496-d4722732c002
Sec. 23.161,23-42,02/04/1991,NPRM,Notice 89-5,1989-02-23,,1a7622ae-58a5-4c8a-ac77-d68b2640b927
Sec. 23.161,23-50,03/11/1996,NPRM,Notice 94-22,1994-07-19,,4da009e2-36c2-46de-af74-c81b8af23898
Sec. 23.161,23-7,09/14/1969,NPRM,Notice 67-14,1967-04-05,,d3d7a0c4-7e9e-4d77-9d71-13b3dab7dfca
Sec. 23.161,Initial,02/01/1965,NPRM,Notice 64-17,1964-03-25,,314e7965-649c-414f-a77a-c4040c8e142d
Sec. 23.171,Initial,02/01/1965,NPRM,Notice 64-17,1964-03-25,,189c21d0-3ecc-4731-b0a5-ca2f666d6d6d
Sec. 23.173,23-14,12/20/1973,NPRM,Notice 71-13,1971-04-27,,f3d6202d-8b04-49e6-8bc2-df9c88b55550
Sec. 23.173,23-34,02/17/1987,NPRM,Notice 83-17,1983-09-23,,ea989a62-70d0-4382-bf06-fc0c083d5efe
Sec. 23.173,Initial,02/01/1965,NPRM,Notice 64-17,1964-03-25,,f8933566-69cc-486e-b0c9-468d4d24c544
Sec. 23.175,23-14,12/20/1973,NPRM,Notice 71-13,1971-04-27,,90b922c3-3a2f-4ff9-a385-5be653dcdb29
Sec. 23.175,23-17,02/01/1977,NPRM,Notice 74-5,1974-02-14,,eeb2bca4-5ba4-4699-ae28-2119b8b0ef18
Sec. 23.175,23-17,02/01/1977,NPRM,Notice 74-5A,1974-02-14,,eeb2bca4-5ba4-4699-ae28-2119b8b0ef18
Sec. 23.175,23-17,02/01/1977,NPRM,Notice 74-5B,1974-02-14,,eeb2bca4-5ba4-4699-ae28-2119b8b0ef18
Sec. 23.175,23-17,02/01/1977,NPRM,Notice 74-33,1974-02-14,,eeb2bca4-5ba4-4699-ae28-2119b8b0ef18
Sec. 23.175,23-17,02/01/1977,NPRM,Notice 74-5C,1974-02-14,,eeb2bca4-5ba4-4699-ae28-2119b8b0ef18
Sec. 23.175,23-17,02/01/1977,NPRM,Notice 74-5D,1974-02-14,,eeb2bca4-5ba4-4699-ae28-2119b8b0ef18
Sec. 23.175,23-17,02/01/1977,NPRM,Notice 75-10,1974-02-14,,eeb2bca4-5ba4-4699-ae28-2119b8b0ef18
Sec. 23.175,23-17,02/01/1977,NPRM,Notice 75-19,1974-02-14,,eeb2bca4-5ba4-4699-ae28-2119b8b0ef18
Sec. 23.175,23-17,02/01/1977,NPRM,Notice 75-20,1974-02-14,,eeb2bca4-5ba4-4699-ae28-2119b8b0ef18
Sec. 23.175,23-17,02/01/1977,NPRM,Notice 75-23,1974-02-14,,eeb2bca4-5ba4-4699-ae28-2119b8b0ef18
Sec. 23.175,23-17,02/01/1977,NPRM,Notice 75-25,1974-02-14,,eeb2bca4-5ba4-4699-ae28-2119b8b0ef18
Sec. 23.175,23-17,02/01/1977,NPRM,Notice 75-26,1974-02-14,,eeb2bca4-5ba4-4699-ae28-2119b8b0ef18
Sec. 23.175,23-17,02/01/1977,NPRM,Notice 75-31,1974-02-14,,eeb2bca4-5ba4-4699-ae28-2119b8b0ef18
Sec. 23.175,23-21,03/01/1978,NPRM,Notice 75-10,1975-02-27,,9262889d-0665-41de-98d5-775d3a893e64
Sec. 23.175,23-21,03/01/1978,NPRM,Notice 75-25,1975-02-27,,9262889d-0665-41de-98d5-775d3a893e64
Sec. 23.175,23-34,02/17/1987,NPRM,Notice 83-17,1983-09-23,,b5360d15-ae6e-4930-9204-6cac3464fb4e
Sec. 23.175,23-45,09/07/1993,NPRM,Notice 90-18,1990-06-15,,097cbdb8-620a-4e1c-812b-ea054595b33b
Sec. 23.175,23-50,03/11/1996,NPRM,Notice 94-22,1994-07-19,,89ac91c6-730b-4db0-8f02-1c41982923a9
Sec. 23.175,23-7,09/14/1969,NPRM,Notice 67-14,1967-04-05,,e5fba93a-60e9-4827-b411-860b46c3ab28
Sec. 23.175,Initial,02/01/1965,NPRM,Notice 64-17,1964-03-25,,d19902dc-740e-44ee-84e7-57e0d9e045d1
Sec. 23.177,23-21,03/01/1978,NPRM,Notice 75-10,1975-02-27,,bdc1e604-e12c-46e0-a3f3-495a57843073
Sec. 23.177,23-21,03/01/1978,NPRM,Notice 75-25,1975-02-27,,bdc1e604-e12c-46e0-a3f3-495a57843073
Sec. 23.177,23-45,09/07/1993,NPRM,Notice 90-18,1990-06-15,,5a650480-db76-4cb4-bdf4-4a5d7fecb07a
Sec. 23.177,23-50,03/11/1996,NPRM,Notice 94-22,1994-07-19,,28d1329d-92f9-488b-9c05-14e0a75d281e
Sec. 23.177,Initial,02/01/1965,NPRM,Notice 64-17,1964-03-25,,657dd56d-fc0a-43a8-aa07-8a62acb622fe
Sec. 23.179,23-45,09/07/1993,NPRM,Notice 90-18,1990-06-15,,457a6dd8-0f3a-49bd-b7b2-293aafb55ab0
Sec. 23.179,Initial,02/01/1965,NPRM,Notice 64-17,1964-03-25,,71272e9c-a8e7-4a58-91c1-30f69c00774c
Sec. 23.181,23-21,03/01/1978,NPRM,Notice 75-10,1975-02-27,,3141f915-c832-4949-895f-4dcbd1d7a76f
Sec. 23.181,23-21,03/01/1978,NPRM,Notice 75-25,1975-02-27,,3141f915-c832-4949-895f-4dcbd1d7a76f
Sec. 23.181,23-45,09/07/1993,NPRM,Notice 90-18,1990-06-15,,84059ba6-ed6f-43f6-b2f0-f0e44454cb7c
Sec. 23.181,Initial,02/01/1965,NPRM,Notice 64-17,1964-03-25,,736dd31d-affa-4f4c-9a36-2b64a08a7ac2
Sec. 23.2,23-32,12/12/1985,NPRM,Notice 85-11,1985-04-28,,2fb186bd-1b22-4ef0-8bac-ef3306e96df1
Sec. 23.2,23-36,09/14/1988,NPRM,Notice 86-19,1986-11-28,,c1370550-f445-4b9e-9c61-86b57953e3c5
Sec. 23.201,23-14,12/20/1973,NPRM,Notice 71-13,1971-04-27,,c0a2fbf5-9524-4c10-9ae0-f9714d108342
Sec. 23.201,23-45,09/07/1993,NPRM,Notice 90-18,1990-06-15,,5dc1dcc0-e706-41bd-a218-306d49a4bb29
Sec. 23.201,23-50,03/11/1996,NPRM,Notice 94-22,1994-07-19,,f3104c3f-efda-4b73-8bc4-a6018356cf96
Sec. 23.201,23-7,09/14/1969,NPRM,Notice 67-14,1967-04-05,,cc8a5e94-2734-4295-9a36-dc3cdd8d6561
Sec. 23.201,Initial,02/01/1965,NPRM,Notice 64-17,1964-03-25,,99036cf0-e35f-4e38-a957-425757ed48e3
Sec. 23.203,23-14,12/20/1973,NPRM,Notice 71-13,1971-04-27,,42815554-9620-41ea-9b1b-a86f26819aeb
Sec. 23.203,23-45,09/07/1993,NPRM,Notice 90-18,1990-06-15,,980ffcbf-c621-4d75-aae8-601f8825190b
Sec. 23.203,23-50,03/11/1996,NPRM,Notice 94-22,1994-07-19,,865385d8-e906-4d7c-8ac3-d57945e78ccd
Sec. 23.203,Initial,02/01/1965,NPRM,Notice 64-17,1964-03-25,,dba8a708-d136-435e-b08d-f38c85b0965a
Sec. 23.205,23-14,12/20/1973,NPRM,Notice 71-13,1971-04-27,,f2893cfd-aa7f-4e9f-ba23-72b0d182b0fd
Sec. 23.205,23-45,09/07/1993,NPRM,Notice 90-18,1990-06-15,,867d7a9f-462d-43a7-a5f9-93cdc5776cd3
Sec. 23.205,23-50,03/11/1996,NPRM,Notice 94-22,1994-07-19,,023b1917-c01d-4c07-8c3d-780dd2826f3f
Sec. 23.205,Initial,02/01/1965,NPRM,Notice 64-17,1964-03-25,,ca946a6e-e34e-47bb-8edf-0f76f7749c26
Sec. 23.207,23-45,09/07/1993,NPRM,Notice 90-18,1990-06-15,,d55174eb-2063-4ef1-a1db-ad8980372260
Sec. 23.207,23-50,03/11/1996,NPRM,Notice 94-22,1994-07-19,,ac014dbf-01fa-4d98-8a4e-b5fdf183c4e7
Sec. 23.207,23-7,09/14/1969,NPRM,Notice 67-14,1967-04-05,,6e1f42c0-f194-4313-9e06-0a064457c53f
Sec. 23.207,Initial,02/01/1965,NPRM,Notice 64-17,1964-03-25,,bc287b06-c1b8-4bd3-99da-51dc9831253b
Sec. 23.21,Initial,02/01/1965,NPRM,Notice 64-17,1964-03-25,,86038759-ef2f-40c5-be1a-ef2a72fbc48a
Sec. 23.221,23-42,02/04/1991,NPRM,Notice 89-5,1989-02-23,,fa982ba3-6ee3-4bdb-88e2-c46ccf9c78f0
Sec. 23.221,23-50,03/11/1996,NPRM,Notice 94-22,1994-07-19,,4ee8c467-edd3-4126-9114-7744fa1027a1
Sec. 23.221,23-7,09/14/1969,NPRM,Notice 67-14,1967-04-05,,9583e123-eb65-442d-abf0-f31600d3b8e1
Sec. 23.221,Initial,02/01/1965,NPRM,Notice 64-17,1964-03-25,,55639d32-d62d-4ed2-83be-f72e7f594acd
Sec. 23.23,23-17,02/01/1977,NPRM,Notice 74-5,1974-02-14,,f9044309-a485-484a-8894-121d173e7fe4
Sec. 23.23,23-17,02/01/1977,NPRM,Notice 74-5A,1974-05-22,,f9044309-a485-484a-8894-121d173e7fe4
Sec. 23.23,23-17,02/01/1977,NPRM,Notice 74-5B,1974-10-03,,f9044309-a485-484a-8894-121d173e7fe4
Sec. 23.23,23-17,02/01/1977,NPRM,Notice 74-33,1974-10-03,,f9044309-a485-484a-8894-121d173e7fe4
Sec. 23.23,23-17,02/01/1977,NPRM,Notice 74-5C,1974-11-25,,f9044309-a485-484a-8894-121d173e7fe4
Sec. 23.23,23-17,02/01/1977,NPRM,Notice 74-5D,1975-02-04,,f9044309-a485-484a-8894-121d173e7fe4
Sec. 23.23,23-17,02/01/1977,NPRM,Notice 75-10,1975-02-27,,f9044309-a485-484a-8894-121d173e7fe4
Sec. 23.23,23-17,02/01/1977,NPRM,Notice 75-19,1975-05-13,,f9044309-a485-484a-8894-121d173e7fe4
Sec. 23.23,23-17,02/01/1977,NPRM,Notice 75-20,1975-05-13,,f9044309-a485-484a-8894-121d173e7fe4
Sec. 23.23,23-17,02/01/1977,NPRM,Notice 75-23,1975-05-19,,f9044309-a485-484a-8894-121d173e7fe4
Sec. 23.23,23-17,02/01/1977,NPRM,Notice 75-25,1975-05-29,,f9044309-a485-484a-8894-121d173e7fe4
Sec. 23.23,23-17,02/01/1977,NPRM,Notice 75-26,1975-06-09,,f9044309-a485-484a-8894-121d173e7fe4
Sec. 23.23,23-17,02/01/1977,NPRM,Notice 75-31,1975-06-30,,f9044309-a485-484a-8894-121d173e7fe4
Sec. 23.23,23-45,09/07/1993,NPRM,Notice 90-18,1990-06-15,,4b00ee6d-8b9d-4332-a459-78c05215e453
Sec. 23.23,Initial,02/01/1965,NPRM,Notice 64-17,1964-03-25,,aec9e11f-b85b-4284-85f2-34f9a1b3574a
Sec. 23.231,Initial,02/01/1965,NPRM,Notice 64-17,1964-03-25,,6d601dcd-bfa3-472a-8c6f-c5b3050d8682
Sec. 23.233,23-45,09/07/1993,NPRM,Notice 90-18,1990-06-15,,9099a74b-8706-44ab-9cbe-01e4bb898263
Sec. 23.233,23-50,03/11/1996,NPRM,Notice 94-22,1994-07-19,,5c1e172a-810a-43e7-ab37-1b875cd3cc3b
Sec. 23.233,Initial,02/01/1965,NPRM,Notice 64-17,1964-03-25,,7f22849e-41c9-47f8-b79a-8224e5b718dd
Sec. 23.235,23-45,09/07/1993,NPRM,Notice 90-18,1990-06-15,,8b3db879-d17b-4b00-9f8b-97fd6560f612
Sec. 23.235,23-50,03/11/1996,NPRM,Notice 94-22,1994-07-19,,2f2f5f3d-4a94-4c7e-a727-79977d735827
Sec. 23.235,Initial,02/01/1965,NPRM,Notice 64-17,1964-03-25,,66c9c6b7-fc37-4f3d-8f8a-246e82db753e
Sec. 23.237,23-50,03/11/1996,NPRM,Notice 94-22,1994-07-19,,52b145d1-03c7-4506-8d2d-22a9786c21f7
Sec. 23.239,Initial,02/01/1965,NPRM,Notice 64-17,1964-03-25,,3bd8ce7c-1c08-4b20-9b3a-2f1e26685c95
Sec. 23.25,23-2,08/01/1965,NPRM,Notice 63-41,1963-10-21,,7dc9658e-3129-43b2-86eb-8fbb6bc0be17
Sec. 23.25,23-21,03/01/1978,NPRM,Notice 75-10,1975-02-27,,5b20bec8-b175-404c-a9e4-3ce3bc268b14
Sec. 23.25,23-21,03/01/1978,NPRM,Notice 75-25,1975-05-29,,5b20bec8-b175-404c-a9e4-3ce3bc268b14
Sec. 23.25,23-34,02/17/1987,NPRM,Notice 83-17,1983-09-23,,c2cf713f-f249-4c3f-9bc5-d36db44e5a8b
Sec. 23.25,23-45,09/07/1993,NPRM,Notice 90-18,1990-06-15,,3807ad0d-cb33-4116-88b7-c83461ad3d36
Sec. 23.25,23-50,03/11/1996,NPRM,Notice 94-22,1994-07-19,,44b6f1a1-e80a-4a04-8d4d-01b7f014ba6f
Sec. 23.25,23-7,09/14/1969,NPRM,Notice 67-14,1967-04-05,,5cfa8b55-4f2c-4df0-ba43-3b6d5623184e
Sec. 23.25,Initial,02/01/1965,NPRM,Notice 64-17,1964-03-25,,37e03339-4ecc-464c-b60b-12fd0265ed7d
Sec. 23.251,23-45,09/07/1993,NPRM,Notice 90-18,1990-06-15,,059161d7-2483-4aaa-9702-9fcb8f02aa32
Sec. 23.251,Initial,02/01/1965,NPRM,Notice 64-17,1964-03-25,,e106fe93-f62b-4934-b16a-05a49cfc78f5
Sec. 23.253,23-26,10/14/1980,NPRM,Notice 74-5,1974-02-14,,f237816a-0f29-4e27-9168-c81e87a68cd4
Sec. 23.253,23-26,10/14/1980,NPRM,Notice 74-5A,1974-05-22,,f237816a-0f29-4e27-9168-c81e87a68cd4
Sec. 23.253,23-26,10/14/1980,NPRM,Notice 74-5B,1974-10-03,,f237816a-0f29-4e27-9168-c81e87a68cd4
Sec. 23.253,23-26,10/14/1980,NPRM,Notice 74-33,1974-10-03,,f237816a-0f29-4e27-9168-c81e87a68cd4
Sec. 23.253,23-26,10/14/1980,NPRM,Notice 74-5C,1974-11-25,,f237816a-0f29-4e27-9168-c81e87a68cd4
Sec. 23.253,23-26,10/14/1980,NPRM,Notice 74-5D,1975-02-04,,f237816a-0f29-4e27-9168-c81e87a68cd4
Sec. 23.253,23-26,10/14/1980,NPRM,Notice 75-10,1975-02-27,,f237816a-0f29-4e27-9168-c81e87a68cd4
Sec. 23.253,23-26,10/14/1980,NPRM,Notice 75-19,1975-05-13,,f237816a-0f29-4e27-9168-c81e87a68cd4
Sec. 23.253,23-26,10/14/1980,NPRM,Notice 75-26,1975-06-09,,f237816a-0f29-4e27-9168-c81e87a68cd4
Sec. 23.253,23-26,10/14/1980,NPRM,Notice 75-31,1975-06-30,,f237816a-0f29-4e27-9168-c81e87a68cd4
Sec. 23.253,23-45,09/07/1993,NPRM,Notice 90-18,1990-06-15,,64182526-31d1-4176-bb09-d74a8eeb3def
Sec. 23.253,23-50,03/11/1996,NPRM,Notice 94-22,1994-07-19,,22c17360-d604-4336-8b5a-369b8a1b6517
Sec. 23.253,23-7,09/14/1969,NPRM,Notice 67-14,1967-04-05,,17a98477-8996-4308-8930-038ca4e7f180
Sec. 23.29,23-21,03/01/1978,NPRM,Notice 75-10,1975-02-27,,6c096776-ce9f-4b47-b1c6-954c90c1372b
Sec. 23.29,23-21,03/01/1978,NPRM,Notice 75-25,1975-05-29,,6c096776-ce9f-4b47-b1c6-954c90c1372b
Sec. 23.29,Initial,02/01/1965,NPRM,Notice 64-17,1964-03-25,,2e60fcfa-7ccd-4d8d-8b0a-f25df7b374f9
Sec. 23.3,23-34,02/17/1987,NPRM,Notice 83-17,1983-09-23,,90e5e1aa-3983-4a20-a883-851611864e66
Sec. 23.3,23-50,03/11/1996,NPRM,Notice 94-22,1994-07-19,,1c509f0f-c47f-41f8-9c71-a02b21a7434d
Sec. 23.3,Initial,02/01/1965,NPRM,Notice 64-17,1964-03-25,,a145256b-b078-4d80-a70c-49bd57b0264c
Sec. 23.301,23-28,04/28/1982,NPRM,Notice 80-23,1980-11-28,,0a5b7acc-2604-48de-bb19-4ef364d89485
Sec. 23.301,23-42,02/04/1991,NPRM,Notice 89-5,1989-02-23,,ecdf97af-d35e-437c-83e6-3117a3209fba
Sec. 23.301,23-48,03/11/1996,NPRM,Notice 94-20,1994-07-05,,474dfe0d-85b6-473a-839f-f4068c9299a6
Sec. 23.301,Initial,02/01/1965,NPRM,Notice 64-17,1964-03-25,,779ae113-4c93-4818-8708-a6f6c830fa7d
Sec. 23.302,23-42,02/04/1991,NPRM,Notice 89-5,1989-02-23,,1f76fc5d-b65f-4b7e-a9ef-8d70d27c48f7
Sec. 23.303,Initial,02/01/1965,NPRM,Notice 64-17,1964-03-25,,bf0b41ac-817f-4e04-9b52-246cb8edb45c
Sec. 23.305,23-45,09/07/1993,NPRM,Notice 90-18,1990-06-15,,24d05ba2-1f5b-47da-865f-e00ad2610dd6
Sec. 23.305,Initial,02/01/1965,NPRM,Notice 64-17,1964-03-25,,76b216b4-a15f-4617-af2e-0a9979c4b28c
Sec. 23.307,Initial,02/01/1965,NPRM,Notice 64-17,1964-03-25,,1f967f90-554a-4bea-8108-26f75fdbbf7d
Sec. 23.31,23-13,10/23/1972,NPRM,Notice 70-47,1970-11-18,,7476381b-b7ed-4914-ad2c-d8b7ef8267f2
Sec. 23.31,Initial,02/01/1965,NPRM,Notice 64-17,1964-03-25,,c9cfb327-1b71-429a-a3ba-5aa232f27355
Sec. 23.321,23-45,09/07/1993,NPRM,Notice 90-18,1990-06-15,,e786a909-f86c-4d1d-a47f-acafd26de535
Sec. 23.321,Initial,02/01/1965,NPRM,Notice 64-17,1964-03-25,,834026d0-fcc3-435d-a3e7-d28705abb0f6
Sec. 23.33,23-45,09/07/1993,NPRM,Notice 90-18,1990-06-15,,cfdb7888-679c-46e2-ba0f-dcc6aec09255
Sec. 23.33,23-50,03/11/1996,NPRM,Notice 94-22,1994-07-19,,e4605987-8f0d-479f-88ad-3093833d55be
Sec. 23.33,Initial,02/01/1965,NPRM,Notice 64-17,1964-03-25,,61784b40-c152-46ef-870c-389af0bf300a
Sec. 23.331,23-42,02/04/1991,NPRM,Notice 89-5,1989-02-23,,6e9c1d5c-881d-42f9-9c59-a87a6c11ca81
Sec. 23.331,Initial,02/01/1965,NPRM,Notice 64-17,1964-03-25,,ac248d53-ed8e-48f0-ae91-c7495bf919e1
Sec. 23.333,23-34,02/17/1987,NPRM,Notice 83-17,1983-09-23,,cccd9819-739a-4c6f-b57b-debc9fad843a
Sec. 23.333,23-7,09/14/1969,NPRM,Notice 67-14,1967-04-05,,3ddcba85-d624-464a-aca2-1b2e574df055
Sec. 23.333,Initial,02/01/1965,NPRM,Notice 64-17,1964-03-25,,1a50de54-f2e3-424d-938f-3e394d252c2d
Sec. 23.335,23-16,02/14/1975,NPRM,Notice 74-33,1974-10-03,,961a9316-4a09-44be-bf19-d4cdc850569a
Sec. 23.335,23-34,02/17/1987,NPRM,Notice 83-17,1983-09-23,,b9b54fca-9849-4c8d-bb20-6859a67b5225
Sec. 23.335,23-48,03/11/1996,NPRM,Notice 94-20,1994-07-05,,04e941b9-1f28-47e1-9488-fc4cc885dafb
Sec. 23.335,23-7,09/14/1969,NPRM,Notice 67-14,1967-04-05,,4f4b954a-7005-4a22-a5bb-704f455358ac
Sec. 23.335,Initial,02/01/1965,NPRM,Notice 64-17,1964-03-25,,08ddb98d-cc9a-41c2-aef7-37a156c93015
Sec. 23.337,23-34,02/17/1987,NPRM,Notice 83-17,1983-09-23,,fd02c81c-aee4-445f-81c1-f9bf6317b580
Sec. 23.337,23-48,03/11/1996,NPRM,Notice 94-20,1994-07-05,,d7e22719-1ff5-44f2-92c0-13f9e26df9aa
Sec. 23.337,23-7,09/14/1969,NPRM,Notice 67-14,1967-04-05,,f4781a10-a15a-4365-a53c-89675ff7e68e
Sec. 23.337,Initial,02/01/1965,NPRM,Notice 64-17,1964-03-25,,346e369d-29c7-412c-b48a-ae56ee30ecfe
Sec. 23.341,23-34,02/17/1987,NPRM,Notice 83-17,1983-09-23,,519f5a84-f3ef-4957-8c78-1ed606704089
Sec. 23.341,23-42,02/04/1991,NPRM,Notice 89-5,1989-02-23,,f92607a5-eb04-45f6-bfe2-5217c91f216f
Sec. 23.341,23-48,03/11/1996,NPRM,Notice 94-20,1994-07-05,,b0256a00-7f6b-4c2a-893c-f5e3f1fdd35e
Sec. 23.341,23-7,09/14/1969,NPRM,Notice 67-14,1967-04-05,,e1a99bbf-bdc0-45ed-ad05-6f14f6203385
Sec. 23.341,Initial,02/01/1965,NPRM,Notice 64-17,1964-03-25,,5a4a5424-7b9c-4892-ad06-726b915ff320
Sec. 23.343,23-48,03/11/1996,NPRM,Notice 94-20,1994-07-05,,aa193159-74c1-47ee-b55e-99007790de6a
Sec. 23.345,23-23,12/01/1978,NPRM,Notice 75-10,1975-02-27,,18e9579e-3b28-42ca-ad3d-fde257bbcae5
Sec. 23.345,23-23,12/01/1978,NPRM,Notice 75-19,1975-05-13,,18e9579e-3b28-42ca-ad3d-fde257bbcae5
Sec. 23.345,23-23,12/01/1978,NPRM,Notice 75-23,1975-05-19,,18e9579e-3b28-42ca-ad3d-fde257bbcae5
Sec. 23.345,23-23,12/01/1978,NPRM,Notice 75-26,1975-06-09,,18e9579e-3b28-42ca-ad3d-fde257bbcae5
Sec. 23.345,23-23,12/01/1978,NPRM,Notice 75-31,1975-06-30,,18e9579e-3b28-42ca-ad3d-fde257bbcae5
Sec. 23.345,23-48,03/11/1996,NPRM,Notice 94-20,1994-07-05,,ef40c63f-056d-4c1e-8b5e-6ba510926f61
Sec. 23.345,23-7,09/14/1969,NPRM,Notice 67-14,1967-04-05,,d7167098-a526-4d10-8e64-18f9e64505c4
Sec. 23.345,Initial,02/01/1965,NPRM,Notice 64-17,1964-03-25,,8575a353-1fd0-4eb5-bedb-130c34cb69d8
Sec. 23.347,23-48,03/11/1996,NPRM,Notice 94-20,1994-07-05,,438dadc3-8635-4c70-b4d5-6bb3aab3a238
Sec. 23.347,Initial,02/01/1965,NPRM,Notice 64-17,1964-03-25,,68d32c34-0208-4de3-8da0-538f15f30e0e
Sec. 23.349,23-34,02/17/1987,NPRM,Notice 83-17,1983-09-23,,0975ed64-03da-421e-b27b-b91129056897
Sec. 23.349,23-48,03/11/1996,NPRM,Notice 94-20,1994-07-05,,594479b7-f296-4be4-8d9d-56fdc19221fa
Sec. 23.349,23-7,09/14/1969,NPRM,Notice 67-14,1967-04-05,,42d0f8ce-58ef-41ce-b1ef-e12b724c2bdb
Sec. 23.349,Initial,02/01/1965,NPRM,Notice 64-17,1964-03-25,,0e829781-b629-4aef-b060-83fc6938ba4a
Sec. 23.351,23-42,02/04/1991,NPRM,Notice 89-5,1989-02-23,,a0edfe7a-1cf7-4a03-b7c6-e6692124d426
Sec. 23.351,Initial,02/01/1965,NPRM,Notice 64-17,1964-03-25,,fd819323-bd3d-4f50-98f6-c180c02b0caf
Sec. 23.361,23-26,10/14/1980,NPRM,Notice 74-5,1974-02-14,,cab177cb-ba24-4af2-8366-e44737f4a1ae
Sec. 23.361,23-26,10/14/1980,NPRM,Notice 74-5A,1974-05-22,,cab177cb-ba24-4af2-8366-e44737f4a1ae
Sec. 23.361,23-26,10/14/1980,NPRM,Notice 74-5B,1974-10-03,,cab177cb-ba24-4af2-8366-e44737f4a1ae
Sec. 23.361,23-26,10/14/1980,NPRM,Notice 74-33,1974-10-03,,cab177cb-ba24-4af2-8366-e44737f4a1ae
Sec. 23.361,23-26,10/14/1980,NPRM,Notice 74-5C,1974-11-25,,cab177cb-ba24-4af2-8366-e44737f4a1ae
Sec. 23.361,23-26,10/14/1980,NPRM,Notice 74-5D,1975-02-04,,cab177cb-ba24-4af2-8366-e44737f4a1ae
Sec. 23.361,23-26,10/14/1980,NPRM,Notice 75-10,1975-02-27,,cab177cb-ba24-4af2-8366-e44737f4a1ae
Sec. 23.361,23-26,10/14/1980,NPRM,Notice 75-19,1975-05-13,,cab177cb-ba24-4af2-8366-e44737f4a1ae
Sec. 23.361,23-26,10/14/1980,NPRM,Notice 75-26,1975-06-09,,cab177cb-ba24-4af2-8366-e44737f4a1ae
Sec. 23.361,23-26,10/14/1980,NPRM,Notice 75-31,1975-06-30,,cab177cb-ba24-4af2-8366-e44737f4a1ae
Sec. 23.361,23-45,09/07/1993,NPRM,Notice 90-18,1990-06-15,,e6c57619-568a-4bb0-9242-2bbf65963706
Sec. 23.361,23-7,09/14/1969,NPRM,Notice 67-14,1967-04-05,,58a215af-6399-4c71-b92b-5554f02708ac
Sec. 23.361,Initial,02/01/1965,NPRM,Notice 64-17,1964-03-25,,3a950664-139a-4bc6-bc90-9c40cb4794a9
Sec. 23.363,Initial,02/01/1965,NPRM,Notice 64-17,1964-03-25,,98fdd4f2-dde2-4f06-bab7-9e8e5a71407f
Sec. 23.365,Initial,02/01/1965,NPRM,Notice 64-17,1964-03-25,,77795bc5-b2c3-4681-b7ca-0b3c3e1feb76
Sec. 23.367,23-7,09/14/1969,NPRM,Notice 67-14,1967-04-05,,105a7d7a-d26b-4092-bdf1-ee5d9e442055
Sec. 23.369,23-45,09/07/1993,NPRM,Notice 90-18,1990-06-15,,117b2c53-100c-4838-885a-26f62e84cb67
Sec. 23.369,23-48,03/11/1996,NPRM,Notice 94-20,1994-07-05,,f3012a78-f4b8-4eee-b25d-1b33d09f969b
Sec. 23.369,23-7,09/14/1969,NPRM,Notice 67-14,1967-04-05,,222621bb-c7de-48d9-91c2-e4317c844e60
Sec. 23.369,Initial,02/01/1965,NPRM,Notice 64-17,1964-03-25,,a835d702-5ce5-439a-9ac5-298e8e879181
Sec. 23.371,23-26,10/14/1980,NPRM,Notice 74-5,1974-02-14,,ecaedf84-8d5f-4a82-9a09-124304b5bd6c
Sec. 23.371,23-26,10/14/1980,NPRM,Notice 74-5A,1974-05-22,,ecaedf84-8d5f-4a82-9a09-124304b5bd6c
Sec. 23.371,23-26,10/14/1980,NPRM,Notice 74-5B,1974-10-03,,ecaedf84-8d5f-4a82-9a09-124304b5bd6c
Sec. 23.371,23-26,10/14/1980,NPRM,Notice 74-33,1974-10-03,,ecaedf84-8d5f-4a82-9a09-124304b5bd6c
Sec. 23.371,23-26,10/14/1980,NPRM,Notice 74-5C,1974-11-25,,ecaedf84-8d5f-4a82-9a09-124304b5bd6c
Sec. 23.371,23-26,10/14/1980,NPRM,Notice 74-5D,1975-02-04,,ecaedf84-8d5f-4a82-9a09-124304b5bd6c
Sec. 23.371,23-26,10/14/1980,NPRM,Notice 75-10,1975-02-27,,ecaedf84-8d5f-4a82-9a09-124304b5bd6c
Sec. 23.371,23-26,10/14/1980,NPRM,Notice 75-19,1975-05-13,,ecaedf84-8d5f-4a82-9a09-124304b5bd6c
Sec. 23.371,23-26,10/14/1980,NPRM,Notice 75-26,1975-06-09,,ecaedf84-8d5f-4a82-9a09-124304b5bd6c
Sec. 23.371,23-26,10/14/1980,NPRM,Notice 75-31,1975-06-30,,ecaedf84-8d5f-4a82-9a09-124304b5bd6c
Sec. 23.371,23-45,09/07/1993,NPRM,Notice 90-18,1990-06-15,,4c72c5a4-bf6d-41b2-9bb5-f1fa669f3618
Sec. 23.371,23-48,03/11/1996,NPRM,Notice 94-20,1994-07-05,,efcc98ba-4b76-498a-9feb-1b010891d299
Sec. 23.371,23-7,09/14/1969,NPRM,Notice 67-14,1967-04-05,,67cc744d-666e-4a37-86c8-c7752a1ae989
Sec. 23.373,23-7,09/14/1969,NPRM,Notice 67-14,1967-04-05,,11fb3144-744c-495e-98cf-e4dde73a32ba
Sec. 23.391,23-48,03/11/1996,NPRM,Notice 94-20,1994-07-05,,6d827a37-4f92-437d-ae4f-c409582e9a92
Sec. 23.391,Initial,02/01/1965,NPRM,Notice 64-17,1964-03-25,,b2045fb6-2c00-4a78-a75d-88249a9946ce
Sec. 23.393,23-48,03/11/1996,NPRM,Notice 94-20,1994-07-05,,40f54a07-9809-462f-be00-e972b932b88d
Sec. 23.395,23-7,09/14/1969,NPRM,Notice 67-14,1967-04-05,,83b82636-c5bf-4a8a-95b7-8ba472e36718
Sec. 23.395,Initial,02/01/1965,NPRM,Notice 64-17,1964-03-25,,804541d7-9c3b-4513-8ffc-98bdb59e6a09
Sec. 23.397,23-17,02/01/1977,NPRM,Notice 74-5,1974-02-14,,4711b733-58c7-42d5-9635-ae1a6ab756bb
Sec. 23.397,23-17,02/01/1977,NPRM,Notice 74-5A,1974-05-22,,4711b733-58c7-42d5-9635-ae1a6ab756bb
Sec. 23.397,23-17,02/01/1977,NPRM,Notice 74-5B,1974-10-03,,4711b733-58c7-42d5-9635-ae1a6ab756bb
Sec. 23.397,23-17,02/01/1977,NPRM,Notice 74-33,1974-10-03,,4711b733-58c7-42d5-9635-ae1a6ab756bb
Sec. 23.397,23-17,02/01/1977,NPRM,Notice 74-5C,1974-11-25,,4711b733-58c7-42d5-9635-ae1a6ab756bb
Sec. 23.397,23-17,02/01/1977,NPRM,Notice 74-5D,1975-02-04,,4711b733-58c7-42d5-9635-ae1a6ab756bb
Sec. 23.397,23-17,02/01/1977,NPRM,Notice 75-10,1975-02-27,,4711b733-58c7-42d5-9635-ae1a6ab756bb
Sec. 23.397,23-17,02/01/1977,NPRM,Notice 75-19,1975-05-13,,4711b733-58c7-42d5-9635-ae1a6ab756bb
Sec. 23.397,23-17,02/01/1977,NPRM,Notice 75-20,1975-05-13,,4711b733-58c7-42d5-9635-ae1a6ab756bb
Sec. 23.397,23-17,02/01/1977,NPRM,Notice 75-23,1975-05-19,,4711b733-58c7-42d5-9635-ae1a6ab756bb
Sec. 23.397,23-17,02/01/1977,NPRM,Notice 75-25,1975-05-29,,4711b733-58c7-42d5-9635-ae1a6ab756bb
Sec. 23.397,23-17,02/01/1977,NPRM,Notice 75-26,1975-06-09,,4711b733-58c7-42d5-9635-ae1a6ab756bb
Sec. 23.397,23-17,02/01/1977,NPRM,Notice 75-31,1975-06-30,,4711b733-58c7-42d5-9635-ae1a6ab756bb
Sec. 23.397,23-34,02/17/1987,NPRM,Notice 83-17,1983-09-23,,d70b6c2f-4fba-416e-839e-1a81803831ba
Sec. 23.397,23-45,09/07/1993,NPRM,Notice 90-18,1990-06-15,,dbd86521-c15a-4974-afe2-26d528d1d073
Sec. 23.397,23-7,09/14/1969,NPRM,Notice 67-14,1967-04-05,,a67f20c3-74ac-4b16-9a3e-e7ecef063a02
Sec. 23.397,Initial,02/01/1965,NPRM,Notice 64-17,1964-03-25,,b7881b69-3b88-4c60-9bed-4fd75a61ac2a
Sec. 23.399,23-48,03/11/1996,NPRM,Notice 94-20,1994-07-05,,ed5d1e34-9c1a-4071-a475-ee5d5b145568
Sec. 23.399,Initial,02/01/1965,NPRM,Notice 64-17,1964-03-25,,325e04be-8528-46ba-900d-8c07217f75af
Sec. 23.405,Initial,02/01/1965,NPRM,Notice 64-17,1964-03-25,,0c0c51bc-444b-49f5-b869-0c346322b6d1
Sec. 23.407,Initial,02/01/1965,NPRM,Notice 64-17,1964-03-25,,558304ad-684f-449b-89e9-195afa579ac6
Sec. 23.409,Initial,02/01/1965,NPRM,Notice 64-17,1964-03-25,,db96dc85-8c21-4b78-a43c-686e393b6351
Sec. 23.415,23-45,09/07/1993,NPRM,Notice 90-18,1990-06-15,,29b49f79-2bac-4204-b6ba-6f0488abd25f
Sec. 23.415,23-48,03/11/1996,NPRM,Notice 94-20,1994-07-05,,d2a9ea63-5f30-43b3-96be-b3ac4eeb537c
Sec. 23.415,23-7,09/14/1969,NPRM,Notice 67-14,1967-04-05,,058a034d-5de0-4cca-bc60-a46ee3da0c7c
Sec. 23.415,Initial,02/01/1965,NPRM,Notice 64-17,1964-03-25,,18068dda-476c-44d5-b209-5c107ed80a8e
Sec. 23.421,23-7,09/14/1969,NPRM,Notice 67-14,1967-04-05,,f825b0c0-9e32-43c9-b627-3ba09fe15fd5
Sec. 23.421,Initial,02/01/1965,NPRM,Notice 64-17,1964-03-25,,5431f3cc-3dd0-42a7-b99b-2991be41ceda
Sec. 23.423,23-42,02/04/1991,NPRM,Notice 89-5,1989-02-23,,301501d8-c4e7-40a5-a597-85e394cfc51f
Sec. 23.423,23-7,09/14/1969,NPRM,Notice 67-14,1967-04-05,,4eb13001-80e3-4cb9-af55-554ce76a09c7
Sec. 23.423,Initial,02/01/1965,NPRM,Notice 64-17,1964-03-25,,2ca279ef-10ca-4759-9204-2c53223ca1c7
Sec. 23.425,23-42,02/04/1991,NPRM,Notice 89-5,1989-02-23,,177980ac-e159-4c3f-8105-4b233addae36
Sec. 23.425,23-7,09/14/1969,NPRM,Notice 67-14,1967-04-05,,cfd9007c-315d-4735-81f5-d5dc79233b4a
Sec. 23.425,Initial,02/01/1965,NPRM,Notice 64-17,1964-03-25,,9186ed7b-6fb2-4f04-b6bc-27fdaaee85ef
Sec. 23.427,23-14,12/20/1973,NPRM,Notice 71-13,1971-04-27,,ac698eb5-f3c0-4725-8ce8-e87de068859a
Sec. 23.427,23-42,02/04/1991,NPRM,Notice 89-5,1989-02-23,,42d728da-8e8a-40a8-b5f9-c5cbb86ed524
Sec. 23.427,Initial,02/01/1965,NPRM,Notice 64-17,1964-03-25,,86620649-6dc6-4de9-b45f-797423e84dde
Sec. 23.441,23-14,12/20/1973,NPRM,Notice 71-13,1971-04-27,,2dd57d31-1d46-4fce-b975-ae1d392b36a3
Sec. 23.441,23-28,04/28/1982,NPRM,Notice 80-23,1980-11-28,,b83e8561-337b-462c-893d-5107e92b8351
Sec. 23.441,23-42,02/04/1991,NPRM,Notice 89-5,1989-02-23,,a64dc02d-43e2-42ff-8ce4-cc16266ba2d3
Sec. 23.441,23-48,03/11/1996,NPRM,Notice 94-20,1994-07-05,,e9206756-6bbf-43cf-aa04-a34d985640ee
Sec. 23.441,23-7,09/14/1969,NPRM,Notice 67-14,1967-04-05,,f9690316-22ec-440a-a0d8-7216ba35f44e
Sec. 23.441,Initial,02/01/1965,NPRM,Notice 64-17,1964-03-25,,f6db247e-bef8-4b9a-bb04-8e46e5876be6
Sec. 23.443,23-34,02/17/1987,NPRM,Notice 83-17,1983-09-23,,fdb89547-b285-4216-8605-027832057b51
Sec. 23.443,23-42,02/04/1991,NPRM,Notice 89-5,1989-02-23,,5a12fafb-0441-4b66-82e8-ed3d7fdf0107
Sec. 23.443,23-48,03/11/1996,NPRM,Notice 94-20,1994-07-05,,369786c8-c84e-4abb-b505-a9689f7136ec
Sec. 23.443,23-7,09/14/1969,NPRM,Notice 67-14,1967-04-05,,cc759d72-17ec-43a4-a8d3-c795af22e6f8
Sec. 23.443,Initial,02/01/1965,NPRM,Notice 64-17,1964-03-25,,707c955d-9f20-4932-8801-ca1135ef8139
Sec. 23.445,23-14,12/20/1973,NPRM,Notice 71-13,1971-04-27,,fdf0d417-a879-43ae-a429-356cf39d43be
Sec. 23.445,23-42,02/04/1991,NPRM,Notice 89-5,1989-02-23,,71d29947-c1bb-4212-aae1-e747e0ee3723
Sec. 23.445,Initial,02/01/1965,NPRM,Notice 64-17,1964-03-25,,569f8b7a-6096-4379-b28b-61ab7c87fd35
Sec. 23.45,23-21,03/01/1978,NPRM,Notice 75-10,1975-02-27,,533afcb7-963b-4da0-af7a-068383c67b37
Sec. 23.45,23-21,03/01/1978,NPRM,Notice 75-25,1975-05-29,,533afcb7-963b-4da0-af7a-068383c67b37
Sec. 23.45,23-34,02/17/1987,NPRM,Notice 83-17,1983-09-23,,b5909584-869d-4e86-8aaa-994edc8c5af8
Sec. 23.45,23-45,09/07/1993,NPRM,Notice 90-18,1990-06-15,,e1693205-f2b2-4989-9fd6-0781746bafc7
Sec. 23.45,23-50,03/11/1996,NPRM,Notice 94-22,1994-07-19,,f6a978cf-4966-4c36-be8b-ca25c4a4a213
Sec. 23.45,Initial,02/01/1965,NPRM,Notice 64-17,1964-03-25,,13f3d502-f46e-423d-bd0b-c6e400b5d137
Sec. 23.455,23-42,02/04/1991,NPRM,Notice 89-5,1989-02-23,,82a1e09a-a7fc-40f0-84b7-be36aff1597a
Sec. 23.455,23-48,03/11/1996,NPRM,Notice 94-20,1994-07-05,,b98f0c24-8aa6-43fd-a2cc-fb9e59eddb3b
Sec. 23.455,23-7,09/14/1969,NPRM,Notice 67-14,1967-04-05,,8ffa58d9-c069-4077-9b59-4afd8bc22d9e
Sec. 23.455,Initial,02/01/1965,NPRM,Notice 64-17,1964-03-25,,c0d3ab68-2dfb-4d68-a9cd-5405a8f2c5b6
Sec. 23.457,23-48,03/11/1996,NPRM,Notice 94-20,1994-07-05,,c3eb1496-478a-4e4a-b426-02fb3ecc7d40
Sec. 23.457,Initial,02/01/1965,NPRM,Notice 64-17,1964-03-25,,348a1c4b-f8e9-4dbe-b070-d735f22e3fa3
Sec. 23.459,Initial,02/01/1965,NPRM,Notice 64-17,1964-03-25,,313f4876-a484-4882-8931-3b9aa8c95528
Sec. 23.471,Initial,02/01/1965,NPRM,Notice 64-17,1964-03-25,,d1a73526-4bd1-4bfd-8540-f24ec760967b
Sec. 23.473,23-28,04/28/1982,NPRM,Notice 80-23,1980-11-28,,f3188edf-fb76-42c9-a617-5b98431c84c1
Sec. 23.473,23-45,09/07/1993,NPRM,Notice 90-18,1990-06-15,,1fe654c2-836f-41a1-8ed7-3d1a026d1aac
Sec. 23.473,23-48,03/11/1996,NPRM,Notice 94-20,1994-07-05,,e998509c-093d-4280-965c-620e2e14e3ce
Sec. 23.473,23-7,09/14/1969,NPRM,Notice 67-14,1967-04-05,,d38669ed-ccb6-4fd1-b98b-ad432fd096e1
Sec. 23.473,Initial,02/01/1965,NPRM,Notice 64-17,1964-03-25,,e616706d-173e-4226-84e8-db3ca2e3f39f
Sec. 23.477,Initial,02/01/1965,NPRM,Notice 64-17,1964-03-25,,964c5bb4-687f-430a-b7d6-b51f09ec3bd9
Sec. 23.479,23-17,02/01/1977,NPRM,Notice 74-5,1974-02-14,,fd4e307a-3aa0-491a-9c99-0b66c8b0baf9
Sec. 23.479,23-17,02/01/1977,NPRM,Notice 74-5A,1974-05-22,,fd4e307a-3aa0-491a-9c99-0b66c8b0baf9
Sec. 23.479,23-17,02/01/1977,NPRM,Notice 74-5B,1974-10-03,,fd4e307a-3aa0-491a-9c99-0b66c8b0baf9
Sec. 23.479,23-17,02/01/1977,NPRM,Notice 74-33,1974-10-03,,fd4e307a-3aa0-491a-9c99-0b66c8b0baf9
Sec. 23.479,23-17,02/01/1977,NPRM,Notice 74-5C,1974-11-25,,fd4e307a-3aa0-491a-9c99-0b66c8b0baf9
Sec. 23.479,23-17,02/01/1977,NPRM,Notice 74-5D,1975-02-04,,fd4e307a-3aa0-491a-9c99-0b66c8b0baf9
Sec. 23.479,23-17,02/01/1977,NPRM,Notice 75-10,1975-02-27,,fd4e307a-3aa0-491a-9c99-0b66c8b0baf9
Sec. 23.479,23-17,02/01/1977,NPRM,Notice 75-19,1975-05-13,,fd4e307a-3aa0-491a-9c99-0b66c8b0baf9
Sec. 23.479,23-17,02/01/1977,NPRM,Notice 75-20,1975-05-13,,fd4e307a-3aa0-491a-9c99-0b66c8b0baf9
Sec. 23.479,23-17,02/01/1977,NPRM,Notice 75-23,1975-05-19,,fd4e307a-3aa0-491a-9c99-0b66c8b0baf9
Sec. 23.479,23-17,02/01/1977,NPRM,Notice 75-25,1975-05-29,,fd4e307a-3aa0-491a-9c99-0b66c8b0baf9
Sec. 23.479,23-17,02/01/1977,NPRM,Notice 75-26,1975-06-09,,fd4e307a-3aa0-491a-9c99-0b66c8b0baf9
Sec. 23.479,23-17,02/01/1977,NPRM,Notice 75-31,1975-06-30,,fd4e307a-3aa0-491a-9c99-0b66c8b0baf9
Sec. 23.479,23-45,09/07/1993,NPRM,Notice 90-18,1990-06-15,,a4ce9ed1-27e8-4cea-ae1a-c019f03344d8
Sec. 23.479,Initial,02/01/1965,NPRM,Notice 64-17,1964-03-25,,2f09a6e3-0435-4c63-bf03-7bf7e9d90400
Sec. 23.481,Initial,02/01/1965,NPRM,Notice 64-17,1964-03-25,,51bb6c28-0d63-43e0-901e-260d85927829
Sec. 23.483,Initial,02/01/1965,NPRM,Notice 64-17,1964-03-25,,c0863eee-89a6-4bfc-8805-6b6d76f4c198
Sec. 23.485,23-45,09/07/1993,NPRM,Notice 90-18,1990-06-15,,1ff9b35e-33bc-4bef-adf3-536f306ed5ea
Sec. 23.485,Initial,02/01/1965,NPRM,Notice 64-17,1964-03-25,,b50101ec-e528-4fda-908f-504644b1d481
Sec. 23.49,23-21,03/01/1978,NPRM,Notice 75-10,1975-02-27,,0a6d7e07-63e1-4327-b9ca-1c4f30a00e01
Sec. 23.49,23-21,03/01/1978,NPRM,Notice 75-25,1975-02-27,,0a6d7e07-63e1-4327-b9ca-1c4f30a00e01
Sec. 23.49,23-44,08/18/1993,NPRM,Notice 91-12,1990-04-02,,ff45eeb5-74ad-416b-9f92-05d95b6446c8
Sec. 23.49,23-50,03/11/1996,NPRM,Notice 94-22,1994-07-19,,d8553464-a765-41a1-bb45-e729fdd193ea
Sec. 23.49,23-7,09/14/1969,NPRM,Notice 67-14,1967-04-05,,f2fa4f6d-8641-4b23-a70f-362db2b4683c
Sec. 23.49,Initial,02/01/1965,NPRM,Notice 64-17,1964-03-25,,1bc4eb9b-0787-4762-b678-e19b26cf47a7
Sec. 23.493,Initial,02/01/1965,NPRM,Notice 64-17,1964-03-25,,4326ac12-9578-4ac7-ba5e-6e830462be80
Sec. 23.497,23-48,03/11/1996,NPRM,Notice 94-20,1994-07-05,,3b45b4b8-fe9f-41c3-b134-a4cdc563ea6f
Sec. 23.497,Initial,02/01/1965,NPRM,Notice 64-17,1964-03-25,,9886a654-7063-4788-8a4d-f1d2c07b5743
Sec. 23.499,23-48,03/11/1996,NPRM,Notice 94-20,1994-07-05,,8443182c-e391-42ea-8cc9-6ca1fc38944f
Sec. 23.499,Initial,02/01/1965,NPRM,Notice 64-17,1964-03-25,,866fa8e0-16d7-42e1-b8d4-a7dba8df1f81
Sec. 23.505,23-7,09/14/1969,NPRM,Notice 67-14,1967-04-05,,0adf6a64-b354-4fc4-acaa-e4a6e280cfb2
Sec. 23.505,Initial,02/01/1965,NPRM,Notice 64-17,1964-03-25,,1d0d6d1b-210e-4d87-94ba-e9bcd42ba5f9
Sec. 23.507,23-14,12/20/1973,NPRM,Notice 71-13,1971-04-27,,fba9173e-3045-417f-a286-18b422bb6e91
Sec. 23.509,23-14,12/20/1973,NPRM,Notice 71-13,1971-04-27,,63869f3c-9a69-46d4-bc54-777d0bc312ec
Sec. 23.51,23-21,03/01/1978,NPRM,Notice 75-10,1975-02-27,,44da2102-d688-485b-97b3-c4133d53861b
Sec. 23.51,23-21,03/01/1978,NPRM,Notice 75-25,1975-02-27,,44da2102-d688-485b-97b3-c4133d53861b
Sec. 23.51,23-34,02/17/1987,NPRM,Notice 83-17,1983-09-23,,28b4f413-3437-40bb-b2aa-d8feeb6856cc
Sec. 23.51,23-50,03/11/1996,NPRM,Notice 94-22,1994-07-19,,e650bd2a-a251-404d-adfd-087ec67dd205
Sec. 23.51,23-7,09/14/1969,NPRM,Notice 67-14,1967-04-05,,bbb6e148-3217-4196-9112-777f897f0253
Sec. 23.51,Initial,02/01/1965,NPRM,Notice 64-17,1964-03-25,,301ad2fd-57d0-4167-bc28-973529a2564b
Sec. 23.511,23-7,09/14/1969,NPRM,Notice 67-14,1967-04-05,,53970fcc-7a3d-4761-8974-00aa91dcd928
Sec. 23.521,23-45,09/07/1993,NPRM,Notice 90-18,1990-06-15,,4f40a9b1-7aa0-456c-81d4-5efb430d5bcc
Sec. 23.521,23-48,03/11/1996,NPRM,Notice 94-20,1994-07-05,,13d2ca48-c22b-46c9-b1f1-66cc2576686e
Sec. 23.521,Initial,02/01/1965,NPRM,Notice 64-17,1964-03-25,,5d1cdf0d-4228-46c8-909c-0de6e7d1f8e9
Sec. 23.523,23-45,09/07/1993,NPRM,Notice 90-18,1990-06-15,,ac794cfc-db55-497d-aaec-6634df6cec14
Sec. 23.525,23-45,09/07/1993,NPRM,Notice 90-18,1990-06-15,,9d6831e5-279e-40dd-9b57-6c97fd2757e4
Sec. 23.527,23-45,09/07/1993,NPRM,Notice 90-18,1990-06-15,,32ec4645-c40d-41f7-bc69-572427b55ab8
Sec. 23.529,23-45,09/07/1993,NPRM,Notice 90-18,1990-06-15,,9c8702f8-3985-4a18-8564-1c0cdeb6c23d
Sec. 23.53,23-34,02/17/1987,NPRM,Notice 83-17,1983-09-23,,2af28685-24ec-4148-8fdd-8bb17d9c6aa1
Sec. 23.53,23-45,09/07/1993,NPRM,Notice 90-18,1990-06-15,,045b997e-aabb-4e7c-9db3-07207903b6f3
Sec. 23.53,23-50,03/11/1996,NPRM,Notice 94-22,1994-07-19,,bf643cf2-158f-4661-91fe-af9c6e84eead
Sec. 23.531,23-45,09/07/1993,NPRM,Notice 90-18,1990-06-15,,e878de89-c14d-4586-af9a-32c9e3163b9c
Sec. 23.533,23-45,09/07/1993,NPRM,Notice 90-18,1990-06-15,,746af4b3-12cc-41f1-9c82-7437ae0c180d
Sec. 23.535,23-45,09/07/1993,NPRM,Notice 90-18,1990-06-15,,e1b85f54-9daf-4d2f-be1f-6c32f284a751
Sec. 23.537,23-45,09/07/1993,NPRM,Notice 90-18,1990-06-15,,ad67048c-acc4-48e1-a7b5-35bfc7baaa34
Sec. 23.55,23-34,02/17/1987,NPRM,Notice 83-17,1983-09-23,,3d48edce-8ad5-41e0-a871-d5c7cabe999f
Sec. 23.55,23-50,03/11/1996,NPRM,Notice 94-22,1994-07-19,,681ede7d-6796-4991-a626-49a9073bc848
Sec. 23.561,23-34,02/17/1987,NPRM,Notice 83-17,1983-09-23,,564de8fe-3467-4abb-b430-266d540577e0
Sec. 23.561,23-36,09/14/1988,NPRM,Notice 86-19,1986-11-28,,024246fb-52f0-4063-a39a-19e8642ee44d
Sec. 23.561,23-46,06/16/1994,NPRM,Notice 90-20,1990-08-23,,1d488d69-dc82-4181-9237-96857e36471c
Sec. 23.561,23-48,03/11/1996,NPRM,Notice 94-20,1994-07-05,,4e7946eb-090b-4845-81db-697548c2aa83
Sec. 23.561,23-7,09/14/1969,NPRM,Notice 67-14,1967-04-05,,70523e6c-650a-4940-95d9-d0c5777c0300
Sec. 23.561,Initial,02/01/1965,NPRM,Notice 64-17,1964-03-25,,c1b8f6a9-56f2-41c5-8f4e-5847a836a3ee
Sec. 23.562,23-36,09/14/1988,NPRM,Notice 86-19,1986-11-28,,b3631d1e-7c48-41fc-912f-a1713a42162b
Sec. 23.562,23-44,08/18/1993,NPRM,Notice 91-12,1990-04-02,,c8ce6c54-c49e-4f75-8062-5020e1403615
Sec. 23.562,23-50,03/11/1996,NPRM,Notice 94-22,1994-07-19,,42dba18f-5200-4615-bc02-63e342571a64
Sec. 23.57,23-34,02/17/1987,NPRM,Notice 83-17,1983-09-23,,36e9f5b9-b20e-4543-97f3-4f3db9c6790d
Sec. 23.57,23-50,03/11/1996,NPRM,Notice 94-22,1994-07-19,,9fcac985-932f-406f-8792-a9c3e46e793d
Sec. 23.571,23-14,12/20/1973,NPRM,Notice 71-13,1971-04-27,,e0fdd96f-327e-49e5-98a8-2fbd49b01913
Sec. 23.571,23-34,02/17/1987,NPRM,Notice 83-17,1983-09-23,,efdef920-4515-46af-8d8e-561888015283
Sec. 23.571,23-45,09/07/1993,NPRM,Notice 90-18,1990-06-15,,d20ec710-2b61-4e29-bae2-16d1269e2ab1
Sec. 23.571,23-48,03/11/1996,NPRM,Notice 94-20,1994-07-05,,1abfd938-400e-46d3-b553-a8428258a544
Sec. 23.571,Initial,02/01/1965,NPRM,Notice 64-17,1964-03-25,,ab506415-cc0c-4c4d-9667-190c04c67add
Sec. 23.572,23-14,12/20/1973,NPRM,Notice 71-13,1971-04-27,,052670b3-3d5e-45bc-a49e-eb1b00b60e45
Sec. 23.572,23-34,02/17/1987,NPRM,Notice 83-17,1983-09-23,,87d7718d-e0ff-44c2-89e6-15183af36976
Sec. 23.572,23-38,10/26/1989,NPRM,Notice 86-14,1986-09-11,,5854d0bc-9172-49b7-9f35-8d687c135eff
Sec. 23.572,23-45,09/07/1993,NPRM,Notice 90-18,1990-06-15,,61ec3e1b-0460-414d-b5b4-26fbc7f23eef
Sec. 23.572,23-48,03/11/1996,NPRM,Notice 94-20,1994-07-05,,70eb8fa3-db1e-48ec-af55-fcdc2ce98593
Sec. 23.572,23-7,09/14/1969,NPRM,Notice 67-14,1967-04-05,,4d1def83-5dab-4198-8ec7-64d4b87af982
Sec. 23.573,23-45,09/07/1993,NPRM,Notice 90-18,1990-06-15,,cc5d4235-d9da-4fc6-b134-a18a2548882c
Sec. 23.573,23-48,03/11/1996,NPRM,Notice 94-20,1994-07-05,,472facc7-1055-42eb-84bf-2299bce6e723
Sec. 23.573,23-48,04/11/2008,NPRM,Notice 94-20,1994-07-05,,d67ac3cd-6d99-4644-a3f1-a20680c745bb
Sec. 23.574,23-48,03/11/1996,NPRM,Notice 94-20,1994-07-05,,93c505e9-4444-433c-b03a-8071198deb68
Sec. 23.575,23-48,03/11/1996,NPRM,Notice 94-20,1994-07-05,,882cd378-5588-41e7-b934-754e40d42bff
Sec. 23.59,23-34,02/17/1987,NPRM,Notice 83-17,1983-09-23,,51e116c0-fd09-4aac-8ae3-255ec5c4e330
Sec. 23.59,23-50,03/11/1996,NPRM,Notice 94-22,1994-07-19,,e0bdc7ea-53c8-4ea1-92d9-91267509f229
Sec. 23.601,Initial,02/01/1965,NPRM,Notice 64-17,1964-03-25,,4783912f-40f5-47b6-8174-56053878355a
Sec. 23.603,23-17,02/01/1977,NPRM,Notice 74-5,1974-02-14,,024f6423-9c5e-45cf-a530-44207d346425
Sec. 23.603,23-17,02/01/1977,NPRM,Notice 74-5A,1974-05-22,,024f6423-9c5e-45cf-a530-44207d346425
Sec. 23.603,23-17,02/01/1977,NPRM,Notice 74-5B,1974-10-03,,024f6423-9c5e-45cf-a530-44207d346425
Sec. 23.603,23-17,02/01/1977,NPRM,Notice 74-33,1974-10-03,,024f6423-9c5e-45cf-a530-44207d346425
Sec. 23.603,23-17,02/01/1977,NPRM,Notice 74-5C,1974-11-25,,024f6423-9c5e-45cf-a530-44207d346425
Sec. 23.603,23-17,02/01/1977,NPRM,Notice 74-5D,1975-02-04,,024f6423-9c5e-45cf-a530-44207d346425
Sec. 23.603,23-17,02/01/1977,NPRM,Notice 75-10,1975-02-27,,024f6423-9c5e-45cf-a530-44207d346425
Sec. 23.603,23-17,02/01/1977,NPRM,Notice 75-19,1975-05-13,,024f6423-9c5e-45cf-a530-44207d346425
Sec. 23.603,23-17,02/01/1977,NPRM,Notice 75-20,1975-05-13,,024f6423-9c5e-45cf-a530-44207d346425
Sec. 23.603,23-17,02/01/1977,NPRM,Notice 75-23,1975-05-19,,024f6423-9c5e-45cf-a530-44207d346425
Sec. 23.603,23-17,02/01/1977,NPRM,Notice 75-25,1975-05-29,,024f6423-9c5e-45cf-a530-44207d346425
Sec. 23.603,23-17,02/01/1977,NPRM,Notice 75-26,1975-06-09,,024f6423-9c5e-45cf-a530-44207d346425
Sec. 23.603,23-17,02/01/1977,NPRM,Notice 75-31,1975-06-30,,024f6423-9c5e-45cf-a530-44207d346425
Sec. 23.603,23-23,12/01/1978,NPRM,Notice 75-10,1975-02-27,,7756192a-7922-45b4-9619-a0d70faf8e8f
Sec. 23.603,23-23,12/01/1978,NPRM,Notice 75-19,1975-05-13,,7756192a-7922-45b4-9619-a0d70faf8e8f
Sec. 23.603,23-23,12/01/1978,NPRM,Notice 75-23,1975-05-19,,7756192a-7922-45b4-9619-a0d70faf8e8f
Sec. 23.603,23-23,12/01/1978,NPRM,Notice 75-26,1975-06-09,,7756192a-7922-45b4-9619-a0d70faf8e8f
Sec. 23.603,23-23,12/01/1978,NPRM,Notice 75-31,1975-06-30,,7756192a-7922-45b4-9619-a0d70faf8e8f
Sec. 23.603,Initial,02/01/1965,NPRM,Notice 64-17,1964-03-25,,694d3e72-781c-47f3-b45f-6c0fa548220f
Sec. 23.605,23-23,12/01/1978,NPRM,Notice 75-10,1975-02-27,,75853c01-c43b-43ad-9864-db9d955a66a2
Sec. 23.605,23-23,12/01/1978,NPRM,Notice 75-19,1975-05-13,,75853c01-c43b-43ad-9864-db9d955a66a2
Sec. 23.605,23-23,12/01/1978,NPRM,Notice 75-23,1975-05-19,,75853c01-c43b-43ad-9864-db9d955a66a2
Sec. 23.605,23-23,12/01/1978,NPRM,Notice 75-26,1975-06-09,,75853c01-c43b-43ad-9864-db9d955a66a2
Sec. 23.605,23-23,12/01/1978,NPRM,Notice 75-31,1975-06-30,,75853c01-c43b-43ad-9864-db9d955a66a2
Sec. 23.605,Initial,02/01/1965,NPRM,Notice 64-17,1964-03-25,,58235305-2cd4-4eb9-8b86-afcb42829211
Sec. 23.607,23-17,02/01/1977,NPRM,Notice 74-5,1974-02-14,,38da315d-fb09-48cd-83e4-5cfb75f40856
Sec. 23.607,23-17,02/01/1977,NPRM,Notice 74-5A,1974-05-22,,38da315d-fb09-48cd-83e4-5cfb75f40856
Sec. 23.607,23-17,02/01/1977,NPRM,Notice 74-5B,1974-10-03,,38da315d-fb09-48cd-83e4-5cfb75f40856
Sec. 23.607,23-17,02/01/1977,NPRM,Notice 74-33,1974-10-03,,38da315d-fb09-48cd-83e4-5cfb75f40856
Sec. 23.607,23-17,02/01/1977,NPRM,Notice 74-5C,1974-11-25,,38da315d-fb09-48cd-83e4-5cfb75f40856
Sec. 23.607,23-17,02/01/1977,NPRM,Notice 74-5D,1975-02-04,,38da315d-fb09-48cd-83e4-5cfb75f40856
Sec. 23.607,23-17,02/01/1977,NPRM,Notice 75-10,1975-02-27,,38da315d-fb09-48cd-83e4-5cfb75f40856
Sec. 23.607,23-17,02/01/1977,NPRM,Notice 75-19,1975-05-13,,38da315d-fb09-48cd-83e4-5cfb75f40856
Sec. 23.607,23-17,02/01/1977,NPRM,Notice 75-20,1975-05-13,,38da315d-fb09-48cd-83e4-5cfb75f40856
Sec. 23.607,23-17,02/01/1977,NPRM,Notice 75-23,1975-05-19,,38da315d-fb09-48cd-83e4-5cfb75f40856
Sec. 23.607,23-17,02/01/1977,NPRM,Notice 75-25,1975-05-29,,38da315d-fb09-48cd-83e4-5cfb75f40856
Sec. 23.607,23-17,02/01/1977,NPRM,Notice 75-26,1975-06-09,,38da315d-fb09-48cd-83e4-5cfb75f40856
Sec. 23.607,23-17,02/01/1977,NPRM,Notice 75-31,1975-06-30,,38da315d-fb09-48cd-83e4-5cfb75f40856
Sec. 23.607,23-48,03/11/1996,NPRM,Notice 94-20,1994-07-05,,162f0833-2a95-4a34-8939-d0a15e31504f
Sec. 23.607,Initial,02/01/1965,NPRM,Notice 64-17,1964-03-25,,dfb4bb5e-53c8-4f5b-99cf-2d5ea914338e
Sec. 23.609,Initial,02/01/1965,NPRM,Notice 64-17,1964-03-25,,b396ab9e-7ef3-41e0-a19b-56f7818eff84
Sec. 23.61,23-34,02/17/1987,NPRM,Notice 83-17,1983-09-23,,9ad21507-0077-4922-834d-9f75fc01b4a7
Sec. 23.611,23-48,03/11/1996,NPRM,Notice 94-20,1994-07-05,,14766e8e-a7d5-495f-bc99-59445f04a878
Sec. 23.611,23-7,09/14/1969,NPRM,Notice 67-14,1967-04-05,,80fdba0b-2624-48b1-823c-e7918b59ff06
Sec. 23.611,Initial,02/01/1965,NPRM,Notice 64-17,1964-03-25,,c0eb06ef-d590-4e5f-9de6-4e0787e2f74d
Sec. 23.613,23-23,12/01/1978,NPRM,Notice 75-10,1975-02-27,,997878b5-1b61-4f63-86d5-3249cbdeb6ef
Sec. 23.613,23-23,12/01/1978,NPRM,Notice 75-19,1975-05-13,,997878b5-1b61-4f63-86d5-3249cbdeb6ef
Sec. 23.613,23-23,12/01/1978,NPRM,Notice 75-23,1975-05-19,,997878b5-1b61-4f63-86d5-3249cbdeb6ef
Sec. 23.613,23-23,12/01/1978,NPRM,Notice 75-26,1975-06-09,,997878b5-1b61-4f63-86d5-3249cbdeb6ef
Sec. 23.613,23-23,12/01/1978,NPRM,Notice 75-31,1975-06-30,,997878b5-1b61-4f63-86d5-3249cbdeb6ef
Sec. 23.613,23-45,09/07/1993,NPRM,Notice 90-18,1990-06-15,,89df48b5-d57e-4f1f-9abc-a645a91f1af8
Sec. 23.613,Initial,02/01/1965,NPRM,Notice 64-17,1964-03-25,,31a71789-491d-4928-8b28-294c85838ebd
Sec. 23.615,23-45,09/07/1993,NPRM,Notice 90-18,1990-06-15,,d6669e6c-aafe-47da-a8c8-83fab5077b21
Sec. 23.615,23-7,09/14/1969,NPRM,Notice 67-14,1967-04-05,,7982a938-7b5a-47a5-bae1-61d954def5bd
Sec. 23.615,Initial,02/01/1965,NPRM,Notice 64-17,1964-03-25,,3ac8f4ea-40e5-4434-825e-00eea9f49916
Sec. 23.617,23-7,09/14/1969,NPRM,Notice 67-14,1967-04-05,,0f079e25-7051-47a5-9519-831dc552f2b9
Sec. 23.617,Initial,02/01/1965,NPRM,Notice 64-17,1964-03-25,,ac8af695-e1d0-4d58-8d67-5f02d16ac2fd
Sec. 23.619,23-7,09/14/1969,NPRM,Notice 67-14,1967-04-05,,e0ee6c40-d5e2-440a-8a7e-1ebeed0837d6
Sec. 23.619,Initial,02/01/1965,NPRM,Notice 64-17,1964-03-25,,e0fde7a0-1598-459d-a422-ddffe6ce05f4
Sec. 23.621,23-45,09/07/1993,NPRM,Notice 90-18,1990-06-15,,c6b947e9-3c5f-40f2-a1b5-8aedcea66812
Sec. 23.621,Initial,02/01/1965,NPRM,Notice 64-17,1964-03-25,,beb2b628-6d7a-437d-be8b-87739a45e464
Sec. 23.623,23-7,09/14/1969,NPRM,Notice 67-14,1967-04-05,,4ffa6657-b220-4f64-a226-b5c018d9f122
Sec. 23.623,Initial,02/01/1965,NPRM,Notice 64-17,1964-03-25,,45c01f8e-2279-4a26-9365-eecaf40a7499
Sec. 23.625,23-7,09/14/1969,NPRM,Notice 67-14,1967-04-05,,4ca41a5f-2d93-47c7-a69b-465e9d9dbc74
Sec. 23.625,Initial,02/01/1965,NPRM,Notice 64-17,1964-03-25,,25728eaf-5292-4ccc-8d11-4c11f0c1c994
Sec. 23.627,Initial,02/01/1965,NPRM,Notice 64-17,1964-03-25,,08a3aba6-448c-4310-91f2-ad7789b1f6b6
Sec. 23.629,23-23,12/01/1978,NPRM,Notice 75-10,1975-02-27,,0a3d38ed-5dcf-44fb-8bf4-b1fa35693455
Sec. 23.629,23-23,12/01/1978,NPRM,Notice 75-19,1975-05-13,,0a3d38ed-5dcf-44fb-8bf4-b1fa35693455
Sec. 23.629,23-23,12/01/1978,NPRM,Notice 75-23,1975-05-19,,0a3d38ed-5dcf-44fb-8bf4-b1fa35693455
Sec. 23.629,23-23,12/01/1978,NPRM,Notice 75-26,1975-06-09,,0a3d38ed-5dcf-44fb-8bf4-b1fa35693455
Sec. 23.629,23-23,12/01/1978,NPRM,Notice 75-31,1975-06-30,,0a3d38ed-5dcf-44fb-8bf4-b1fa35693455
Sec. 23.629,23-31,12/28/1984,NPRM,Notice 84-2,1983-11-18,,1eed58e6-c0de-4318-bf3b-7cf821112ab0
Sec. 23.629,23-45,09/07/1993,NPRM,Notice 90-18,1990-06-15,,d6868fe6-f133-4fde-80a4-95886c23a781
Sec. 23.629,23-48,03/11/1996,NPRM,Notice 94-20,1994-07-05,,e5a7081c-980d-4ab4-b5cc-08888822bfdf
Sec. 23.629,23-7,09/14/1969,NPRM,Notice 67-14,1967-04-05,,02bf41bc-0b2f-437a-b489-24996a1439a5
Sec. 23.629,Initial,02/01/1965,NPRM,Notice 64-17,1964-03-25,,e2ece1c8-1d5c-4d91-ba42-aa95a50fb10a
Sec. 23.63,23-50,03/11/1996,NPRM,Notice 94-22,1994-07-19,,8f63e87c-dda3-4c31-ab46-2affb55b7f9c
Sec. 23.641,Initial,02/01/1965,NPRM,Notice 64-17,1964-03-25,,6cfd6f45-2328-432c-abdf-e564c2082851
Sec. 23.643,23-7,09/14/1969,NPRM,Notice 67-14,1967-04-05,,d98b77a5-81e6-4c52-8d9d-62aef8027d56
Sec. 23.643,Initial,02/01/1965,NPRM,Notice 64-17,1964-03-25,,d03c3c8a-2946-468f-97d0-75e1ec22f8b2
Sec. 23.65,23-21,03/01/1978,NPRM,Notice 75-10,1975-02-27,,4188e33b-10d2-4cb6-8014-b9dcda94256b
Sec. 23.65,23-21,03/01/1978,NPRM,Notice 75-25,1975-05-29,,4188e33b-10d2-4cb6-8014-b9dcda94256b
Sec. 23.65,23-34,02/17/1987,NPRM,Notice 83-17,1983-09-23,,f539f4b6-6c69-4c06-8465-64802cf5e5d6
Sec. 23.65,23-45,09/07/1993,NPRM,Notice 90-18,1990-06-15,,ab4b20dd-3fc5-41ca-89a2-13cf222289a4
Sec. 23.65,23-50,03/11/1996,NPRM,Notice 94-22,1994-07-19,,c4a31239-0934-49c1-8f52-1003a01b3aee
Sec. 23.65,23-7,09/14/1969,NPRM,Notice 67-14,1967-04-05,,52ea4ec3-7bdb-4390-8db3-c4e1277a593c
Sec. 23.65,Initial,02/01/1965,NPRM,Notice 64-17,1964-03-25,,931f0e10-f51e-4087-b272-2b5026ff6499
Sec. 23.651,Initial,02/01/1965,NPRM,Notice 64-17,1964-03-25,,fe25e203-77a0-4462-b981-4ff9b6fc8347
Sec. 23.655,23-45,09/07/1993,NPRM,Notice 90-18,1990-06-15,,8dd1502d-5047-49de-9cfe-146b659eb330
Sec. 23.655,Initial,02/01/1965,NPRM,Notice 64-17,1964-03-25,,58604478-4289-405f-8236-51715747b181
Sec. 23.657,23-48,03/11/1996,NPRM,Notice 94-20,1994-07-05,,8ee1748e-13f7-42cf-80c8-3376dae9fa58
Sec. 23.657,Initial,02/01/1965,NPRM,Notice 64-17,1964-03-25,,7d1cce69-c12c-45d5-9867-01e846969ba6
Sec. 23.659,Initial,02/01/1965,NPRM,Notice 64-17,1964-03-25,,891e0232-f07e-4fc1-87b3-9649f415d33a
Sec. 23.66,23-50,03/11/1996,NPRM,Notice 94-22,1994-07-19,,a2f937d6-6dbd-44fa-b078-5e78a5c8ddb5
Sec. 23.67,23-21,03/01/1978,NPRM,Notice 75-10,1975-02-27,,fa6aa032-1950-4139-92a8-09b5118f9300
Sec. 23.67,23-21,03/01/1978,NPRM,Notice 75-25,1975-02-27,,fa6aa032-1950-4139-92a8-09b5118f9300
Sec. 23.67,23-34,02/17/1987,NPRM,Notice 83-17,1983-09-23,,da9d32d9-f471-4017-8ff7-550bf5f54ebf
Sec. 23.67,23-42,02/04/1991,NPRM,Notice 89-5,1989-02-23,,c88d536e-8486-4c57-8372-c78ea65039ef
Sec. 23.67,23-44,08/18/1993,NPRM,Notice 91-12,1990-04-02,,520321de-2dbc-4406-ad31-c992a3acb80b
Sec. 23.67,23-50,03/11/1996,NPRM,Notice 94-22,1994-07-19,,cb82acf3-6264-4fed-a97b-a666a815669e
Sec. 23.67,23-7,09/14/1969,NPRM,Notice 67-14,1967-04-05,,674cc403-4ebb-4aaa-8305-897cfabf2396
Sec. 23.67,Initial,02/01/1965,NPRM,Notice 64-17,1964-03-25,,7f34f1e7-abe1-4f88-b891-b23b3df4af39
Sec. 23.671,Initial,02/01/1965,NPRM,Notice 64-17,1964-03-25,,ff5e2ddd-58bc-45aa-ba6a-9235c68fb268
Sec. 23.672,23-45,09/07/1993,NPRM,Notice 90-18,1990-06-15,,73850602-8d2c-46a3-a10e-2a97d84ffa3a
Sec. 23.673,23-48,03/11/1996,NPRM,Notice 94-20,1994-07-05,,3324e0c5-b8f1-416e-92c1-083dd68a5b48
Sec. 23.673,Initial,02/01/1965,NPRM,Notice 64-17,1964-03-25,,fb043203-d268-4822-8e02-16bd9108f506
Sec. 23.675,23-17,02/01/1977,NPRM,Notice 74-5,1974-02-14,,52221dd4-e6a9-4b5f-9a42-8779b50f8244
Sec. 23.675,23-17,02/01/1977,NPRM,Notice 74-5A,1974-05-22,,52221dd4-e6a9-4b5f-9a42-8779b50f8244
Sec. 23.675,23-17,02/01/1977,NPRM,Notice 74-5B,1974-10-03,,52221dd4-e6a9-4b5f-9a42-8779b50f8244
Sec. 23.675,23-17,02/01/1977,NPRM,Notice 74-33,1974-10-03,,52221dd4-e6a9-4b5f-9a42-8779b50f8244
Sec. 23.675,23-17,02/01/1977,NPRM,Notice 74-5C,1974-11-25,,52221dd4-e6a9-4b5f-9a42-8779b50f8244
Sec. 23.675,23-17,02/01/1977,NPRM,Notice 74-5D,1975-02-04,,52221dd4-e6a9-4b5f-9a42-8779b50f8244
Sec. 23.675,23-17,02/01/1977,NPRM,Notice 75-10,1975-02-27,,52221dd4-e6a9-4b5f-9a42-8779b50f8244
Sec. 23.675,23-17,02/01/1977,NPRM,Notice 75-19,1975-05-13,,52221dd4-e6a9-4b5f-9a42-8779b50f8244
Sec. 23.675,23-17,02/01/1977,NPRM,Notice 75-20,1975-05-13,,52221dd4-e6a9-4b5f-9a42-8779b50f8244
Sec. 23.675,23-17,02/01/1977,NPRM,Notice 75-23,1975-05-19,,52221dd4-e6a9-4b5f-9a42-8779b50f8244
Sec. 23.675,23-17,02/01/1977,NPRM,Notice 75-25,1975-05-29,,52221dd4-e6a9-4b5f-9a42-8779b50f8244
Sec. 23.675,23-17,02/01/1977,NPRM,Notice 75-26,1975-06-09,,52221dd4-e6a9-4b5f-9a42-8779b50f8244
Sec. 23.675,23-17,02/01/1977,NPRM,Notice 75-31,1975-06-30,,52221dd4-e6a9-4b5f-9a42-8779b50f8244
Sec. 23.675,Initial,02/01/1965,NPRM,Notice 64-17,1964-03-25,,a8286ba9-aa1d-4f50-b64e-c310b10a6c67
Sec. 23.677,23-34,02/17/1987,NPRM,Notice 83-17,1983-09-23,,61017c8c-3ea7-487c-8148-8fe639e307e3
Sec. 23.677,23-42,02/04/1991,NPRM,Notice 89-5,1989-02-23,,40f6aeee-8473-4b19-a720-0871a24739d2
Sec. 23.677,23-49,03/11/1996,NPRM,Notice 94-21,1994-07-14,,0eab6992-0ae0-4f74-86bd-b3891c1b2b7a
Sec. 23.677,23-7,09/14/1969,NPRM,Notice 67-14,1967-04-05,,e8aae4ef-d4bb-46aa-b118-ce7e52c3b23f
Sec. 23.677,Initial,02/01/1965,NPRM,Notice 64-17,1964-03-25,,30b35575-ffdf-489b-86fc-9b147ea56ed7
Sec. 23.679,23-45,09/07/1993,NPRM,Notice 90-18,1990-06-15,,d6db9ca8-bcb2-417d-b1e9-daac5372f39b
Sec. 23.679,Initial,02/01/1965,NPRM,Notice 64-17,1964-03-25,,30add95c-4552-4c9e-9b6d-03d7f2111459
Sec. 23.681,Initial,02/01/1965,NPRM,Notice 64-17,1964-03-25,,d2a2dd80-777b-4d3e-ab75-e11b8975009f
Sec. 23.683,23-7,09/14/1969,NPRM,Notice 67-14,1967-04-05,,8a9fe7e9-a152-49b9-9f49-e7cf510e3b22
Sec. 23.683,Initial,02/01/1965,NPRM,Notice 64-17,1964-03-25,,7f2cbbaf-5c6d-4cb1-8d8d-b16291650734
Sec. 23.685,23-17,02/01/1977,NPRM,Notice 74-5,1974-02-14,,0a9477f2-4f7d-4a33-ba5b-6ca264790d45
Sec. 23.685,23-17,02/01/1977,NPRM,Notice 74-5A,1974-05-22,,0a9477f2-4f7d-4a33-ba5b-6ca264790d45
Sec. 23.685,23-17,02/01/1977,NPRM,Notice 74-5B,1974-10-03,,0a9477f2-4f7d-4a33-ba5b-6ca264790d45
Sec. 23.685,23-17,02/01/1977,NPRM,Notice 74-33,1974-10-03,,0a9477f2-4f7d-4a33-ba5b-6ca264790d45
Sec. 23.685,23-17,02/01/1977,NPRM,Notice 74-5C,1974-11-25,,0a9477f2-4f7d-4a33-ba5b-6ca264790d45
Sec. 23.685,23-17,02/01/1977,NPRM,Notice 74-5D,1975-02-04,,0a9477f2-4f7d-4a33-ba5b-6ca264790d45
Sec. 23.685,23-17,02/01/1977,NPRM,Notice 75-10,1975-02-27,,0a9477f2-4f7d-4a33-ba5b-6ca264790d45
Sec. 23.685,23-17,02/01/1977,NPRM,Notice 75-19,1975-05-13,,0a9477f2-4f7d-4a33-ba5b-6ca264790d45
Sec. 23.685,23-17,02/01/1977,NPRM,Notice 75-20,1975-05-13,,0a9477f2-4f7d-4a33-ba5b-6ca264790d45
Sec. 23.685,23-17,02/01/1977,NPRM,Notice 75-23,1975-05-19,,0a9477f2-4f7d-4a33-ba5b-6ca264790d45
Sec. 23.685,23-17,02/01/1977,NPRM,Notice 75-25,1975-05-29,,0a9477f2-4f7d-4a33-ba5b-6ca264790d45
Sec. 23.685,23-17,02/01/1977,NPRM,Notice 75-26,1975-06-09,,0a9477f2-4f7d-4a33-ba5b-6ca264790d45
Sec. 23.685,23-17,02/01/1977,NPRM,Notice 75-31,1975-06-30,,0a9477f2-4f7d-4a33-ba5b-6ca264790d45
Sec. 23.685,Initial,02/01/1965,NPRM,Notice 64-17,1964-03-25,,69c0e391-6cd3-4c16-be2b-1ba912aa66c0
Sec. 23.687,Initial,02/01/1965,NPRM,Notice 64-17,1964-03-25,,11fb3f9e-efa9-4ff7-a0a9-c0f00bb1fa59
Sec. 23.689,23-7,09/14/1969,NPRM,Notice 67-14,1967-04-05,,79f10b73-e6bc-4d32-88e2-cc1ee81fe3ef
Sec. 23.689,Initial,02/01/1965,NPRM,Notice 64-17,1964-03-25,,27530c2c-dd83-47f0-b96a-448ecdd27c66
Sec. 23.69,23-50,03/11/1996,NPRM,Notice 94-22,1994-07-19,,001b74c5-4c8e-4ed9-bfc5-c0b46b21840d
Sec. 23.691,23-49,03/11/1996,NPRM,Notice 94-21,1994-07-14,,791b6001-4e89-4e6d-a80c-0b0ed649d175
Sec. 23.693,Initial,02/01/1965,NPRM,Notice 64-17,1964-03-25,,14aec896-c3d9-4f41-ab6a-ea811a15f801
Sec. 23.697,23-49,03/11/1996,NPRM,Notice 94-21,1994-07-14,,663765f9-1ca8-4cb9-a579-2c123e30fac7
Sec. 23.697,Initial,02/01/1965,NPRM,Notice 64-17,1964-03-25,,1d4c927e-491f-4921-8e55-34796122d7f7
Sec. 23.699,Initial,02/01/1965,NPRM,Notice 64-17,1964-03-25,,da299e5f-109a-4702-8919-508c3fba5788
Sec. 23.701,23-14,12/20/1973,NPRM,Notice 71-13,1971-04-27,,d667e56d-185c-496c-9e4e-963dee19a909
Sec. 23.701,23-42,02/04/1991,NPRM,Notice 89-5,1989-02-23,,afd75715-d0c2-4ff7-9e95-634430a2a5d3
Sec. 23.701,23-49,03/11/1996,NPRM,Notice 94-21,1994-07-14,,172e3168-a770-4754-89c0-19fceb16d9af
Sec. 23.701,Initial,02/01/1965,NPRM,Notice 64-17,1964-03-25,,557fa498-5090-42f0-bd76-ad353f7077bb
Sec. 23.703,23-49,03/11/1996,NPRM,Notice 94-21,1994-07-14,,4c0d8110-8f64-470f-85b1-45ed46531455
Sec. 23.71,23-50,03/11/1996,NPRM,Notice 94-22,1994-07-19,,1775ca58-8a7a-47bd-8f5a-bae9a1edee54
Sec. 23.721,23-34,02/17/1987,NPRM,Notice 83-17,1983-09-23,,32149d4e-62b1-4f7e-a7ec-184ccc98c99f
Sec. 23.721,23-7,09/14/1969,NPRM,Notice 67-14,1967-04-05,,c293f0b4-418e-4b2c-83db-4b300e4961b6
Sec. 23.721,Initial,02/01/1965,NPRM,Notice 64-17,1964-03-25,,bc2578f1-4184-4624-8e18-f4bee2150f66
Sec. 23.723,23-23,12/01/1978,NPRM,Notice 75-10,1975-02-27,,893b2cad-5248-4a88-a660-7ea590bc6732
Sec. 23.723,23-23,12/01/1978,NPRM,Notice 75-19,1975-05-13,,893b2cad-5248-4a88-a660-7ea590bc6732
Sec. 23.723,23-23,12/01/1978,NPRM,Notice 75-23,1975-05-19,,893b2cad-5248-4a88-a660-7ea590bc6732
Sec. 23.723,23-23,12/01/1978,NPRM,Notice 75-26,1975-06-09,,893b2cad-5248-4a88-a660-7ea590bc6732
Sec. 23.723,23-23,12/01/1978,NPRM,Notice 75-31,1975-06-30,,893b2cad-5248-4a88-a660-7ea590bc6732
Sec. 23.723,23-49,03/11/1996,NPRM,Notice 94-21,1994-07-14,,80412779-06a8-45f4-b854-bab5e49b381c
Sec. 23.723,Initial,02/01/1965,NPRM,Notice 64-17,1964-03-25,,a29085da-c452-42fd-ad23-b59075603fdb
Sec. 23.725,23-48,03/11/1996,NPRM,Notice 94-20,1994-07-05,,e1d4944b-c0e7-4735-a09f-a1a85212e161
Sec. 23.725,23-7,09/14/1969,NPRM,Notice 67-14,1967-04-05,,91f5a11e-7c51-4915-bcc1-5fe8fdc4765f
Sec. 23.725,Initial,02/01/1965,NPRM,Notice 64-17,1964-03-25,,cafb553d-670a-41b4-88ac-450ee49e9664
Sec. 23.726,23-7,09/14/1969,NPRM,Notice 67-14,1967-04-05,,c35cc7fd-ed6c-412e-a227-727a195648e2
Sec. 23.727,23-7,09/14/1969,NPRM,Notice 67-14,1967-04-05,,ce44607a-7257-44da-9c8a-fe0cd0095381
Sec. 23.727,Initial,02/01/1965,NPRM,Notice 64-17,1964-03-25,,888884f1-e401-4102-881a-a85a1d2728ca
Sec. 23.729,23-21,03/01/1978,NPRM,Notice 75-10,1975-02-27,,769e0696-1559-4433-b31b-535f5f8fa3e7
Sec. 23.729,23-21,03/01/1978,NPRM,Notice 75-25,1975-02-27,,769e0696-1559-4433-b31b-535f5f8fa3e7
Sec. 23.729,23-26,10/14/1980,NPRM,Notice 74-5,1974-02-14,,c6924613-0e06-4af1-899b-2208cded1b69
Sec. 23.729,23-26,10/14/1980,NPRM,Notice 74-5A,1974-02-14,,c6924613-0e06-4af1-899b-2208cded1b69
Sec. 23.729,23-26,10/14/1980,NPRM,Notice 74-5B,1974-02-14,,c6924613-0e06-4af1-899b-2208cded1b69
Sec. 23.729,23-26,10/14/1980,NPRM,Notice 74-33,1974-02-14,,c6924613-0e06-4af1-899b-2208cded1b69
Sec. 23.729,23-26,10/14/1980,NPRM,Notice 74-5C,1974-02-14,,c6924613-0e06-4af1-899b-2208cded1b69
Sec. 23.729,23-26,10/14/1980,NPRM,Notice 74-5D,1974-02-14,,c6924613-0e06-4af1-899b-2208cded1b69
Sec. 23.729,23-26,10/14/1980,NPRM,Notice 75-10,1974-02-14,,c6924613-0e06-4af1-899b-2208cded1b69
Sec. 23.729,23-26,10/14/1980,NPRM,Notice 75-19,1974-02-14,,c6924613-0e06-4af1-899b-2208cded1b69
Sec. 23.729,23-26,10/14/1980,NPRM,Notice 75-26,1974-02-14,,c6924613-0e06-4af1-899b-2208cded1b69
Sec. 23.729,23-26,10/14/1980,NPRM,Notice 75-31,1974-02-14,,c6924613-0e06-4af1-899b-2208cded1b69
Sec. 23.729,23-45,09/07/1993,NPRM,Notice 90-18,1990-06-15,,943b2168-1ef4-463c-8981-e039a20a2aaf
Sec. 23.729,23-49,03/11/1996,NPRM,Notice 94-21,1994-07-14,,c962cfe0-50a9-4076-b0ab-696a8aaecfbd
Sec. 23.729,23-7,09/14/1969,NPRM,Notice 67-14,1967-04-05,,56f90aa4-e457-46df-b451-e607c804b2f1
Sec. 23.729,Initial,02/01/1965,NPRM,Notice 64-17,1964-03-25,,3fa46d65-d415-42dd-8d2c-2469c9c4c217
Sec. 23.73,23-50,03/11/1996,NPRM,Notice 94-22,1994-07-19,,60f54852-5d00-4b1d-bf8f-427d7a61d669
Sec. 23.731,23-45,09/07/1993,NPRM,Notice 90-18,1990-06-15,,0b3a355f-5162-4cf1-a72f-f6c9393ccbd2
Sec. 23.731,Initial,02/01/1965,NPRM,Notice 64-17,1964-03-25,,89bd5539-1cad-408e-bb7d-b6cb1d199302
Sec. 23.733,23-17,02/01/1977,NPRM,Notice 74-5,1974-02-14,,0e76665b-4d7e-4499-887c-f8c66e1b11cd
Sec. 23.733,23-17,02/01/1977,NPRM,Notice 74-5A,1974-05-22,,0e76665b-4d7e-4499-887c-f8c66e1b11cd
Sec. 23.733,23-17,02/01/1977,NPRM,Notice 74-5B,1974-10-03,,0e76665b-4d7e-4499-887c-f8c66e1b11cd
Sec. 23.733,23-17,02/01/1977,NPRM,Notice 74-33,1974-10-03,,0e76665b-4d7e-4499-887c-f8c66e1b11cd
Sec. 23.733,23-17,02/01/1977,NPRM,Notice 74-5C,1974-11-25,,0e76665b-4d7e-4499-887c-f8c66e1b11cd
Sec. 23.733,23-17,02/01/1977,NPRM,Notice 74-5D,1975-02-04,,0e76665b-4d7e-4499-887c-f8c66e1b11cd
Sec. 23.733,23-17,02/01/1977,NPRM,Notice 75-10,1975-02-27,,0e76665b-4d7e-4499-887c-f8c66e1b11cd
Sec. 23.733,23-17,02/01/1977,NPRM,Notice 75-19,1975-05-13,,0e76665b-4d7e-4499-887c-f8c66e1b11cd
Sec. 23.733,23-17,02/01/1977,NPRM,Notice 75-20,1975-05-13,,0e76665b-4d7e-4499-887c-f8c66e1b11cd
Sec. 23.733,23-17,02/01/1977,NPRM,Notice 75-23,1975-05-19,,0e76665b-4d7e-4499-887c-f8c66e1b11cd
Sec. 23.733,23-17,02/01/1977,NPRM,Notice 75-25,1975-05-29,,0e76665b-4d7e-4499-887c-f8c66e1b11cd
Sec. 23.733,23-17,02/01/1977,NPRM,Notice 75-26,1975-06-09,,0e76665b-4d7e-4499-887c-f8c66e1b11cd
Sec. 23.733,23-17,02/01/1977,NPRM,Notice 75-31,1975-06-30,,0e76665b-4d7e-4499-887c-f8c66e1b11cd
Sec. 23.733,23-45,09/07/1993,NPRM,Notice 90-18,1990-06-15,,c07c30cb-dd58-41e0-82aa-2ef554de7a4c
Sec. 23.733,23-7,09/14/1969,NPRM,Notice 67-14,1967-04-05,,913e47cb-89c2-44ab-966f-752034781cd2
Sec. 23.733,Initial,02/01/1965,NPRM,Notice 64-17,1964-03-25,,a377605d-0ead-415a-8548-363c2655d631
Sec. 23.735,23-24,12/31/1979,NPRM,Notice 78-16,1978-11-29,,d3c75aeb-b3dd-4323-94b1-6b2d12447cb3
Sec. 23.735,23-42,02/04/1991,NPRM,Notice 89-5,1989-02-23,,a8538b99-c3d2-473a-b5e1-28c48fb78add
Sec. 23.735,23-49,03/11/1996,NPRM,Notice 94-21,1994-07-14,,140922ed-6de7-4952-9465-dac7e94f81a3
Sec. 23.735,23-7,09/14/1969,NPRM,Notice 67-14,1967-04-05,,071314a4-878b-40d2-84a0-df5297930871
Sec. 23.735,Initial,02/01/1965,NPRM,Notice 64-17,1964-03-25,,a69841ff-68ec-4f89-b440-dc530d12a10d
Sec. 23.737,23-45,09/07/1993,NPRM,Notice 90-18,1990-06-15,,d09296c4-a58c-4835-832f-dfe7396a760c
Sec. 23.737,Initial,02/01/1965,NPRM,Notice 64-17,1964-03-25,,a94472d7-9373-414a-8765-62d98d09afb2
Sec. 23.745,23-49,03/11/1996,NPRM,Notice 94-21,1994-07-14,,59d68137-24cf-44fd-bfcd-337e768bf3a5
Sec. 23.75,23-21,03/01/1978,NPRM,Notice 75-10,1975-02-27,,f22e6476-12f2-4c81-bf69-67e25f54b976
Sec. 23.75,23-21,03/01/1978,NPRM,Notice 75-25,1975-02-27,,f22e6476-12f2-4c81-bf69-67e25f54b976
Sec. 23.75,23-34,02/17/1987,NPRM,Notice 83-17,1983-09-23,,a110dd29-4759-438e-8fca-649bb0415315
Sec. 23.75,23-42,02/04/1991,NPRM,Notice 89-5,1989-02-23,,dc3992bb-26fb-4a7f-84c1-6e13333cefeb
Sec. 23.75,23-50,03/11/1996,NPRM,Notice 94-22,1994-07-19,,e0b7eee2-6156-4b5c-ac98-7d83e991fa99
Sec. 23.75,23-7,09/14/1969,NPRM,Notice 67-14,1967-04-05,,5db15c2e-60cd-4cb6-866f-88b50ec3dbe5
Sec. 23.75,Initial,02/01/1965,NPRM,Notice 64-17,1964-03-25,,4c616dd5-7e49-455e-9171-2ec6d26b32b1
Sec. 23.751,23-45,09/07/1993,NPRM,Notice 90-18,1990-06-15,,41d2e3bd-0d62-40a9-b386-4ad988789533
Sec. 23.751,Initial,02/01/1965,NPRM,Notice 64-17,1964-03-25,,bf228ff8-2482-4453-ad68-39a1e4a751e2
Sec. 23.753,23-45,09/07/1993,NPRM,Notice 90-18,1990-06-15,,ee8b9629-c49f-47f1-92b4-9cb6194d1806
Sec. 23.753,Initial,02/01/1965,NPRM,Notice 64-17,1964-03-25,,330bb833-c211-46e4-b798-027c166c498a
Sec. 23.755,23-45,09/07/1993,NPRM,Notice 90-18,1990-06-15,,1d1c7a76-5569-4b43-bc5c-446179f2e28a
Sec. 23.755,23-48,03/11/1996,NPRM,Notice 94-20,1994-07-05,,1930c608-84b8-4952-bf80-5382983bb13b
Sec. 23.755,Initial,02/01/1965,NPRM,Notice 64-17,1964-03-25,,de05880b-6cc4-4422-aa2e-1551d57188be
Sec. 23.757,Initial,02/01/1965,NPRM,Notice 64-17,1964-03-25,,6c164126-1c21-4380-b5b0-9c5b24400a5a
Sec. 23.77,23-21,03/01/1978,NPRM,Notice 75-10,1975-02-27,,4ad5eaf2-409e-466b-a4c8-83a4ca9bb9f9
Sec. 23.77,23-21,03/01/1978,NPRM,Notice 75-25,1975-05-29,,4ad5eaf2-409e-466b-a4c8-83a4ca9bb9f9
Sec. 23.77,23-34,02/17/1987,NPRM,Notice 83-17,1983-09-23,,446861e3-92fd-4de3-862c-d35bf73fc1a9
Sec. 23.77,23-50,03/11/1996,NPRM,Notice 94-22,1994-07-19,,e66025e2-2851-4b4d-8d1a-c7d1829702ef
Sec. 23.77,23-7,09/14/1969,NPRM,Notice 67-14,1967-04-05,,f768e9b1-ba9f-4ffe-b632-31075888afeb
Sec. 23.77,Initial,02/01/1965,NPRM,Notice 64-17,1964-03-25,,a9b3372d-00c9-4e6c-9581-f39a05fa723f
Sec. 23.771,23-14,12/20/1973,NPRM,Notice 71-13,1971-04-27,,0547fbf8-5e48-465f-badb-2ebd03844e77
Sec. 23.771,Initial,02/01/1965,NPRM,Notice 64-17,1964-03-25,,b43dce73-8964-422f-a144-622d2bf6a995
Sec. 23.773,23-45,09/07/1993,NPRM,Notice 90-18,1990-06-15,,e53201e0-92cc-4a13-8a18-8f816600f12b
Sec. 23.773,23-45C,01/05/2006,NPRM,Notice 90-18,1990-06-15,,34a5f81a-6e10-4fbb-aaef-1ae7a55e7ce5
Sec. 23.773,Initial,02/01/1965,NPRM,Notice 64-17,1964-03-25,,e949e915-1336-4f21-94fc-7c4f02e39c25
Sec. 23.775,23-45,09/07/1993,NPRM,Notice 90-18,1990-06-15,,a5997b72-f1ec-4b11-86e4-0b8b86107f34
Sec. 23.775,23-49,03/11/1996,NPRM,Notice 94-21,1994-07-14,,e1611328-6d3e-4c71-8ba6-4842b83fad29
Sec. 23.775,23-7,09/14/1969,NPRM,Notice 67-14,1967-04-05,,777d4baf-8829-4162-941e-b353730990a0
Sec. 23.775,Initial,02/01/1965,NPRM,Notice 64-17,1964-03-25,,4db70a8a-af18-4948-b15c-4dfb31ce7c05
Sec. 23.777,23-33,08/11/1986,NPRM,Notice 84-12,1984-05-11,,0d5e8bb5-9bcb-4c3d-b386-7e011f58d489
Sec. 23.777,23-51,03/11/1996,NPRM,Notice 94-19,1994-06-22,,31db42d9-0d3a-4c3a-a7c4-12c621498ad1
Sec. 23.777,23-7,09/14/1969,NPRM,Notice 67-14,1967-04-05,,bddc47a1-6014-45c6-b8bf-d079172453db
Sec. 23.777,Initial,02/01/1965,NPRM,Notice 64-17,1964-03-25,,fb4fc165-5c34-4da6-b94b-fff87a41cac4
Sec. 23.779,23-33,08/11/1986,NPRM,Notice 84-12,1984-05-11,,4f1913f9-57c8-41b3-b632-148cb125597f
Sec. 23.779,23-51,03/11/1996,NPRM,Notice 94-19,1994-06-22,,94bfa902-659c-4b3a-a44f-e1df943d29d7
Sec. 23.779,Initial,02/01/1965,NPRM,Notice 64-17,1964-03-25,,cb4113ae-5133-431c-9861-1b4f9e82ec36
Sec. 23.781,23-33,08/11/1986,NPRM,Notice 84-12,1984-05-11,,9d4b3cf1-a69c-454f-9e2f-c498d9faeacb
Sec. 23.781,Initial,02/01/1965,NPRM,Notice 64-17,1964-03-25,,77b2ad98-0deb-4388-a23f-d69603142c23
Sec. 23.783,23-34,02/17/1987,NPRM,Notice 83-17,1983-09-23,,4c69fd71-834b-4bb4-9ea7-ef0803d14a34
Sec. 23.783,23-36,09/14/1988,NPRM,Notice 86-19,1986-11-28,,ed923b46-a6fb-4642-a4e2-95ff8490763a
Sec. 23.783,23-46,06/16/1994,NPRM,Notice 90-20,1990-08-23,,b32ad680-c123-4b75-b267-aa1d924f0f45
Sec. 23.783,23-49,03/11/1996,NPRM,Notice 94-21,1994-07-14,,9803c1e3-f7c1-49fb-90fe-0e7d022167ce
Sec. 23.783,Initial,02/01/1965,NPRM,Notice 64-17,1964-03-25,,a5cbee5b-1dc3-4022-9f54-0a47a573d84c
Sec. 23.785,23-19,07/18/1977,NPRM,Notice 73-1,1973-01-18,,fee10f08-a274-4c6a-a6ac-530cd1ead76b
Sec. 23.785,23-23,12/01/1978,NPRM,Notice 75-10,1975-02-27,,4d636b67-cc1b-4ed8-a04d-e7d56d3d7f43
Sec. 23.785,23-23,12/01/1978,NPRM,Notice 75-19,1975-05-13,,4d636b67-cc1b-4ed8-a04d-e7d56d3d7f43
Sec. 23.785,23-23,12/01/1978,NPRM,Notice 75-23,1975-05-19,,4d636b67-cc1b-4ed8-a04d-e7d56d3d7f43
Sec. 23.785,23-23,12/01/1978,NPRM,Notice 75-26,1975-06-09,,4d636b67-cc1b-4ed8-a04d-e7d56d3d7f43
Sec. 23.785,23-23,12/01/1978,NPRM,Notice 75-31,1975-06-30,,4d636b67-cc1b-4ed8-a04d-e7d56d3d7f43
Sec. 23.785,23-32,12/12/1985,NPRM,Notice 85-11,1985-04-28,,8f375847-0b6c-4456-8154-dabe4fb85d0f
Sec. 23.785,23-34,02/17/1987,NPRM,Notice 83-17,1983-09-23,,329d327a-5e3e-4bda-b70d-e76d7681d9ba
Sec. 23.785,23-36,09/14/1988,NPRM,Notice 86-19,1986-11-28,,c5ea2f8d-51b1-4104-aa15-70521ba195be
Sec. 23.785,23-49,03/11/1996,NPRM,Notice 94-21,1994-07-14,,2a3d05e0-e41f-4381-bcfa-d270ebd21db9
Sec. 23.785,23-7,09/14/1969,NPRM,Notice 67-14,1967-04-05,,c29b1751-54c2-4fd3-a51c-032ad34e3ee8
Sec. 23.785,Initial,02/01/1965,NPRM,Notice 64-17,1964-03-25,,908d3b2f-9621-4d5e-9313-536cb25c371c
Sec. 23.787,23-14,12/20/1973,NPRM,Notice 71-13,1971-04-27,,cccb4711-b574-466f-9151-7d2622fe45fc
Sec. 23.787,23-17,02/01/1977,NPRM,Notice 74-5,1974-02-14,,a71c09a4-6c1e-459d-8f87-197005fda273
Sec. 23.787,23-17,02/01/1977,NPRM,Notice 74-5A,1974-05-22,,a71c09a4-6c1e-459d-8f87-197005fda273
Sec. 23.787,23-17,02/01/1977,NPRM,Notice 74-5B,1974-10-03,,a71c09a4-6c1e-459d-8f87-197005fda273
Sec. 23.787,23-17,02/01/1977,NPRM,Notice 74-33,1974-10-03,,a71c09a4-6c1e-459d-8f87-197005fda273
Sec. 23.787,23-17,02/01/1977,NPRM,Notice 74-5C,1974-11-25,,a71c09a4-6c1e-459d-8f87-197005fda273
Sec. 23.787,23-17,02/01/1977,NPRM,Notice 74-5D,1975-02-04,,a71c09a4-6c1e-459d-8f87-197005fda273
Sec. 23.787,23-17,02/01/1977,NPRM,Notice 75-10,1975-02-27,,a71c09a4-6c1e-459d-8f87-197005fda273
Sec. 23.787,23-17,02/01/1977,NPRM,Notice 75-19,1975-05-13,,a71c09a4-6c1e-459d-8f87-197005fda273
Sec. 23.787,23-17,02/01/1977,NPRM,Notice 75-20,1975-05-13,,a71c09a4-6c1e-459d-8f87-197005fda273
Sec. 23.787,23-17,02/01/1977,NPRM,Notice 75-23,1975-05-19,,a71c09a4-6c1e-459d-8f87-197005fda273
Sec. 23.787,23-17,02/01/1977,NPRM,Notice 75-25,1975-05-29,,a71c09a4-6c1e-459d-8f87-197005fda273
Sec. 23.787,23-17,02/01/1977,NPRM,Notice 75-26,1975-06-09,,a71c09a4-6c1e-459d-8f87-197005fda273
Sec. 23.787,23-17,02/01/1977,NPRM,Notice 75-31,1975-06-30,,a71c09a4-6c1e-459d-8f87-197005fda273
Sec. 23.787,23-34,02/17/1987,NPRM,Notice 83-17,1983-09-23,,c87185e9-c24d-4b8e-b164-3f3fd0298ce7
Sec. 23.787,23-36,09/14/1988,NPRM,Notice 86-19,1986-11-28,,734d249d-0525-4e12-98c1-9af94979948a
Sec. 23.787,23-49,03/11/1996,NPRM,Notice 94-21,1994-07-14,,63b8d152-3635-4aeb-a368-06e93ff2bab2
Sec. 23.787,Initial,02/01/1965,NPRM,Notice 64-17,1964-03-25,,cb0a81ab-9757-4f1f-8e79-d47b1c6692c1
Sec. 23.791,23-49,03/11/1996,NPRM,Notice 94-21,1994-07-14,,96ded00c-764f-4f37-b75f-f876ac4c2d0a
Sec. 23.803,23-34,02/17/1987,NPRM,Notice 83-17,1983-09-23,,e6dba93e-aa07-44fe-a135-88a66e62d493
Sec. 23.803,23-46,06/16/1994,NPRM,Notice 90-20,1990-08-23,,00d72187-2f7a-4d9d-82df-2d603917118e
Sec. 23.805,23-46,06/16/1994,NPRM,Notice 90-20,1990-08-23,,7c025574-39c0-4696-8f17-0678c121a193
Sec. 23.807,23-10,03/13/1971,NPRM,Notice 70-25,1970-06-30,,405bad4f-004e-434b-9c4f-35ca49f3a458
Sec. 23.807,23-34,02/17/1987,NPRM,Notice 83-17,1983-09-23,,b61fdeec-4170-41c2-86e4-13d7875f0a58
Sec. 23.807,23-36,09/14/1988,NPRM,Notice 86-19,1986-11-28,,c005e1cd-9c51-4645-81bd-77c2087e7198
Sec. 23.807,23-46,06/16/1994,NPRM,Notice 90-20,1990-08-23,,bb712749-6ce1-43be-b9d4-6976c03c6a17
Sec. 23.807,23-49,03/11/1996,NPRM,Notice 94-21,1994-07-14,,ab4466b3-f0c3-4db4-8082-2ec67616733d
Sec. 23.807,23-7,09/14/1969,NPRM,Notice 67-14,1967-04-05,,8cc8d289-314d-4fda-b838-5747a6eebb16
Sec. 23.807,Initial,02/01/1965,NPRM,Notice 64-17,1964-03-25,,c5685486-99e5-4b65-9a40-c5ffe92be3d0
Sec. 23.811,23-36,09/14/1988,NPRM,Notice 86-19,1986-11-28,,7cde5d97-e880-47d0-9c30-6707f03a37e2
Sec. 23.811,23-46,06/16/1994,NPRM,Notice 90-20,1990-08-23,,727476d3-ddce-4991-b886-82598826828d
Sec. 23.812,23-46,06/16/1994,NPRM,Notice 90-20,1990-08-23,,a924a785-7e7b-403f-bf77-4e17e14e668d
Sec. 23.813,23-36,09/14/1988,NPRM,Notice 86-19,1986-11-28,,5557a4be-65e4-49ce-96c2-dd03d732349f
Sec. 23.813,23-46,06/16/1994,NPRM,Notice 90-20,1990-08-23,,68d136ae-df73-47b1-aacc-7de80fcb17c0
Sec. 23.815,23-34,02/17/1987,NPRM,Notice 83-17,1983-09-23,,1e667c8c-0a4d-4491-86d5-6ba0e42b6861
Sec. 23.815,23-46,06/16/1994,NPRM,Notice 90-20,1990-08-23,,25599e95-331e-4ac2-a345-8557848bb226
Sec. 23.831,23-34,02/17/1987,NPRM,Notice 83-17,1983-09-23,,6dd22dfa-0ff6-496b-a29e-dfe7087b8e3c
Sec. 23.831,23-42,02/04/1991,NPRM,Notice 89-5,1989-02-23,,9b637f75-ef79-4eae-8e91-04b3a6f028d1
Sec. 23.831,Initial,02/01/1965,NPRM,Notice 64-17,1964-03-25,,d4e8216d-648a-415e-8785-844a1e19cb8d
Sec. 23.841,23-14,12/20/1973,NPRM,Notice 71-13,1971-04-27,,bd2270b2-0d38-49b6-9642-15b528a2f957
Sec. 23.841,23-17,02/01/1977,NPRM,Notice 74-5,1974-02-14,,2a009f06-a55c-4a2f-b755-ebe36dd51fd8
Sec. 23.841,23-17,02/01/1977,NPRM,Notice 74-5A,1974-05-22,,2a009f06-a55c-4a2f-b755-ebe36dd51fd8
Sec. 23.841,23-17,02/01/1977,NPRM,Notice 74-5B,1974-10-03,,2a009f06-a55c-4a2f-b755-ebe36dd51fd8
Sec. 23.841,23-17,02/01/1977,NPRM,Notice 74-33,1974-10-03,,2a009f06-a55c-4a2f-b755-ebe36dd51fd8
Sec. 23.841,23-17,02/01/1977,NPRM,Notice 74-5C,1974-11-25,,2a009f06-a55c-4a2f-b755-ebe36dd51fd8
Sec. 23.841,23-17,02/01/1977,NPRM,Notice 74-5D,1975-02-04,,2a009f06-a55c-4a2f-b755-ebe36dd51fd8
Sec. 23.841,23-17,02/01/1977,NPRM,Notice 75-10,1975-02-27,,2a009f06-a55c-4a2f-b755-ebe36dd51fd8
Sec. 23.841,23-17,02/01/1977,NPRM,Notice 75-19,1975-05-13,,2a009f06-a55c-4a2f-b755-ebe36dd51fd8
Sec. 23.841,23-17,02/01/1977,NPRM,Notice 75-20,1975-05-13,,2a009f06-a55c-4a2f-b755-ebe36dd51fd8
Sec. 23.841,23-17,02/01/1977,NPRM,Notice 75-23,1975-05-19,,2a009f06-a55c-4a2f-b755-ebe36dd51fd8
Sec. 23.841,23-17,02/01/1977,NPRM,Notice 75-25,1975-05-29,,2a009f06-a55c-4a2f-b755-ebe36dd51fd8
Sec. 23.841,23-17,02/01/1977,NPRM,Notice 75-26,1975-06-09,,2a009f06-a55c-4a2f-b755-ebe36dd51fd8
Sec. 23.841,23-17,02/01/1977,NPRM,Notice 75-31,1975-06-30,,2a009f06-a55c-4a2f-b755-ebe36dd51fd8
Sec. 23.841,23-49,03/11/1996,NPRM,Notice 94-21,1994-07-14,,3151b04c-74a5-42e0-b49a-5d0fc941d6f8
Sec. 23.841,23-7,09/14/1969,NPRM,Notice 67-14,1967-04-05,,10e78555-8efc-476c-b260-123cc3e5e167
Sec. 23.841,Initial,02/01/1965,NPRM,Notice 64-17,1964-03-25,,5629c8d7-637d-4358-a230-430bcf94f4e1
Sec. 23.843,Initial,02/01/1965,NPRM,Notice 64-17,1964-03-25,,c4ab8aa1-df12-4bbc-92cb-af772f3351fd
Sec. 23.851,23-34,02/17/1987,NPRM,Notice 83-17,1983-09-23,,624496c2-383a-4e47-815a-fcd407fb5e4f
Sec. 23.851,23-45,09/07/1993,NPRM,Notice 90-18,1990-06-15,,a6ebe9ed-60f8-4123-8240-bbf40ad236c6
Sec. 23.853,23-14,12/20/1973,NPRM,Notice 71-13,1971-04-27,,c0d2e406-f60b-4b64-9e9b-b844e207e079
Sec. 23.853,23-23,12/01/1978,NPRM,Notice 75-10,1975-02-27,,248e8ee5-5fc3-4918-90d4-b685fa40ad05
Sec. 23.853,23-23,12/01/1978,NPRM,Notice 75-19,1975-05-13,,248e8ee5-5fc3-4918-90d4-b685fa40ad05
Sec. 23.853,23-23,12/01/1978,NPRM,Notice 75-23,1975-05-19,,248e8ee5-5fc3-4918-90d4-b685fa40ad05
Sec. 23.853,23-23,12/01/1978,NPRM,Notice 75-26,1975-06-09,,248e8ee5-5fc3-4918-90d4-b685fa40ad05
Sec. 23.853,23-23,12/01/1978,NPRM,Notice 75-31,1975-06-30,,248e8ee5-5fc3-4918-90d4-b685fa40ad05
Sec. 23.853,23-25,03/06/1980,NPRM,Notice 75-10,1975-02-27,,6b3f8e82-e51d-49f1-b746-056fe0c588fd
Sec. 23.853,23-25,03/06/1980,NPRM,Notice 75-31,1975-06-30,,6b3f8e82-e51d-49f1-b746-056fe0c588fd
Sec. 23.853,23-34,02/17/1987,NPRM,Notice 83-17,1983-09-23,,1846fe44-bf11-4783-ace4-43f42593be6d
Sec. 23.853,23-49,03/11/1996,NPRM,Notice 94-21,1994-07-14,,7755c87c-952d-4d8b-b183-d0e6b84e000c
Sec. 23.853,Initial,02/01/1965,NPRM,Notice 64-17,1964-03-25,,6524515d-bea3-44b5-8453-ae0842d18d2e
Sec. 23.855,23-49,03/11/1996,NPRM,Notice 94-21,1994-07-14,,9c85762e-eb3a-4c2f-bf00-5e7e6091d9da
Sec. 23.859,23-27,11/18/1980,NPRM,Notice 80-3,1980-02-21,,db2a4124-62ce-4dea-a148-0f107ac862d7
Sec. 23.859,23-5,06/04/1967,NPRM,Notice 65-43,1965-12-28,,9c3f2fee-c8e2-4931-8b08-fb40c04fd076
Sec. 23.859,Initial,02/01/1965,NPRM,Notice 64-17,1964-03-25,,303fa281-7158-454a-ad7f-26cf4e6451f0
Sec. 23.863,23-23,12/01/1978,NPRM,Notice 75-10,1975-02-27,,b26250a5-a394-476e-a64b-3cec5cfe9f76
Sec. 23.863,23-23,12/01/1978,NPRM,Notice 75-19,1975-05-13,,b26250a5-a394-476e-a64b-3cec5cfe9f76
Sec. 23.863,23-23,12/01/1978,NPRM,Notice 75-23,1975-05-19,,b26250a5-a394-476e-a64b-3cec5cfe9f76
Sec. 23.863,23-23,12/01/1978,NPRM,Notice 75-26,1975-06-09,,b26250a5-a394-476e-a64b-3cec5cfe9f76
Sec. 23.863,23-23,12/01/1978,NPRM,Notice 75-31,1975-06-30,,b26250a5-a394-476e-a64b-3cec5cfe9f76
Sec. 23.863,23-34,02/17/1987,NPRM,Notice 83-17,1983-09-23,,0974b3dd-7e1b-4f43-a566-6f369f98c429
Sec. 23.865,23-14,12/20/1973,NPRM,Notice 71-13,1971-04-27,,cfb5de27-10f6-4afb-8a7e-21e57b0833cb
Sec. 23.865,23-45,09/07/1993,NPRM,Notice 90-18,1990-06-15,,4a1d97d0-32fe-4741-8536-1757928f51d7
Sec. 23.865,23-48,03/11/1996,NPRM,Notice 94-20,1994-07-05,,870e70ea-bbc1-4e97-850f-3f945d6aa861
Sec. 23.867,23-49,03/11/1996,NPRM,Notice 94-21,1994-07-14,,f6609784-db97-4cea-9d33-512ba6df9ce3
Sec. 23.867,23-7,09/14/1969,NPRM,Notice 67-14,1967-04-05,,843aa6f9-5852-4eae-9b7a-714ea4677ce3
Sec. 23.871,23-7,09/14/1969,NPRM,Notice 67-14,1967-04-05,,63fabd9b-1217-4b40-b887-a0aaa5372cc6
Sec. 23.871,Initial,02/01/1965,NPRM,Notice 64-17,1964-03-25,,5ac846bf-0fa7-4a97-895d-bfa3381cc4dc
Sec. 23.901,23-18,05/02/1977,NPRM,Notice 75-10,1975-02-27,,0f8ad353-e3a8-426d-bf38-512ffb6d311f
Sec. 23.901,23-18,05/02/1977,NPRM,Notice 75-19,1975-05-13,,0f8ad353-e3a8-426d-bf38-512ffb6d311f
Sec. 23.901,23-29,03/26/1984,NPRM,Notice 80-21,1980-11-10,,b0d997b8-ec6b-4566-9433-9905ce419180
Sec. 23.901,23-34,02/17/1987,NPRM,Notice 83-17,1983-09-23,,a412c1a3-b287-4608-8dd2-3d7106499d65
Sec. 23.901,23-43,05/10/1993,NPRM,Notice 90-23,1990-09-17,,f0acf043-321a-4ad0-8b45-a9dd87ba88fa
Sec. 23.901,23-51,03/11/1996,NPRM,Notice 94-19,1994-06-22,,7436f14d-a7af-4f21-9c0d-35dc715b0ea9
Sec. 23.901,23-53,04/30/1998,NPRM,Notice 96-12,1996-08-02,,d742e5d7-ff17-4b1b-bac6-d71d1ec09ee7
Sec. 23.901,23-7,09/14/1969,NPRM,Notice 67-14,1967-04-05,,0f5bc4dc-2ad9-4275-a6df-75b08aaec4d3
Sec. 23.901,Initial,02/01/1965,NPRM,Notice 64-17,1964-03-25,,f0219178-7f8a-43de-bb0a-8cde9b23a631
Sec. 23.903,23-14,12/20/1973,NPRM,Notice 71-13,1971-04-27,,91a3474f-3bd5-437a-a9c1-d0b2f1de18df
Sec. 23.903,23-17,02/01/1977,NPRM,Notice 74-5,1974-02-14,,05681092-6ac7-47ca-a22c-d317e12baafd
Sec. 23.903,23-17,02/01/1977,NPRM,Notice 74-5A,1974-05-22,,05681092-6ac7-47ca-a22c-d317e12baafd
Sec. 23.903,23-17,02/01/1977,NPRM,Notice 74-5B,1974-10-03,,05681092-6ac7-47ca-a22c-d317e12baafd
Sec. 23.903,23-17,02/01/1977,NPRM,Notice 74-33,1974-10-03,,05681092-6ac7-47ca-a22c-d317e12baafd
Sec. 23.903,23-17,02/01/1977,NPRM,Notice 74-5C,1974-11-25,,05681092-6ac7-47ca-a22c-d317e12baafd
Sec. 23.903,23-17,02/01/1977,NPRM,Notice 74-5D,1975-02-04,,05681092-6ac7-47ca-a22c-d317e12baafd
Sec. 23.903,23-17,02/01/1977,NPRM,Notice 75-10,1975-02-27,,05681092-6ac7-47ca-a22c-d317e12baafd
Sec. 23.903,23-17,02/01/1977,NPRM,Notice 75-19,1975-05-13,,05681092-6ac7-47ca-a22c-d317e12baafd
Sec. 23.903,23-17,02/01/1977,NPRM,Notice 75-20,1975-05-13,,05681092-6ac7-47ca-a22c-d317e12baafd
Sec. 23.903,23-17,02/01/1977,NPRM,Notice 75-23,1975-05-19,,05681092-6ac7-47ca-a22c-d317e12baafd
Sec. 23.903,23-17,02/01/1977,NPRM,Notice 75-25,1975-05-29,,05681092-6ac7-47ca-a22c-d317e12baafd
Sec. 23.903,23-17,02/01/1977,NPRM,Notice 75-26,1975-06-09,,05681092-6ac7-47ca-a22c-d317e12baafd
Sec. 23.903,23-17,02/01/1977,NPRM,Notice 75-31,1975-06-30,,05681092-6ac7-47ca-a22c-d317e12baafd
Sec. 23.903,23-26,10/14/1980,NPRM,Notice 74-5,1974-02-14,,196c5383-8587-463c-9dd3-b5e35e1a1829
Sec. 23.903,23-26,10/14/1980,NPRM,Notice 74-5A,1974-05-22,,196c5383-8587-463c-9dd3-b5e35e1a1829
Sec. 23.903,23-26,10/14/1980,NPRM,Notice 74-5B,1974-10-03,,196c5383-8587-463c-9dd3-b5e35e1a1829
Sec. 23.903,23-26,10/14/1980,NPRM,Notice 74-33,1974-10-03,,196c5383-8587-463c-9dd3-b5e35e1a1829
Sec. 23.903,23-26,10/14/1980,NPRM,Notice 74-5C,1974-11-25,,196c5383-8587-463c-9dd3-b5e35e1a1829
Sec. 23.903,23-26,10/14/1980,NPRM,Notice 74-5D,1975-02-04,,196c5383-8587-463c-9dd3-b5e35e1a1829
Sec. 23.903,23-26,10/14/1980,NPRM,Notice 75-10,1975-02-27,,196c5383-8587-463c-9dd3-b5e35e1a1829
Sec. 23.903,23-26,10/14/1980,NPRM,Notice 75-19,1975-05-13,,196c5383-8587-463c-9dd3-b5e35e1a1829
Sec. 23.903,23-26,10/14/1980,NPRM,Notice 75-26,1975-06-09,,196c5383-8587-463c-9dd3-b5e35e1a1829
Sec. 23.903,23-26,10/14/1980,NPRM,Notice 75-31,1975-06-30,,196c5383-8587-463c-9dd3-b5e35e1a1829
Sec. 23.903,23-29,03/26/1984,NPRM,Notice 80-21,1980-11-10,,3cfd3646-3ded-4970-8c32-9b12e3363e6a
Sec. 23.903,23-34,02/17/1987,NPRM,Notice 83-17,1983-09-23,,26424a08-36a3-4331-ab7e-d36f7b1f29c1
Sec. 23.903,23-40,09/10/1990,NPRM,Notice 88-9,1988-05-16,,fca7b684-24b0-44cc-8968-13595ad9f12a
Sec. 23.903,23-43,05/10/1993,NPRM,Notice 90-23,1990-09-17,,d27bcd6e-7c40-4e40-947f-a3caa5824fef
Sec. 23.903,23-51,03/11/1996,NPRM,Notice 94-19,1994-06-22,,2776fd08-e9af-44b3-8a9d-4b2be2f9ceb6
Sec. 23.903,23-53,04/30/1998,NPRM,Notice 96-12,1996-08-02,,58fa8872-121e-4ce6-9969-0f6d3989ef12
Sec. 23.903,23-54,01/01/2004,NPRM,Notice 98-19,1999-11-09,,6d07aa05-6bbe-4395-8b29-c1e7eefa23b3
Sec. 23.903,23-54,12/13/2000,NPRM,Notice 98-19,1999-11-09,,33ec959c-5775-46f3-89a0-7709788ff50c
Sec. 23.903,Initial,02/01/1965,NPRM,Notice 64-17,1964-03-25,,b98fa459-acdb-43ca-8987-10da342f6505
Sec. 23.904,23-43,05/10/1993,NPRM,Notice 90-23,1990-09-17,,c551d98f-834c-4775-adf9-693384b5efec
Sec. 23.905,23-26,10/14/1980,NPRM,Notice 74-5,1974-02-14,,6a84d242-604b-44ae-b7a9-488a08d5bcb7
Sec. 23.905,23-26,10/14/1980,NPRM,Notice 74-5A,1974-05-22,,6a84d242-604b-44ae-b7a9-488a08d5bcb7
Sec. 23.905,23-26,10/14/1980,NPRM,Notice 74-5B,1974-10-03,,6a84d242-604b-44ae-b7a9-488a08d5bcb7
Sec. 23.905,23-26,10/14/1980,NPRM,Notice 74-33,1974-10-03,,6a84d242-604b-44ae-b7a9-488a08d5bcb7
Sec. 23.905,23-26,10/14/1980,NPRM,Notice 74-5C,1974-11-25,,6a84d242-604b-44ae-b7a9-488a08d5bcb7
Sec. 23.905,23-26,10/14/1980,NPRM,Notice 74-5D,1975-02-04,,6a84d242-604b-44ae-b7a9-488a08d5bcb7
Sec. 23.905,23-26,10/14/1980,NPRM,Notice 75-10,1975-02-27,,6a84d242-604b-44ae-b7a9-488a08d5bcb7
Sec. 23.905,23-26,10/14/1980,NPRM,Notice 75-19,1975-05-13,,6a84d242-604b-44ae-b7a9-488a08d5bcb7
Sec. 23.905,23-26,10/14/1980,NPRM,Notice 75-26,1975-06-09,,6a84d242-604b-44ae-b7a9-488a08d5bcb7
Sec. 23.905,23-26,10/14/1980,NPRM,Notice 75-31,1975-06-30,,6a84d242-604b-44ae-b7a9-488a08d5bcb7
Sec. 23.905,23-29,03/26/1984,NPRM,Notice 80-21,1980-11-10,,2975c481-9de6-482b-9bb1-8b00f978b8fd
Sec. 23.905,23-43,05/10/1993,NPRM,Notice 90-23,1990-09-17,,af3537f1-9a27-40b5-9f2c-74865ca92725
Sec. 23.905,23-59,12/23/2008,NPRM,Notice 90-23,1990-09-17,,d8959843-3cc9-4c8d-bf9b-80f63a92a3e3
Sec. 23.905,Initial,02/01/1965,NPRM,Notice 64-17,1964-03-25,,ff7cd487-4b08-438e-8a63-aed66b8b9734
Sec. 23.907,23-51,03/11/1996,NPRM,Notice 94-19,1994-06-22,,45982f12-742c-400b-bc4d-2539ecc945f1
Sec. 23.907,23-59,12/23/2008,NPRM,Notice 94-19,1994-06-22,,626e2e7e-26e9-4210-8487-28745984d32e
Sec. 23.907,Initial,02/01/1965,NPRM,Notice 64-17,1964-03-25,,d93f2cc5-0216-4a3a-979a-d5f4c1790e18
Sec. 23.909,23-43,05/10/1993,NPRM,Notice 90-23,1990-09-17,,fd96609b-446f-4227-9ea1-7da7000383f5
Sec. 23.909,23-7,09/14/1969,NPRM,Notice 67-14,1967-04-05,,115f8819-2895-4910-8a26-0836b433a95f
Sec. 23.925,23-43,05/10/1993,NPRM,Notice 90-23,1990-09-17,,7a672238-7727-45e5-9a29-f92cbb2e54c4
Sec. 23.925,23-48,03/11/1996,NPRM,Notice 94-20,1994-07-05,,ce28c54e-375c-4dd1-adf5-e1a904215de7
Sec. 23.925,23-51,03/11/1996,NPRM,Notice 94-19,1994-06-22,,a3181f3e-ebef-4fd2-b313-fbbe3d18fd5e
Sec. 23.925,Initial,02/01/1965,NPRM,Notice 64-17,1964-03-25,,30ed9281-5fdb-404e-b783-8cafd2e2a96d
Sec. 23.929,23-14,12/20/1973,NPRM,Notice 71-13,1971-04-27,,0c6bf121-2df9-47ff-a10f-d4439939f3e2
Sec. 23.929,23-51,03/11/1996,NPRM,Notice 94-19,1994-06-22,,b915c37d-9c19-4774-9c25-920ee68e4cc5
Sec. 23.933,23-17,02/01/1977,NPRM,Notice 74-5,1974-02-14,,e38490df-471e-459d-85a0-d14503e40465
Sec. 23.933,23-17,02/01/1977,NPRM,Notice 74-5A,1974-05-22,,e38490df-471e-459d-85a0-d14503e40465
Sec. 23.933,23-17,02/01/1977,NPRM,Notice 74-5B,1974-10-03,,e38490df-471e-459d-85a0-d14503e40465
Sec. 23.933,23-17,02/01/1977,NPRM,Notice 74-33,1974-10-03,,e38490df-471e-459d-85a0-d14503e40465
Sec. 23.933,23-17,02/01/1977,NPRM,Notice 74-5C,1974-11-25,,e38490df-471e-459d-85a0-d14503e40465
Sec. 23.933,23-17,02/01/1977,NPRM,Notice 74-5D,1975-02-04,,e38490df-471e-459d-85a0-d14503e40465
Sec. 23.933,23-17,02/01/1977,NPRM,Notice 75-10,1975-02-27,,e38490df-471e-459d-85a0-d14503e40465
Sec. 23.933,23-17,02/01/1977,NPRM,Notice 75-19,1975-05-13,,e38490df-471e-459d-85a0-d14503e40465
Sec. 23.933,23-17,02/01/1977,NPRM,Notice 75-20,1975-05-13,,e38490df-471e-459d-85a0-d14503e40465
Sec. 23.933,23-17,02/01/1977,NPRM,Notice 75-23,1975-05-19,,e38490df-471e-459d-85a0-d14503e40465
Sec. 23.933,23-17,02/01/1977,NPRM,Notice 75-25,1975-05-29,,e38490df-471e-459d-85a0-d14503e40465
Sec. 23.933,23-17,02/01/1977,NPRM,Notice 75-26,1975-06-09,,e38490df-471e-459d-85a0-d14503e40465
Sec. 23.933,23-17,02/01/1977,NPRM,Notice 75-31,1975-06-30,,e38490df-471e-459d-85a0-d14503e40465
Sec. 23.933,23-34,02/17/1987,NPRM,Notice 83-17,1983-09-23,,1d616100-001b-4452-95fb-2f9b7f8c4e4b
Sec. 23.933,23-43,05/10/1993,NPRM,Notice 90-23,1990-09-17,,4a37f25a-d024-40df-b75a-ead2efcbd646
Sec. 23.933,23-51,03/11/1996,NPRM,Notice 94-19,1994-06-22,,1b4bc86e-75f2-4aa0-b9d4-796ccb1de31c
Sec. 23.933,23-7,09/14/1969,NPRM,Notice 67-14,1967-04-05,,414e9723-e54d-4257-a4dc-12ae75b5f7ab
Sec. 23.934,23-43,05/10/1993,NPRM,Notice 90-23,1990-09-17,,5cc4b338-c444-4134-a163-de9cbfb49369
Sec. 23.937,23-43,05/10/1993,NPRM,Notice 90-23,1990-09-17,,c5cb2c2e-5269-4373-b388-6badf4040e53
Sec. 23.937,23-7,09/14/1969,NPRM,Notice 67-14,1967-04-05,,cc0e940a-474d-4aae-a946-fc6234b30a1d
Sec. 23.939,23-14,12/20/1973,NPRM,Notice 71-13,1971-04-27,,77521d16-663e-41b3-b8ed-ae089ed4d9e2
Sec. 23.939,23-18,05/02/1977,NPRM,Notice 75-10,1975-02-27,,67625f2f-7c64-45d3-ae01-d83a6bd27505
Sec. 23.939,23-18,05/02/1977,NPRM,Notice 75-19,1975-05-13,,67625f2f-7c64-45d3-ae01-d83a6bd27505
Sec. 23.939,23-42,02/04/1991,NPRM,Notice 89-5,1989-02-23,,01d97c11-5c41-4b72-83ad-ac8bb682fe8e
Sec. 23.939,23-7,09/14/1969,NPRM,Notice 67-14,1967-04-05,,71f652d7-ceea-44b6-a2d4-519fc2fcaa6f
Sec. 23.943,23-18,05/02/1977,NPRM,Notice 75-10,1975-02-27,,9cfd3311-8f95-406e-96af-4cfc9a11ec21
Sec. 23.943,23-18,05/02/1977,NPRM,Notice 75-19,1975-05-13,,9cfd3311-8f95-406e-96af-4cfc9a11ec21
Sec. 23.943,23-43,05/10/1993,NPRM,Notice 90-23,1990-09-17,,8f561ab0-f93e-49a7-97b5-6541e13b4ccc
Sec. 23.951,23-15,10/31/1974,NPRM,Notice 71-12,1971-04-26,,80881cb8-6414-4a57-a10a-d511fb52536d
Sec. 23.951,23-40,09/10/1990,NPRM,Notice 88-9,1988-05-16,,23344dc3-ea53-4b06-a98d-35742e4c2560
Sec. 23.951,23-43,05/10/1993,NPRM,Notice 90-23,1990-09-17,,106ea5b3-64de-4009-aea2-4b2e665af815
Sec. 23.951,Initial,02/01/1965,NPRM,Notice 64-17,1964-03-25,,339d4b1a-fe37-41b5-aa27-a3bdab58fe06
Sec. 23.953,23-43,05/10/1993,NPRM,Notice 90-23,1990-09-17,,48ef3915-65f7-4a2c-a2c9-51cf57c44e98
Sec. 23.953,23-7,09/14/1969,NPRM,Notice 67-14,1967-04-05,,35ce8c3c-f741-4782-8200-1ce3b8288e43
Sec. 23.953,Initial,02/01/1965,NPRM,Notice 64-17,1964-03-25,,c073d0a5-cab8-4746-8bf2-afbb221a9044
Sec. 23.954,23-7,09/14/1969,NPRM,Notice 67-14,1967-04-05,,1fe25148-6a68-4cde-843c-4aeb2a1d7827
Sec. 23.955,23-43,05/10/1993,NPRM,Notice 90-23,1990-09-17,,a8229115-3fc1-47f1-ba26-21249ad502d3
Sec. 23.955,23-51,03/11/1996,NPRM,Notice 94-19,1994-06-22,,abf1abf9-9999-4d1a-8593-f784c03f604f
Sec. 23.955,23-7,09/14/1969,NPRM,Notice 67-14,1967-04-05,,59b48171-fd20-4084-9e03-699756cca546
Sec. 23.955,Initial,02/01/1965,NPRM,Notice 64-17,1964-03-25,,cb989422-cb6c-4ddb-9cf2-b4d4c9b255b2
Sec. 23.957,23-43,05/10/1993,NPRM,Notice 90-23,1990-09-17,,379199c4-f6a7-499d-b97b-88a552cee878
Sec. 23.957,Initial,02/01/1965,NPRM,Notice 64-17,1964-03-25,,d252dc6a-c58f-44dd-b2a5-e265a9ea0e3d
Sec. 23.959,23-18,05/02/1977,NPRM,Notice 75-10,1975-02-27,,318544e8-b3b9-4102-8bdb-c6a9e58d80bf
Sec. 23.959,23-18,05/02/1977,NPRM,Notice 75-19,1975-05-13,,318544e8-b3b9-4102-8bdb-c6a9e58d80bf
Sec. 23.959,23-51,03/11/1996,NPRM,Notice 94-19,1994-06-22,,c2f266d1-c19a-458b-91c6-0c267a576455
Sec. 23.959,23-7,09/14/1969,NPRM,Notice 67-14,1967-04-05,,9c34ae05-bef6-470d-ba84-ea001885b4f4
Sec. 23.959,Initial,02/01/1965,NPRM,Notice 64-17,1964-03-25,,faec2edf-8b6b-4d57-95cf-33c62caa8a08
Sec. 23.961,23-43,05/10/1993,NPRM,Notice 90-23,1990-09-17,,7b9ba1af-1b77-4145-9e46-078564254e29
Sec. 23.961,Initial,02/01/1965,NPRM,Notice 64-17,1964-03-25,,2bbbe7c7-1a39-4abb-b07c-2736971996d9
Sec. 23.963,23-34,02/17/1987,NPRM,Notice 83-17,1983-09-23,,8b74fbd8-a26e-481c-b969-b5ffa7ca2a7b
Sec. 23.963,23-43,05/10/1993,NPRM,Notice 90-23,1990-09-17,,7b587fc4-c8db-433a-b8ae-c46dbd396bee
Sec. 23.963,23-51,03/11/1996,NPRM,Notice 94-19,1994-06-22,,ab764227-cd13-4bf2-b571-4aa2a73af0e0
Sec. 23.963,Initial,02/01/1965,NPRM,Notice 64-17,1964-03-25,,585b9dc1-b776-4d47-9bc7-1ff71438adfd
Sec. 23.965,23-43,05/10/1993,NPRM,Notice 90-23,1990-09-17,,f0713d09-8fc7-46d8-a345-821de2e5b108
Sec. 23.965,23-51,03/11/1996,NPRM,Notice 94-19,1994-06-22,,de8d268d-a426-4077-b62b-60ca9e98e25e
Sec. 23.965,Initial,02/01/1965,NPRM,Notice 64-17,1964-03-25,,55c48cf1-8659-4279-939f-1696e2567974
Sec. 23.967,23-14,12/20/1973,NPRM,Notice 71-13,1971-04-27,,6f311166-1875-4f55-ab5b-b6eecb42f1fe
Sec. 23.967,23-18,05/02/1977,NPRM,Notice 75-10,1975-02-27,,fffcbb31-5513-4a24-80e4-5e6a934763f0
Sec. 23.967,23-18,05/02/1977,NPRM,Notice 75-19,1975-05-13,,fffcbb31-5513-4a24-80e4-5e6a934763f0
Sec. 23.967,23-26,10/14/1980,NPRM,Notice 74-5,1974-02-14,,ef7cf3f6-9e95-4d4b-9937-790a0a8cb36c
Sec. 23.967,23-26,10/14/1980,NPRM,Notice 74-5A,1974-05-22,,ef7cf3f6-9e95-4d4b-9937-790a0a8cb36c
Sec. 23.967,23-26,10/14/1980,NPRM,Notice 74-5B,1974-10-03,,ef7cf3f6-9e95-4d4b-9937-790a0a8cb36c
Sec. 23.967,23-26,10/14/1980,NPRM,Notice 74-33,1974-10-03,,ef7cf3f6-9e95-4d4b-9937-790a0a8cb36c
Sec. 23.967,23-26,10/14/1980,NPRM,Notice 74-5C,1974-11-25,,ef7cf3f6-9e95-4d4b-9937-790a0a8cb36c
Sec. 23.967,23-26,10/14/1980,NPRM,Notice 74-5D,1975-02-04,,ef7cf3f6-9e95-4d4b-9937-790a0a8cb36c
Sec. 23.967,23-26,10/14/1980,NPRM,Notice 75-10,1975-02-27,,ef7cf3f6-9e95-4d4b-9937-790a0a8cb36c
Sec. 23.967,23-26,10/14/1980,NPRM,Notice 75-19,1975-05-13,,ef7cf3f6-9e95-4d4b-9937-790a0a8cb36c
Sec. 23.967,23-26,10/14/1980,NPRM,Notice 75-26,1975-06-09,,ef7cf3f6-9e95-4d4b-9937-790a0a8cb36c
Sec. 23.967,23-26,10/14/1980,NPRM,Notice 75-31,1975-06-30,,ef7cf3f6-9e95-4d4b-9937-790a0a8cb36c
Sec. 23.967,23-36,09/14/1988,NPRM,Notice 86-19,1986-11-28,,aa388b00-68e0-40ad-8b37-429bff6a529d
Sec. 23.967,23-43,05/10/1993,NPRM,Notice 90-23,1990-09-17,,7eb97e35-2d14-4481-b0f5-63fb30be7339
Sec. 23.967,23-7,09/14/1969,NPRM,Notice 67-14,1967-04-05,,d6c04acb-8f49-4b6e-81c0-3c71ee58c676
Sec. 23.967,Initial,02/01/1965,NPRM,Notice 64-17,1964-03-25,,de2f4f95-9114-48cc-9fdc-c571c592794a
Sec. 23.969,Initial,02/01/1965,NPRM,Notice 64-17,1964-03-25,,da754663-f4ea-4318-adea-175ddafeea26
Sec. 23.971,23-17,02/01/1977,NPRM,Notice 74-5,1974-02-14,,60a3ff6e-26c0-4f32-8e78-dc175aa256fd
Sec. 23.971,23-17,02/01/1977,NPRM,Notice 74-5A,1974-02-14,,60a3ff6e-26c0-4f32-8e78-dc175aa256fd
Sec. 23.971,23-17,02/01/1977,NPRM,Notice 74-5B,1974-02-14,,60a3ff6e-26c0-4f32-8e78-dc175aa256fd
Sec. 23.971,23-17,02/01/1977,NPRM,Notice 74-33,1974-02-14,,60a3ff6e-26c0-4f32-8e78-dc175aa256fd
Sec. 23.971,23-17,02/01/1977,NPRM,Notice 74-5C,1974-02-14,,60a3ff6e-26c0-4f32-8e78-dc175aa256fd
Sec. 23.971,23-17,02/01/1977,NPRM,Notice 74-5D,1974-02-14,,60a3ff6e-26c0-4f32-8e78-dc175aa256fd
Sec. 23.971,23-17,02/01/1977,NPRM,Notice 75-10,1974-02-14,,60a3ff6e-26c0-4f32-8e78-dc175aa256fd
Sec. 23.971,23-17,02/01/1977,NPRM,Notice 75-19,1974-02-14,,60a3ff6e-26c0-4f32-8e78-dc175aa256fd
Sec. 23.971,23-17,02/01/1977,NPRM,Notice 75-20,1974-02-14,,60a3ff6e-26c0-4f32-8e78-dc175aa256fd
Sec. 23.971,23-17,02/01/1977,NPRM,Notice 75-23,1974-02-14,,60a3ff6e-26c0-4f32-8e78-dc175aa256fd
Sec. 23.971,23-17,02/01/1977,NPRM,Notice 75-25,1974-02-14,,60a3ff6e-26c0-4f32-8e78-dc175aa256fd
Sec. 23.971,23-17,02/01/1977,NPRM,Notice 75-26,1974-02-14,,60a3ff6e-26c0-4f32-8e78-dc175aa256fd
Sec. 23.971,23-17,02/01/1977,NPRM,Notice 75-31,1974-02-14,,60a3ff6e-26c0-4f32-8e78-dc175aa256fd
Sec. 23.971,23-43,05/10/1993,NPRM,Notice 90-23,1990-09-17,,e354dd7f-4c58-4249-bf9c-3205294fb723
Sec. 23.971,Initial,02/01/1965,NPRM,Notice 64-17,1964-03-25,,2d84018b-f56d-4c08-8dec-336aee393318
Sec. 23.973,23-18,05/02/1977,NPRM,Notice 75-10,1975-02-27,,29b47d9a-0324-4745-903a-e4be6bcdb8ba
Sec. 23.973,23-18,05/02/1977,NPRM,Notice 75-19,1975-05-13,,29b47d9a-0324-4745-903a-e4be6bcdb8ba
Sec. 23.973,23-43,05/10/1993,NPRM,Notice 90-23,1990-09-17,,9d7aa782-0f0d-4d69-af31-7a5a1eef4567
Sec. 23.973,23-51,03/11/1996,NPRM,Notice 94-19,1994-06-22,,eaa65502-476e-40fc-ab8d-e47a875ef710
Sec. 23.973,Initial,02/01/1965,NPRM,Notice 64-17,1964-03-25,,d39dfeb4-3450-4242-9dd7-6f5d62af5929
Sec. 23.975,23-18,05/02/1977,NPRM,Notice 75-10,1975-02-27,,493470e4-1e04-40c9-911a-11ced012f508
Sec. 23.975,23-18,05/02/1977,NPRM,Notice 75-19,1975-05-13,,493470e4-1e04-40c9-911a-11ced012f508
Sec. 23.975,23-29,03/26/1984,NPRM,Notice 80-21,1980-11-10,,0303a97f-f26d-4af4-98cb-a1ce5cbd7d18
Sec. 23.975,23-43,05/10/1993,NPRM,Notice 90-23,1990-09-17,,6bd7cb60-46c2-4676-9db7-f158b9d7b4d9
Sec. 23.975,23-51,03/11/1996,NPRM,Notice 94-19,1994-06-22,,bfc9ad8a-1a74-4806-86d2-f64759def2bd
Sec. 23.975,Initial,02/01/1965,NPRM,Notice 64-17,1964-03-25,,740f2ad4-5052-49e7-b693-5d04fb52f5a0
Sec. 23.977,23-17,02/01/1977,NPRM,Notice 74-5,1974-02-14,,146b521c-f4b1-4323-baae-65863841d264
Sec. 23.977,23-17,02/01/1977,NPRM,Notice 74-5A,1974-05-22,,146b521c-f4b1-4323-baae-65863841d264
Sec. 23.977,23-17,02/01/1977,NPRM,Notice 74-5B,1974-10-03,,146b521c-f4b1-4323-baae-65863841d264
Sec. 23.977,23-17,02/01/1977,NPRM,Notice 74-33,1974-10-03,,146b521c-f4b1-4323-baae-65863841d264
Sec. 23.977,23-17,02/01/1977,NPRM,Notice 74-5C,1974-11-25,,146b521c-f4b1-4323-baae-65863841d264
Sec. 23.977,23-17,02/01/1977,NPRM,Notice 74-5D,1975-02-04,,146b521c-f4b1-4323-baae-65863841d264
Sec. 23.977,23-17,02/01/1977,NPRM,Notice 75-10,1975-02-27,,146b521c-f4b1-4323-baae-65863841d264
Sec. 23.977,23-17,02/01/1977,NPRM,Notice 75-19,1975-05-13,,146b521c-f4b1-4323-baae-65863841d264
Sec. 23.977,23-17,02/01/1977,NPRM,Notice 75-20,1975-05-13,,146b521c-f4b1-4323-baae-65863841d264
Sec. 23.977,23-17,02/01/1977,NPRM,Notice 75-23,1975-05-19,,146b521c-f4b1-4323-baae-65863841d264
Sec. 23.977,23-17,02/01/1977,NPRM,Notice 75-25,1975-05-29,,146b521c-f4b1-4323-baae-65863841d264
Sec. 23.977,23-17,02/01/1977,NPRM,Notice 75-26,1975-06-09,,146b521c-f4b1-4323-baae-65863841d264
Sec. 23.977,23-17,02/01/1977,NPRM,Notice 75-31,1975-06-30,,146b521c-f4b1-4323-baae-65863841d264
Sec. 23.977,23-43,05/10/1993,NPRM,Notice 90-23,1990-09-17,,4eb79d2e-c4cb-4ba4-b89c-3396ff74920b
Sec. 23.977,Initial,02/01/1965,NPRM,Notice 64-17,1964-03-25,,94cb142b-5073-4e9a-b41f-123621202f30
Sec. 23.979,23-14,12/20/1973,NPRM,Notice 71-13,1971-04-27,,c69c5bb8-1fb1-48cf-b877-0754f22f945d
Sec. 23.979,23-51,03/11/1996,NPRM,Notice 94-19,1994-06-22,,358a6c22-0d95-46f4-83c7-d849dfac901a
Sec. 23.991,23-26,10/14/1980,NPRM,Notice 74-5,1974-02-14,,ef6c47c1-86cd-48bc-9ed4-20a6f5cd9a97
Sec. 23.991,23-26,10/14/1980,NPRM,Notice 74-5A,1974-05-22,,ef6c47c1-86cd-48bc-9ed4-20a6f5cd9a97
Sec. 23.991,23-26,10/14/1980,NPRM,Notice 74-5B,1974-10-03,,ef6c47c1-86cd-48bc-9ed4-20a6f5cd9a97
Sec. 23.991,23-26,10/14/1980,NPRM,Notice 74-33,1974-10-03,,ef6c47c1-86cd-48bc-9ed4-20a6f5cd9a97
Sec. 23.991,23-26,10/14/1980,NPRM,Notice 74-5C,1974-11-25,,ef6c47c1-86cd-48bc-9ed4-20a6f5cd9a97
Sec. 23.991,23-26,10/14/1980,NPRM,Notice 74-5D,1975-02-04,,ef6c47c1-86cd-48bc-9ed4-20a6f5cd9a97
Sec. 23.991,23-26,10/14/1980,NPRM,Notice 75-10,1975-02-27,,ef6c47c1-86cd-48bc-9ed4-20a6f5cd9a97
Sec. 23.991,23-26,10/14/1980,NPRM,Notice 75-19,1975-05-13,,ef6c47c1-86cd-48bc-9ed4-20a6f5cd9a97
Sec. 23.991,23-26,10/14/1980,NPRM,Notice 75-26,1975-06-09,,ef6c47c1-86cd-48bc-9ed4-20a6f5cd9a97
Sec. 23.991,23-26,10/14/1980,NPRM,Notice 75-31,1975-06-30,,ef6c47c1-86cd-48bc-9ed4-20a6f5cd9a97
Sec. 23.991,23-43,05/10/1993,NPRM,Notice 90-23,1990-09-17,,a747a9ef-63e3-4679-b32f-245771a0d804
Sec. 23.991,23-7,09/14/1969,NPRM,Notice 67-14,1967-04-05,,da0052eb-83f8-4759-8013-19103a9fc9fb
Sec. 23.991,Initial,02/01/1965,NPRM,Notice 64-17,1964-03-25,,f47bfacc-888f-4d50-9a42-dda032e29606
Sec. 23.993,23-43,05/10/1993,NPRM,Notice 90-23,1990-09-17,,1667658a-dcd9-44e3-bd3f-5080eddbb8da
Sec. 23.993,Initial,02/01/1965,NPRM,Notice 64-17,1964-03-25,,9ddf1356-384e-4ba5-a58c-c89d93d03d7d
Sec. 23.994,23-29,03/26/1984,NPRM,Notice 80-21,1980-11-10,,c72e8f8c-2c58-41a1-8c98-b81d5ba3591d
Sec. 23.994,23-7,09/14/1969,NPRM,Notice 67-14,1967-04-05,,97c00a70-713e-45a2-be21-a96f86472e43
Sec. 23.995,23-14,12/20/1973,NPRM,Notice 71-13,1971-04-27,,253e9b79-3b87-4e29-9eb0-48b31e258e16
Sec. 23.995,23-17,02/01/1977,NPRM,Notice 74-5,1974-02-14,,71a1200c-e6b2-412a-ac53-44a3f8981168
Sec. 23.995,23-17,02/01/1977,NPRM,Notice 74-5A,1974-05-22,,71a1200c-e6b2-412a-ac53-44a3f8981168
Sec. 23.995,23-17,02/01/1977,NPRM,Notice 74-5B,1974-10-03,,71a1200c-e6b2-412a-ac53-44a3f8981168
Sec. 23.995,23-17,02/01/1977,NPRM,Notice 74-33,1974-10-03,,71a1200c-e6b2-412a-ac53-44a3f8981168
Sec. 23.995,23-17,02/01/1977,NPRM,Notice 74-5C,1974-11-25,,71a1200c-e6b2-412a-ac53-44a3f8981168
Sec. 23.995,23-17,02/01/1977,NPRM,Notice 74-5D,1975-02-04,,71a1200c-e6b2-412a-ac53-44a3f8981168
Sec. 23.995,23-17,02/01/1977,NPRM,Notice 75-10,1975-02-27,,71a1200c-e6b2-412a-ac53-44a3f8981168
Sec. 23.995,23-17,02/01/1977,NPRM,Notice 75-19,1975-05-13,,71a1200c-e6b2-412a-ac53-44a3f8981168
Sec. 23.995,23-17,02/01/1977,NPRM,Notice 75-20,1975-05-13,,71a1200c-e6b2-412a-ac53-44a3f8981168
Sec. 23.995,23-17,02/01/1977,NPRM,Notice 75-23,1975-05-19,,71a1200c-e6b2-412a-ac53-44a3f8981168
Sec. 23.995,23-17,02/01/1977,NPRM,Notice 75-25,1975-05-29,,71a1200c-e6b2-412a-ac53-44a3f8981168
Sec. 23.995,23-17,02/01/1977,NPRM,Notice 75-26,1975-06-09,,71a1200c-e6b2-412a-ac53-44a3f8981168
Sec. 23.995,23-17,02/01/1977,NPRM,Notice 75-31,1975-06-30,,71a1200c-e6b2-412a-ac53-44a3f8981168
Sec. 23.995,23-18,05/02/1977,NPRM,Notice 75-10,1975-02-27,,65bbb5c4-bf94-4513-b138-14e64878c422
Sec. 23.995,23-18,05/02/1977,NPRM,Notice 75-19,1975-05-13,,65bbb5c4-bf94-4513-b138-14e64878c422
Sec. 23.995,23-29,03/26/1984,NPRM,Notice 80-21,1980-11-10,,ddb3e5d3-ee3d-4102-a030-8af45e701a7c
Sec. 23.995,Initial,02/01/1965,NPRM,Notice 64-17,1964-03-25,,a8133500-96d1-4c3f-af91-06e12017cbc2
Sec. 23.997,23-15,10/31/1974,NPRM,Notice 71-12,1971-04-26,,289d7f68-c61e-4a94-8bb1-504d82594a27
Sec. 23.997,23-29,03/26/1984,NPRM,Notice 80-21,1980-11-10,,4b59fb6f-2bf3-41cf-925c-55b5308dbb53
Sec. 23.997,23-34,02/17/1987,NPRM,Notice 83-17,1983-09-23,,1672a08e-69b0-4368-a17f-35866204814f
Sec. 23.997,23-43,05/10/1993,NPRM,Notice 90-23,1990-09-17,,0e8c573d-2a9a-45fb-9f2b-363441d79c76
Sec. 23.997,23-7,09/14/1969,NPRM,Notice 67-14,1967-04-05,,fc07c186-7821-47cb-a6e6-75337be082b8
Sec. 23.997,Initial,02/01/1965,NPRM,Notice 64-17,1964-03-25,,cb897c72-d66d-41b4-ab72-ca269d4e7e6e
Sec. 23.999,23-17,02/01/1977,NPRM,Notice 74-5,1974-02-14,,bf76353b-318b-4de4-97cb-3f0d552ac68e
Sec. 23.999,23-17,02/01/1977,NPRM,Notice 74-5A,1974-05-22,,bf76353b-318b-4de4-97cb-3f0d552ac68e
Sec. 23.999,23-17,02/01/1977,NPRM,Notice 74-5B,1974-10-03,,bf76353b-318b-4de4-97cb-3f0d552ac68e
Sec. 23.999,23-17,02/01/1977,NPRM,Notice 74-33,1974-10-03,,bf76353b-318b-4de4-97cb-3f0d552ac68e
Sec. 23.999,23-17,02/01/1977,NPRM,Notice 74-5C,1974-11-25,,bf76353b-318b-4de4-97cb-3f0d552ac68e
Sec. 23.999,23-17,02/01/1977,NPRM,Notice 74-5D,1975-02-04,,bf76353b-318b-4de4-97cb-3f0d552ac68e
Sec. 23.999,23-17,02/01/1977,NPRM,Notice 75-10,1975-02-27,,bf76353b-318b-4de4-97cb-3f0d552ac68e
Sec. 23.999,23-17,02/01/1977,NPRM,Notice 75-19,1975-05-13,,bf76353b-318b-4de4-97cb-3f0d552ac68e
Sec. 23.999,23-17,02/01/1977,NPRM,Notice 75-20,1975-05-13,,bf76353b-318b-4de4-97cb-3f0d552ac68e
Sec. 23.999,23-17,02/01/1977,NPRM,Notice 75-23,1975-05-19,,bf76353b-318b-4de4-97cb-3f0d552ac68e
Sec. 23.999,23-17,02/01/1977,NPRM,Notice 75-25,1975-05-29,,bf76353b-318b-4de4-97cb-3f0d552ac68e
Sec. 23.999,23-17,02/01/1977,NPRM,Notice 75-26,1975-06-09,,bf76353b-318b-4de4-97cb-3f0d552ac68e
Sec. 23.999,23-17,02/01/1977,NPRM,Notice 75-31,1975-06-30,,bf76353b-318b-4de4-97cb-3f0d552ac68e
Sec. 23.999,23-43,05/10/1993,NPRM,Notice 90-23,1990-09-17,,d6186c40-a9ad-46eb-937b-a3c37c697e91
Sec. 23.999,Initial,02/01/1965,NPRM,Notice 64-17,1964-03-25,,b2f0426b-42db-4984-92c8-19d73c2ab53f
Sec. A23.1,23-48,03/11/1996,NPRM,Notice 94-20,1994-07-05,,910bd083-6e88-4e4a-8c4c-ef2bbabb3a43
Sec. A23.1,23-7,09/14/1969,NPRM,Notice 67-14,1967-04-05,,6f2c21b4-2d7c-4f49-841e-b5cfbb306f31
Sec. A23.1,Initial,02/01/1965,NPRM,Notice 64-17,1964-03-25,,4744fad6-07a7-45d4-b692-d0f5f288b28f
Sec. A23.11,23-48,03/11/1996,NPRM,Notice 94-20,1994-07-05,,762dee9d-5cee-4f01-9a4e-7ea63daa56f1
Sec. A23.11,Initial,02/01/1965,NPRM,Notice 64-17,1964-03-25,,54adee40-786d-4066-a9ce-775573970074
Sec. A23.13,23-16,02/14/1975,NPRM,Notice 74-33,1974-10-03,,f4809e35-74ca-4cfb-ba84-1983db4dcdba
Sec. A23.13,23-48,03/11/1996,NPRM,Notice 94-20,1994-07-05,,9a174ab6-f846-4427-901b-9a9731472118
Sec. A23.13,23-7,09/14/1969,NPRM,Notice 67-14,1967-04-05,,a9727238-a9b7-4bd0-a776-b10e85bb4246
Sec. A23.13,Initial,02/01/1965,NPRM,Notice 64-17,1964-03-25,,4362fc40-74fb-4a86-8154-6cc790a10285
Sec. A23.3,23-16,02/14/1975,NPRM,Notice 74-33,1974-10-03,,6b9d37fe-b5d2-4a3d-8d63-8ea630c2ff16
Sec. A23.3,23-28,04/28/1982,NPRM,Notice 80-23,1980-11-28,,5c0dcf39-03d2-4819-8f18-bd294c53529b
Sec. A23.3,23-7,09/14/1969,NPRM,Notice 67-14,1967-04-05,,02042610-1853-4e33-92fe-98d1553c04d7
Sec. A23.3,Initial,02/01/1965,NPRM,Notice 64-17,1964-03-25,,529f2710-3506-4cd7-99cd-852a0094fb44
Sec. A23.5,Initial,02/01/1965,NPRM,Notice 64-17,1964-03-25,,d14c65c0-d592-42a8-a510-9d0e5d563682
Sec. A23.7,Initial,02/01/1965,NPRM,Notice 64-17,1964-03-25,,a9abdf87-5fec-4b4e-8b0b-6bcd0f5e679c
Sec. A23.9,Initial,02/01/1965,NPRM,Notice 64-17,1964-03-25,,11e7a3b5-d1fe-4c1d-a982-b587e2024a97
Sec. B23.1,23-42,02/04/1991,NPRM,Notice 89-5,1989-02-23,,4db55430-972e-428b-8be3-2543caa81667
Sec. B23.1,23-7,09/14/1969,NPRM,Notice 67-14,1967-04-05,,b8b86166-6cbf-4cbf-bf76-82ee92f2770e
Sec. B23.1,Initial,02/01/1965,NPRM,Notice 64-17,1964-03-25,,de8b980f-9cc1-4fb5-88da-fe00ad70d022
Sec. B23.11,23-42,02/04/1991,NPRM,Notice 89-5,1989-02-23,,a5d5dfd6-2ffe-42b3-9121-30647613cd1c
Sec. B23.11,23-7,09/14/1969,NPRM,Notice 67-14,1967-04-05,,b8642f82-c755-4605-b58d-77df0e3da350
Sec. B23.11,Initial,02/01/1965,NPRM,Notice 64-17,1964-03-25,,c821bed6-e151-4e09-9511-52588aa26c96
Sec. C23.1,23-7,09/14/1969,NPRM,Notice 67-14,1967-04-05,,bbb09961-1894-487d-b47b-2f2e907c4bc1
Sec. C23.1,Initial,02/01/1965,NPRM,Notice 64-17,1964-03-25,,1e3888e4-ebc9-4b4d-8442-fb69e8c2a852
Sec. D23.1,23-45,09/07/1993,NPRM,Notice 90-18,1990-06-15,,b9266c45-1e63-47dc-9641-e4158e788349
Sec. D23.1,Initial,02/01/1965,NPRM,Notice 64-17,1964-03-25,,42ce0813-02dc-4d68-9bbf-8a10d31a0e08
Sec. E23,23-2,07/08/1965,NPRM,Notice 63-41,1963-10-21,,87e646a2-efb8-4b83-bc6f-adba8853921f
Sec. E23,23-50,03/11/1996,NPRM,Notice 94-22,1994-07-19,,e4e08143-d241-4618-9e94-31348782487d
Sec. F23,23-23,12/01/1978,NPRM,Notice 75-10,1975-02-27,,09c4fe1d-9777-4fc5-afe9-10f3fcead639
Sec. F23,23-23,12/01/1978,NPRM,Notice 75-19,1975-02-27,,09c4fe1d-9777-4fc5-afe9-10f3fcead639
Sec. F23,23-23,12/01/1978,NPRM,Notice 75-23,1975-02-27,,09c4fe1d-9777-4fc5-afe9-10f3fcead639
Sec. F23,23-23,12/01/1978,NPRM,Notice 75-26,1975-02-27,,09c4fe1d-9777-4fc5-afe9-10f3fcead639
Sec. F23,23-23,12/01/1978,NPRM,Notice 75-31,1975-02-27,,09c4fe1d-9777-4fc5-afe9-10f3fcead639
Sec. F23,23-34,02/17/1987,NPRM,Notice 83-17,1983-09-23,,175330c3-5a55-4800-8eca-586a932b6696
Sec. F23,23-49,03/11/1996,NPRM,Notice 94-21,1994-07-14,,72368a8f-9d93-420d-a08f-8bddae24418f
Sec. G23.1,23-26,10/14/1980,NPRM,Notice 74-5,1974-02-14,,8e43eb3f-26ae-4351-a52a-c85e79b70313
Sec. G23.1,23-26,10/14/1980,NPRM,Notice 74-5A,1974-05-22,,8e43eb3f-26ae-4351-a52a-c85e79b70313
Sec. G23.1,23-26,10/14/1980,NPRM,Notice 74-5B,1974-10-03,,8e43eb3f-26ae-4351-a52a-c85e79b70313
Sec. G23.1,23-26,10/14/1980,NPRM,Notice 74-33,1974-10-03,,8e43eb3f-26ae-4351-a52a-c85e79b70313
Sec. G23.1,23-26,10/14/1980,NPRM,Notice 74-5C,1974-11-25,,8e43eb3f-26ae-4351-a52a-c85e79b70313
Sec. G23.1,23-26,10/14/1980,NPRM,Notice 74-5D,1975-02-04,,8e43eb3f-26ae-4351-a52a-c85e79b70313
Sec. G23.1,23-26,10/14/1980,NPRM,Notice 75-10,1975-02-27,,8e43eb3f-26ae-4351-a52a-c85e79b70313
Sec. G23.1,23-26,10/14/1980,NPRM,Notice 75-19,1975-05-13,,8e43eb3f-26ae-4351-a52a-c85e79b70313
Sec. G23.1,23-26,10/14/1980,NPRM,Notice 75-26,1975-06-09,,8e43eb3f-26ae-4351-a52a-c85e79b70313
Sec. G23.1,23-26,10/14/1980,NPRM,Notice 75-31,1975-06-30,,8e43eb3f-26ae-4351-a52a-c85e79b70313
Sec. G23.2,23-26,10/14/1980,NPRM,Notice 74-5,1974-02-14,,1a4ab760-2344-4403-b7e4-d55509d0689c
Sec. G23.2,23-26,10/14/1980,NPRM,Notice 74-5A,1974-05-22,,1a4ab760-2344-4403-b7e4-d55509d0689c
Sec. G23.2,23-26,10/14/1980,NPRM,Notice 74-5B,1974-10-03,,1a4ab760-2344-4403-b7e4-d55509d0689c
Sec. G23.2,23-26,10/14/1980,NPRM,Notice 74-33,1974-10-03,,1a4ab760-2344-4403-b7e4-d55509d0689c
Sec. G23.2,23-26,10/14/1980,NPRM,Notice 74-5C,1974-11-25,,1a4ab760-2344-4403-b7e4-d55509d0689c
Sec. G23.2,23-26,10/14/1980,NPRM,Notice 74-5D,1975-02-04,,1a4ab760-2344-4403-b7e4-d55509d0689c
Sec. G23.2,23-26,10/14/1980,NPRM,Notice 75-10,1975-02-27,,1a4ab760-2344-4403-b7e4-d55509d0689c
Sec. G23.2,23-26,10/14/1980,NPRM,Notice 75-19,1975-05-13,,1a4ab760-2344-4403-b7e4-d55509d0689c
Sec. G23.2,23-26,10/14/1980,NPRM,Notice 75-26,1975-06-09,,1a4ab760-2344-4403-b7e4-d55509d0689c
Sec. G23.2,23-26,10/14/1980,NPRM,Notice 75-31,1975-06-30,,1a4ab760-2344-4403-b7e4-d55509d0689c
Sec. G23.3,23-26,10/14/1980,NPRM,Notice 74-5,1974-02-14,,589e3252-9584-4642-a569-68c16e01990d
Sec. G23.3,23-26,10/14/1980,NPRM,Notice 74-5A,1974-05-22,,589e3252-9584-4642-a569-68c16e01990d
Sec. G23.3,23-26,10/14/1980,NPRM,Notice 74-5B,1974-10-03,,589e3252-9584-4642-a569-68c16e01990d
Sec. G23.3,23-26,10/14/1980,NPRM,Notice 74-33,1974-10-03,,589e3252-9584-4642-a569-68c16e01990d
Sec. G23.3,23-26,10/14/1980,NPRM,Notice 74-5C,1974-11-25,,589e3252-9584-4642-a569-68c16e01990d
Sec. G23.3,23-26,10/14/1980,NPRM,Notice 74-5D,1975-02-04,,589e3252-9584-4642-a569-68c16e01990d
Sec. G23.3,23-26,10/14/1980,NPRM,Notice 75-10,1975-02-27,,589e3252-9584-4642-a569-68c16e01990d
Sec. G23.3,23-26,10/14/1980,NPRM,Notice 75-19,1975-05-13,,589e3252-9584-4642-a569-68c16e01990d
Sec. G23.3,23-26,10/14/1980,NPRM,Notice 75-26,1975-06-09,,589e3252-9584-4642-a569-68c16e01990d
Sec. G23.3,23-26,10/14/1980,NPRM,Notice 75-31,1975-06-30,,589e3252-9584-4642-a569-68c16e01990d
Sec. G23.3,23-34,02/17/1987,NPRM,Notice 83-17,1983-09-23,,5b947112-20d9-467e-9112-48ecfab74150
Sec. G23.4,23-26,10/14/1980,NPRM,Notice 74-5,1974-02-14,,eafcc960-7c21-4801-9998-cb9f4769f7c0
Sec. G23.4,23-26,10/14/1980,NPRM,Notice 74-5A,1974-05-22,,eafcc960-7c21-4801-9998-cb9f4769f7c0
Sec. G23.4,23-26,10/14/1980,NPRM,Notice 74-5B,1974-10-03,,eafcc960-7c21-4801-9998-cb9f4769f7c0
Sec. G23.4,23-26,10/14/1980,NPRM,Notice 74-33,1974-10-03,,eafcc960-7c21-4801-9998-cb9f4769f7c0
Sec. G23.4,23-26,10/14/1980,NPRM,Notice 74-5C,1974-11-25,,eafcc960-7c21-4801-9998-cb9f4769f7c0
Sec. G23.4,23-26,10/14/1980,NPRM,Notice 74-5D,1975-02-04,,eafcc960-7c21-4801-9998-cb9f4769f7c0
Sec. G23.4,23-26,10/14/1980,NPRM,Notice 75-10,1975-02-27,,eafcc960-7c21-4801-9998-cb9f4769f7c0
Sec. G23.4,23-26,10/14/1980,NPRM,Notice 75-19,1975-05-13,,eafcc960-7c21-4801-9998-cb9f4769f7c0
Sec. G23.4,23-26,10/14/1980,NPRM,Notice 75-26,1975-06-09,,eafcc960-7c21-4801-9998-cb9f4769f7c0
Sec. G23.4,23-26,10/14/1980,NPRM,Notice 75-31,1975-06-30,,eafcc960-7c21-4801-9998-cb9f4769f7c0
Sec. G23.4,23-37,08/18/1990,NPRM,Notice 79-2,1979-01-11,,c3d550e8-2ede-42e4-9ebe-49e6b578a750
Sec. G23.4,23-37,08/18/1990,NPRM,Notice 79-2A,1981-07-27,,c3d550e8-2ede-42e4-9ebe-49e6b578a750
Sec. G23.4,23-37,08/18/1990,NPRM,Notice 79-2B,1981-12-07,,c3d550e8-2ede-42e4-9ebe-49e6b578a750
Sec. G23.4,23-37,08/18/1990,NPRM,Notice 79-2C,1984-12-13,,c3d550e8-2ede-42e4-9ebe-49e6b578a750
Sec. H23.1,23-43,05/10/1993,NPRM,Notice 90-23,1990-09-17,,d505c4f7-77de-4f53-8724-69464569a771
Sec. H23.2,23-43,05/10/1993,NPRM,Notice 90-23,1990-09-17,,cce1bf92-2f32-487b-93ae-083fdaf4cfdb
Sec. H23.3,23-43,05/10/1993,NPRM,Notice 90-23,1990-09-17,,b1b242df-c732-4578-a6b2-0d507807e6e3
Sec. H23.4,23-43,05/10/1993,NPRM,Notice 90-23,1990-09-17,,5432c3b6-8c62-4b3a-8db3-c3c105ce662d
Sec. H23.5,23-43,05/10/1993,NPRM,Notice 90-23,1990-09-17,,852b583d-b46a-4e04-af81-049799b11ced
Sec. H23.6,23-43,05/10/1993,NPRM,Notice 90-23,1990-09-17,,640ce111-9715-4609-8296-c926af4811a8
Sec. I23,23-45,09/07/1993,NPRM,Notice 90-18,1990-06-15,,006028f9-93bd-4ab2-9dcb-42de1847d362
