Subpart/Appendix,Section,Title,Amendment,Effective Date,Status,Final Rule Actions,DRS Doc ID,Direct Link
Subpart A - General,Sec. 23.1,Applicability.,Initial,02/01/1965,Historical,Final Rule.  Docket No. 4080;  Issued on 09/28/64.,5d6140f9-f34b-4760-a774-2b88646c529b,https://drs.faa.gov/api/content/alf/5d6140f9-f34b-4760-a774-2b88646c529b
Subpart A - General,Sec. 23.1,Applicability.,23-34,02/17/1987,Historical,Final Rule.  Docket No. 23516; Issued on 01/08/87.,8721f4a3-12be-4ab9-b77d-1ee89c7cc168,https://drs.faa.gov/api/content/alf/8721f4a3-12be-4ab9-b77d-1ee89c7cc168
Subpart A - General,Sec. 23.1,Applicability.,23-10,03/13/1971,Historical,Final Rule.  Docket No. 10405; Issued on 02/05/71.,534a1799-eeb0-4cb8-a7c9-aa1c0680ed0b,https://drs.faa.gov/api/content/alf/534a1799-eeb0-4cb8-a7c9-aa1c0680ed0b
Subpart A - General,Sec. 23.2,Special retroactive requirements.,23-36,09/14/1988,Historical,Final Rule.  Docket No. 25147; Issued on 08/08/88.,c1370550-f445-4b9e-9c61-86b57953e3c5,https://drs.faa.gov/api/content/alf/c1370550-f445-4b9e-9c61-86b57953e3c5
Subpart A - General,Sec. 23.2,Special retroactive requirements.,23-32,12/12/1985,Historical,Final Rule.  Docket No. 23815; Issued on 11/06/85.,2fb186bd-1b22-4ef0-8bac-ef3306e96df1,https://drs.faa.gov/api/content/alf/2fb186bd-1b22-4ef0-8bac-ef3306e96df1
Subpart A - General,Sec. 23.3,Airplane categories.,Initial,02/01/1965,Historical,Final Rule.  Docket No. 4080;  Issued on 09/28/64.,a145256b-b078-4d80-a70c-49bd57b0264c,https://drs.faa.gov/api/content/alf/a145256b-b078-4d80-a70c-49bd57b0264c
Subpart A - General,Sec. 23.3,Airplane categories.,23-62,01/31/2012,Historical,"Amendment 23-62, Published 12/2/2011",d69e700b-90e9-4dc5-9cec-33171388f3db,https://drs.faa.gov/api/content/alf/d69e700b-90e9-4dc5-9cec-33171388f3db
Subpart A - General,Sec. 23.3,Airplane categories.,23-50,03/11/1996,Historical,Final Rule.  Docket No. 27807; Issued on 01/29/96.,1c509f0f-c47f-41f8-9c71-a02b21a7434d,https://drs.faa.gov/api/content/alf/1c509f0f-c47f-41f8-9c71-a02b21a7434d
Subpart A - General,Sec. 23.3,Airplane categories.,23-4,04/14/1967,Historical,Final Rule.  Docket No. 8092; Issued on 04/07/67.,dc4299e3-2998-44b6-9bd3-cf1c9ca7118c,https://drs.faa.gov/api/content/alf/dc4299e3-2998-44b6-9bd3-cf1c9ca7118c
Subpart A - General,Sec. 23.3,Airplane categories.,23-34,02/17/1987,Historical,Final Rule.  Docket No. 23516; Issued on 01/08/87.,90e5e1aa-3983-4a20-a883-851611864e66,https://drs.faa.gov/api/content/alf/90e5e1aa-3983-4a20-a883-851611864e66
Subpart B - Flight,Sec. 23.21,Proof of compliance.,Initial,02/01/1965,Historical,Final Rule.  Docket No. 4080;  Issued on 09/28/64.,86038759-ef2f-40c5-be1a-ef2a72fbc48a,https://drs.faa.gov/api/content/alf/86038759-ef2f-40c5-be1a-ef2a72fbc48a
Subpart B - Flight,Sec. 23.23,Load distribution limits.,Initial,02/01/1965,Historical,Final Rule.  Docket No. 4080;  Issued on 09/28/64.,aec9e11f-b85b-4284-85f2-34f9a1b3574a,https://drs.faa.gov/api/content/alf/aec9e11f-b85b-4284-85f2-34f9a1b3574a
Subpart B - Flight,Sec. 23.23,Load distribution limits.,23-17,02/01/1977,Historical,Final Rule.  Docket No. 14324; Issued on 12/13/76.,f9044309-a485-484a-8894-121d173e7fe4,https://drs.faa.gov/api/content/alf/f9044309-a485-484a-8894-121d173e7fe4
Subpart B - Flight,Sec. 23.23,Load distribution limits.,23-45,09/07/1993,Historical,Final Rule.  Docket No. 26269; Issued on 07/28/93.,4b00ee6d-8b9d-4332-a459-78c05215e453,https://drs.faa.gov/api/content/alf/4b00ee6d-8b9d-4332-a459-78c05215e453
Subpart B - Flight,Sec. 23.25,Weight limits.,23-7,09/14/1969,Historical,Final Rule.  Docket No. 8083; Issued on 08/01/69.,5cfa8b55-4f2c-4df0-ba43-3b6d5623184e,https://drs.faa.gov/api/content/alf/5cfa8b55-4f2c-4df0-ba43-3b6d5623184e
Subpart B - Flight,Sec. 23.25,Weight limits.,23-45,09/07/1993,Historical,Final Rule.  Docket No. 26269; Issued on 07/28/93.,3807ad0d-cb33-4116-88b7-c83461ad3d36,https://drs.faa.gov/api/content/alf/3807ad0d-cb33-4116-88b7-c83461ad3d36
Subpart B - Flight,Sec. 23.25,Weight limits.,23-50,03/11/1996,Historical,Final Rule.  Docket No. 27807; Issued on 01/29/96.,44b6f1a1-e80a-4a04-8d4d-01b7f014ba6f,https://drs.faa.gov/api/content/alf/44b6f1a1-e80a-4a04-8d4d-01b7f014ba6f
Subpart B - Flight,Sec. 23.25,Weight limits.,23-34,02/17/1987,Historical,Final Rule.  Docket No. 23516; Issued on 01/08/87.,c2cf713f-f249-4c3f-9bc5-d36db44e5a8b,https://drs.faa.gov/api/content/alf/c2cf713f-f249-4c3f-9bc5-d36db44e5a8b
Subpart B - Flight,Sec. 23.25,Weight limits.,23-2,08/01/1965,Historical,Final Rule.  Docket No. 2029; Issued on 06/24/65.,7dc9658e-3129-43b2-86eb-8fbb6bc0be17,https://drs.faa.gov/api/content/alf/7dc9658e-3129-43b2-86eb-8fbb6bc0be17
Subpart B - Flight,Sec. 23.25,Weight limits.,23-21,03/01/1978,Historical,"Final Rule.  Docket No. 14684, 14324; Issued on 01/09/78.",5b20bec8-b175-404c-a9e4-3ce3bc268b14,https://drs.faa.gov/api/content/alf/5b20bec8-b175-404c-a9e4-3ce3bc268b14
Subpart B - Flight,Sec. 23.25,Weight limits.,Initial,02/01/1965,Historical,Final Rule.  Docket No. 4080;  Issued on 09/28/64.,37e03339-4ecc-464c-b60b-12fd0265ed7d,https://drs.faa.gov/api/content/alf/37e03339-4ecc-464c-b60b-12fd0265ed7d
Subpart B - Flight,Sec. 23.29,Empty weight and corresponding center of gravity.,Initial,02/01/1965,Historical,Final Rule.  Docket No. 4080;  Issued on 09/28/64.,2e60fcfa-7ccd-4d8d-8b0a-f25df7b374f9,https://drs.faa.gov/api/content/alf/2e60fcfa-7ccd-4d8d-8b0a-f25df7b374f9
Subpart B - Flight,Sec. 23.29,Empty weight and corresponding center of gravity.,23-21,03/01/1978,Historical,"Final Rule.  Docket No. 14684, 14324; Issued on 01/09/78.",6c096776-ce9f-4b47-b1c6-954c90c1372b,https://drs.faa.gov/api/content/alf/6c096776-ce9f-4b47-b1c6-954c90c1372b
Subpart B - Flight,Sec. 23.31,Removable ballast.,23-13,10/23/1972,Historical,Final Rule.  Docket No. 9826; Issued on 09/19/72.,7476381b-b7ed-4914-ad2c-d8b7ef8267f2,https://drs.faa.gov/api/content/alf/7476381b-b7ed-4914-ad2c-d8b7ef8267f2
Subpart B - Flight,Sec. 23.31,Removable ballast.,Initial,02/01/1965,Historical,Final Rule.  Docket No. 4080;  Issued on 09/28/64.,c9cfb327-1b71-429a-a3ba-5aa232f27355,https://drs.faa.gov/api/content/alf/c9cfb327-1b71-429a-a3ba-5aa232f27355
Subpart B - Flight,Sec. 23.33,Propeller speed and pitch limits.,Initial,02/01/1965,Historical,Final Rule.  Docket No. 4080;  Issued on 09/28/64.,61784b40-c152-46ef-870c-389af0bf300a,https://drs.faa.gov/api/content/alf/61784b40-c152-46ef-870c-389af0bf300a
Subpart B - Flight,Sec. 23.33,Propeller speed and pitch limits.,23-45,09/07/1993,Historical,Final Rule.  Docket No. 26269; Issued on 07/28/93.,cfdb7888-679c-46e2-ba0f-dcc6aec09255,https://drs.faa.gov/api/content/alf/cfdb7888-679c-46e2-ba0f-dcc6aec09255
Subpart B - Flight,Sec. 23.33,Propeller speed and pitch limits.,23-50,03/11/1996,Historical,Final Rule.  Docket No. 27807; Issued on 01/29/96.,e4605987-8f0d-479f-88ad-3093833d55be,https://drs.faa.gov/api/content/alf/e4605987-8f0d-479f-88ad-3093833d55be
Subpart B - Flight,Sec. 23.45,General.,23-45,09/07/1993,Historical,Final Rule.  Docket No. 26269; Issued on 07/28/93.,e1693205-f2b2-4989-9fd6-0781746bafc7,https://drs.faa.gov/api/content/alf/e1693205-f2b2-4989-9fd6-0781746bafc7
Subpart B - Flight,Sec. 23.45,General.,Initial,02/01/1965,Historical,Final Rule.  Docket No. 4080;  Issued on 09/28/64.,13f3d502-f46e-423d-bd0b-c6e400b5d137,https://drs.faa.gov/api/content/alf/13f3d502-f46e-423d-bd0b-c6e400b5d137
Subpart B - Flight,Sec. 23.45,General.,23-50,03/11/1996,Historical,Final Rule.  Docket No. 27807; Issued on 01/29/96.,f6a978cf-4966-4c36-be8b-ca25c4a4a213,https://drs.faa.gov/api/content/alf/f6a978cf-4966-4c36-be8b-ca25c4a4a213
Subpart B - Flight,Sec. 23.45,General.,23-21,03/01/1978,Historical,"Final Rule.  Docket No. 14684, 14324; Issued on 01/09/78.",533afcb7-963b-4da0-af7a-068383c67b37,https://drs.faa.gov/api/content/alf/533afcb7-963b-4da0-af7a-068383c67b37
Subpart B - Flight,Sec. 23.45,General.,23-62,01/31/2012,Historical,"Amendment 23-62, Published 12/2/2011",4bb0cbd2-a405-40ca-9c86-d61aba23b708,https://drs.faa.gov/api/content/alf/4bb0cbd2-a405-40ca-9c86-d61aba23b708
Subpart B - Flight,Sec. 23.45,General.,23-34,02/17/1987,Historical,Final Rule.  Docket No. 23516; Issued on 01/08/87.,b5909584-869d-4e86-8aaa-994edc8c5af8,https://drs.faa.gov/api/content/alf/b5909584-869d-4e86-8aaa-994edc8c5af8
Subpart B - Flight,Sec. 23.49,Stalling speed.,23-50,03/11/1996,Historical,Final Rule.  Docket No. 27807; Issued on 01/29/96.,d8553464-a765-41a1-bb45-e729fdd193ea,https://drs.faa.gov/api/content/alf/d8553464-a765-41a1-bb45-e729fdd193ea
Subpart B - Flight,Sec. 23.49,Stalling speed.,23-7,09/14/1969,Historical,Final Rule.  Docket No. 8083; Issued on 08/01/69.,f2fa4f6d-8641-4b23-a70f-362db2b4683c,https://drs.faa.gov/api/content/alf/f2fa4f6d-8641-4b23-a70f-362db2b4683c
Subpart B - Flight,Sec. 23.49,Stalling speed.,23-44,08/18/1993,Historical,Final Rule. Docket No. 23746; Issued on 07/07/93.,ff45eeb5-74ad-416b-9f92-05d95b6446c8,https://drs.faa.gov/api/content/alf/ff45eeb5-74ad-416b-9f92-05d95b6446c8
Subpart B - Flight,Sec. 23.49,Stalling speed.,23-21,03/01/1978,Historical,"Final Rule. Docket No. 14684, 14324; Issued on 01/09/78.",0a6d7e07-63e1-4327-b9ca-1c4f30a00e01,https://drs.faa.gov/api/content/alf/0a6d7e07-63e1-4327-b9ca-1c4f30a00e01
Subpart B - Flight,Sec. 23.49,Stalling speed.,Initial,02/01/1965,Historical,Final Rule.  Docket No. 4080;  Issued on 09/28/64.,1bc4eb9b-0787-4762-b678-e19b26cf47a7,https://drs.faa.gov/api/content/alf/1bc4eb9b-0787-4762-b678-e19b26cf47a7
Subpart B - Flight,Sec. 23.49,Stalling speed.,23-62,01/31/2012,Historical,"Amendment 23-62, Published 12/2/2011",8915db2b-9675-47ac-a7d3-438b12e7356b,https://drs.faa.gov/api/content/alf/8915db2b-9675-47ac-a7d3-438b12e7356b
Subpart B - Flight,Sec. 23.51,Takeoff.,23-34,02/17/1987,Historical,Final Rule.  Docket No. 23516; Issued on 01/08/87.,28b4f413-3437-40bb-b2aa-d8feeb6856cc,https://drs.faa.gov/api/content/alf/28b4f413-3437-40bb-b2aa-d8feeb6856cc
Subpart B - Flight,Sec. 23.51,Takeoff.,23-7,09/14/1969,Historical,Final Rule.  Docket No. 8083; Issued on 08/01/69.,bbb6e148-3217-4196-9112-777f897f0253,https://drs.faa.gov/api/content/alf/bbb6e148-3217-4196-9112-777f897f0253
Subpart B - Flight,Sec. 23.51,Takeoff.,23-21,03/01/1978,Historical,"Final Rule.  Docket No. 14684, 14324; Issued on 01/09/78.",44da2102-d688-485b-97b3-c4133d53861b,https://drs.faa.gov/api/content/alf/44da2102-d688-485b-97b3-c4133d53861b
Subpart B - Flight,Sec. 23.51,Takeoff speeds.,23-62,01/31/2012,Historical,"Amendment 23-62, Published 12/2/2011",bc314dfd-8093-4f15-845f-bf03ac59cc18,https://drs.faa.gov/api/content/alf/bc314dfd-8093-4f15-845f-bf03ac59cc18
Subpart B - Flight,Sec. 23.51,Takeoff (speeds.),23-50,03/11/1996,Historical,Final Rule.  Docket No. 27807; Issued on 01/29/96.,e650bd2a-a251-404d-adfd-087ec67dd205,https://drs.faa.gov/api/content/alf/e650bd2a-a251-404d-adfd-087ec67dd205
Subpart B - Flight,Sec. 23.51,Takeoff.,Initial,02/01/1965,Historical,Final Rule.  Docket No. 4080;  Issued on 09/28/64.,301ad2fd-57d0-4167-bc28-973529a2564b,https://drs.faa.gov/api/content/alf/301ad2fd-57d0-4167-bc28-973529a2564b
Subpart B - Flight,Sec. 23.53,Takeoff performance.,23-62,01/31/2012,Historical,"Amendment 23-62, Published 12/2/2011",51d94cd1-c7b3-4266-bf90-2c16b45cec67,https://drs.faa.gov/api/content/alf/51d94cd1-c7b3-4266-bf90-2c16b45cec67
Subpart B - Flight,Sec. 23.53,Takeoff [performance.],23-50,03/11/1996,Historical,Final Rule.  Docket No. 27807; Issued on 01/29/96.,bf643cf2-158f-4661-91fe-af9c6e84eead,https://drs.faa.gov/api/content/alf/bf643cf2-158f-4661-91fe-af9c6e84eead
Subpart B - Flight,Sec. 23.53,(Takeoff speeds.),23-34,02/17/1987,Historical,Final Rule.  Docket No. 23516; Issued on 01/08/87.,2af28685-24ec-4148-8fdd-8bb17d9c6aa1,https://drs.faa.gov/api/content/alf/2af28685-24ec-4148-8fdd-8bb17d9c6aa1
Subpart B - Flight,Sec. 23.53,Takeoff speeds.,23-45,09/07/1993,Historical,Final Rule.  Docket No. 26269; Issued on 07/28/93.,045b997e-aabb-4e7c-9db3-07207903b6f3,https://drs.faa.gov/api/content/alf/045b997e-aabb-4e7c-9db3-07207903b6f3
Subpart B - Flight,Sec. 23.55,Accelerate-stop distance.,23-50,03/11/1996,Historical,Final Rule.  Docket No. 27807; Issued on 01/29/96.,681ede7d-6796-4991-a626-49a9073bc848,https://drs.faa.gov/api/content/alf/681ede7d-6796-4991-a626-49a9073bc848
Subpart B - Flight,Sec. 23.55,Accelerate-stop distance.,23-34,02/17/1987,Historical,Final Rule.  Docket No. 23516; Issued on 01/08/87.,3d48edce-8ad5-41e0-a871-d5c7cabe999f,https://drs.faa.gov/api/content/alf/3d48edce-8ad5-41e0-a871-d5c7cabe999f
Subpart B - Flight,Sec. 23.55,Accelerate-stop distance.,23-62,01/31/2012,Historical,"Amendment 23-62, Published 12/2/2011",948437d7-98d2-41ed-b159-a81a192c1589,https://drs.faa.gov/api/content/alf/948437d7-98d2-41ed-b159-a81a192c1589
Subpart B - Flight,Sec. 23.57,Takeoff path.,23-34,02/17/1987,Historical,Final Rule.  Docket No. 23516; Issued on 01/08/87.,36e9f5b9-b20e-4543-97f3-4f3db9c6790d,https://drs.faa.gov/api/content/alf/36e9f5b9-b20e-4543-97f3-4f3db9c6790d
Subpart B - Flight,Sec. 23.57,Takeoff path.,23-62,01/31/2012,Historical,"Amendment 23-62, Published 12/2/2011",a21b9064-3ee4-4baf-9658-da68ad99c9c5,https://drs.faa.gov/api/content/alf/a21b9064-3ee4-4baf-9658-da68ad99c9c5
Subpart B - Flight,Sec. 23.57,Takeoff path.,23-50,03/11/1996,Historical,Final Rule.  Docket No. 27807; Issued on 01/29/96.,9fcac985-932f-406f-8792-a9c3e46e793d,https://drs.faa.gov/api/content/alf/9fcac985-932f-406f-8792-a9c3e46e793d
Subpart B - Flight,Sec. 23.59,Takeoff distance and takeoff run.,23-34,02/17/1987,Historical,Final Rule.  Docket No. 23516; Issued on 01/08/87.,51e116c0-fd09-4aac-8ae3-255ec5c4e330,https://drs.faa.gov/api/content/alf/51e116c0-fd09-4aac-8ae3-255ec5c4e330
Subpart B - Flight,Sec. 23.59,Takeoff distance and takeoff run.,23-62,01/31/2012,Historical,"Amendment 23-62, Published 12/2/2011",40d99886-5c9c-4d6e-9473-0a6b0f66d989,https://drs.faa.gov/api/content/alf/40d99886-5c9c-4d6e-9473-0a6b0f66d989
Subpart B - Flight,Sec. 23.59,Takeoff distance and takeoff run.,23-50,03/11/1996,Historical,Final Rule.  Docket No. 27807; Issued on 01/29/96.,e0bdc7ea-53c8-4ea1-92d9-91267509f229,https://drs.faa.gov/api/content/alf/e0bdc7ea-53c8-4ea1-92d9-91267509f229
Subpart B - Flight,Sec. 23.61,Takeoff flight path.,23-34,02/17/1987,Historical,Final Rule.  Docket No. 23516; Issued on 01/08/87.,9ad21507-0077-4922-834d-9f75fc01b4a7,https://drs.faa.gov/api/content/alf/9ad21507-0077-4922-834d-9f75fc01b4a7
Subpart B - Flight,Sec. 23.61,Takeoff flight path.,23-62,01/31/2012,Historical,"Amendment 23-62, Published 12/2/2011",31cce814-c807-4e24-a79e-60f8d6e65041,https://drs.faa.gov/api/content/alf/31cce814-c807-4e24-a79e-60f8d6e65041
Subpart B - Flight,Sec. 23.63,Climb: general.,23-50,03/11/1996,Historical,Final Rule.  Docket No. 27807; Issued on 01/29/96.,8f63e87c-dda3-4c31-ab46-2affb55b7f9c,https://drs.faa.gov/api/content/alf/8f63e87c-dda3-4c31-ab46-2affb55b7f9c
Subpart B - Flight,Sec. 23.63,Climb: General.,23-62,01/31/2012,Historical,"Amendment 23-62, Published 12/2/2011",db658094-1157-41a8-82ea-be68e25d6899,https://drs.faa.gov/api/content/alf/db658094-1157-41a8-82ea-be68e25d6899
Subpart B - Flight,Sec. 23.65,Climb: all engines operating.,23-21,03/01/1978,Historical,"Final Rule.  Docket No. 14684, 14324; Issued on 01/09/78.",4188e33b-10d2-4cb6-8014-b9dcda94256b,https://drs.faa.gov/api/content/alf/4188e33b-10d2-4cb6-8014-b9dcda94256b
Subpart B - Flight,Sec. 23.65,Climb: all engines operating.,Initial,02/01/1965,Historical,Final Rule.  Docket No. 4080;  Issued on 09/28/64.,931f0e10-f51e-4087-b272-2b5026ff6499,https://drs.faa.gov/api/content/alf/931f0e10-f51e-4087-b272-2b5026ff6499
Subpart B - Flight,Sec. 23.65,Climb: all engines operating.,23-34,02/17/1987,Historical,Final Rule.  Docket No. 23516; Issued on 01/08/87.,f539f4b6-6c69-4c06-8465-64802cf5e5d6,https://drs.faa.gov/api/content/alf/f539f4b6-6c69-4c06-8465-64802cf5e5d6
Subpart B - Flight,Sec. 23.65,Climb: All engines operating.,23-62,01/31/2012,Historical,"Amendment 23-62, Published 12/2/2011",5ac777f0-88f1-47b5-9deb-7a65d34abc7b,https://drs.faa.gov/api/content/alf/5ac777f0-88f1-47b5-9deb-7a65d34abc7b
Subpart B - Flight,Sec. 23.65,Climb: all engines operating.,23-50,03/11/1996,Historical,Final Rule.  Docket No. 27807; Issued on 01/29/96.,c4a31239-0934-49c1-8f52-1003a01b3aee,https://drs.faa.gov/api/content/alf/c4a31239-0934-49c1-8f52-1003a01b3aee
Subpart B - Flight,Sec. 23.65,Climb: all engines operating.,23-7,09/14/1969,Historical,Final Rule.  Docket No. 8083; Issued on 08/01/69.,52ea4ec3-7bdb-4390-8db3-c4e1277a593c,https://drs.faa.gov/api/content/alf/52ea4ec3-7bdb-4390-8db3-c4e1277a593c
Subpart B - Flight,Sec. 23.65,Climb: all engines operating.,23-45,09/07/1993,Historical,Final Rule.  Docket No. 26269; Issued on 07/28/93.,ab4b20dd-3fc5-41ca-89a2-13cf222289a4,https://drs.faa.gov/api/content/alf/ab4b20dd-3fc5-41ca-89a2-13cf222289a4
Subpart B - Flight,Sec. 23.66,Takeoff climb: one engine inoperative.,23-50,03/11/1996,Historical,Final Rule.  Docket No. 27807; Issued on 01/29/96.,a2f937d6-6dbd-44fa-b078-5e78a5c8ddb5,https://drs.faa.gov/api/content/alf/a2f937d6-6dbd-44fa-b078-5e78a5c8ddb5
Subpart B - Flight,Sec. 23.67,Climb: one engine inoperative.,Initial,02/01/1965,Historical,Final Rule.  Docket No. 4080;  Issued on 09/28/64.,7f34f1e7-abe1-4f88-b891-b23b3df4af39,https://drs.faa.gov/api/content/alf/7f34f1e7-abe1-4f88-b891-b23b3df4af39
Subpart B - Flight,Sec. 23.67,Climb: one engine inoperative.,23-7,09/14/1969,Historical,Final Rule.  Docket No. 8083; Issued on 08/01/69.,674cc403-4ebb-4aaa-8305-897cfabf2396,https://drs.faa.gov/api/content/alf/674cc403-4ebb-4aaa-8305-897cfabf2396
Subpart B - Flight,Sec. 23.67,Climb: one engine inoperative.,23-21,03/01/1978,Historical,"Final Rule.  Docket No. 14684, 14324; Issued on 01/09/78.",fa6aa032-1950-4139-92a8-09b5118f9300,https://drs.faa.gov/api/content/alf/fa6aa032-1950-4139-92a8-09b5118f9300
Subpart B - Flight,Sec. 23.67,Climb: one engine inoperative.,23-50,03/11/1996,Historical,Final Rule.  Docket No. 27807; Issued on 01/29/96.,cb82acf3-6264-4fed-a97b-a666a815669e,https://drs.faa.gov/api/content/alf/cb82acf3-6264-4fed-a97b-a666a815669e
Subpart B - Flight,Sec. 23.67,Climb: one engine inoperative.,23-39,05/02/1990,Historical,Final Rule.  Docket No. 23516; Issued on 04/26/90.,789300ed-85b2-4f65-a2b4-39099ac43cb7,https://drs.faa.gov/api/content/alf/789300ed-85b2-4f65-a2b4-39099ac43cb7
Subpart B - Flight,Sec. 23.67,Climb: one engine inoperative.,23-42,02/04/1991,Historical,Final Rule.  Docket No. 25811; Issued on 12/21/90.,c88d536e-8486-4c57-8372-c78ea65039ef,https://drs.faa.gov/api/content/alf/c88d536e-8486-4c57-8372-c78ea65039ef
Subpart B - Flight,Sec. 23.67,Climb: One engine inoperative.,23-62,01/31/2012,Historical,"Amendment 23-62, Published 12/2/2011",ccaccc47-6d4d-443a-8d5f-6c00733af8aa,https://drs.faa.gov/api/content/alf/ccaccc47-6d4d-443a-8d5f-6c00733af8aa
Subpart B - Flight,Sec. 23.67,Climb: one engine inoperative.,23-34,02/17/1987,Historical,Final Rule.  Docket No. 23516; Issued on 01/08/87.,da9d32d9-f471-4017-8ff7-550bf5f54ebf,https://drs.faa.gov/api/content/alf/da9d32d9-f471-4017-8ff7-550bf5f54ebf
Subpart B - Flight,Sec. 23.67,Climb: one engine inoperative.,23-44,08/18/1993,Historical,Final Rule.  Docket No. 23746; Issued on 07/07/93.,520321de-2dbc-4406-ad31-c992a3acb80b,https://drs.faa.gov/api/content/alf/520321de-2dbc-4406-ad31-c992a3acb80b
Subpart B - Flight,Sec. 23.69,(Enroute climb/descent.),23-50,03/11/1996,Historical,Final Rule.  Docket No. 27807; Issued on 01/29/96.,001b74c5-4c8e-4ed9-bfc5-c0b46b21840d,https://drs.faa.gov/api/content/alf/001b74c5-4c8e-4ed9-bfc5-c0b46b21840d
Subpart B - Flight,Sec. 23.71,Glide: single-engine airplanes.,23-50,03/11/1996,Historical,Final Rule.  Docket No. 27807; Issued on 01/29/96.,1775ca58-8a7a-47bd-8f5a-bae9a1edee54,https://drs.faa.gov/api/content/alf/1775ca58-8a7a-47bd-8f5a-bae9a1edee54
Subpart B - Flight,Sec. 23.73,Reference landing approach speed.,23-62,01/31/2012,Historical,"Amendment 23-62, Published 12/2/2011",0dd70ea1-b407-4604-9103-796b5ca8c514,https://drs.faa.gov/api/content/alf/0dd70ea1-b407-4604-9103-796b5ca8c514
Subpart B - Flight,Sec. 23.73,(Reference landing approach speed.),23-50,03/11/1996,Historical,Final Rule.  Docket No. 27807; Issued on 01/29/96.,60f54852-5d00-4b1d-bf8f-427d7a61d669,https://drs.faa.gov/api/content/alf/60f54852-5d00-4b1d-bf8f-427d7a61d669
Subpart B - Flight,Sec. 23.75,Landing [distance.],23-50,03/11/1996,Historical,Final Rule.  Docket No. 27807; Issued on 01/29/96.,e0b7eee2-6156-4b5c-ac98-7d83e991fa99,https://drs.faa.gov/api/content/alf/e0b7eee2-6156-4b5c-ac98-7d83e991fa99
Subpart B - Flight,Sec. 23.75,Landing.,23-34,02/17/1987,Historical,Final Rule.  Docket No. 23516; Issued on 01/08/87.,a110dd29-4759-438e-8fca-649bb0415315,https://drs.faa.gov/api/content/alf/a110dd29-4759-438e-8fca-649bb0415315
Subpart B - Flight,Sec. 23.75,Landing.,23-7,09/14/1969,Historical,Final Rule.  Docket No. 8083; Issued on 08/01/69.,5db15c2e-60cd-4cb6-866f-88b50ec3dbe5,https://drs.faa.gov/api/content/alf/5db15c2e-60cd-4cb6-866f-88b50ec3dbe5
Subpart B - Flight,Sec. 23.75,Landing.,Initial,02/01/1965,Historical,Final Rule.  Docket No. 4080;  Issued on 09/28/64.,4c616dd5-7e49-455e-9171-2ec6d26b32b1,https://drs.faa.gov/api/content/alf/4c616dd5-7e49-455e-9171-2ec6d26b32b1
Subpart B - Flight,Sec. 23.75,Landing.,23-42,02/04/1991,Historical,Final Rule.  Docket No. 25811; Issued on 12/21/90.,dc3992bb-26fb-4a7f-84c1-6e13333cefeb,https://drs.faa.gov/api/content/alf/dc3992bb-26fb-4a7f-84c1-6e13333cefeb
Subpart B - Flight,Sec. 23.75,Landing.,23-21,03/01/1978,Historical,"Final Rule.  Docket No. 14684, 14324; Issued on 01/09/78.",f22e6476-12f2-4c81-bf69-67e25f54b976,https://drs.faa.gov/api/content/alf/f22e6476-12f2-4c81-bf69-67e25f54b976
Subpart B - Flight,Sec. 23.77,Balked landing.,23-62,01/31/2012,Historical,"Amendment 23-62, Published 12/2/2011",a1ee9051-6552-4d55-b11f-428522f284e5,https://drs.faa.gov/api/content/alf/a1ee9051-6552-4d55-b11f-428522f284e5
Subpart B - Flight,Sec. 23.77,Balked landing.,23-21,03/01/1978,Historical,"Final Rule.  Docket No. 14684, 14324; Issued on 01/09/78.",4ad5eaf2-409e-466b-a4c8-83a4ca9bb9f9,https://drs.faa.gov/api/content/alf/4ad5eaf2-409e-466b-a4c8-83a4ca9bb9f9
Subpart B - Flight,Sec. 23.77,Balked landing.,23-50,03/11/1996,Historical,Final Rule.  Docket No. 27807; Issued on 01/29/96.,e66025e2-2851-4b4d-8d1a-c7d1829702ef,https://drs.faa.gov/api/content/alf/e66025e2-2851-4b4d-8d1a-c7d1829702ef
Subpart B - Flight,Sec. 23.77,Balked landing.,23-7,09/14/1969,Historical,Final Rule.  Docket No. 8083; Issued on 08/01/69.,f768e9b1-ba9f-4ffe-b632-31075888afeb,https://drs.faa.gov/api/content/alf/f768e9b1-ba9f-4ffe-b632-31075888afeb
Subpart B - Flight,Sec. 23.77,Balked landing.,Initial,02/01/1965,Historical,Final Rule.  Docket No. 4080;  Issued on 09/28/64.,a9b3372d-00c9-4e6c-9581-f39a05fa723f,https://drs.faa.gov/api/content/alf/a9b3372d-00c9-4e6c-9581-f39a05fa723f
Subpart B - Flight,Sec. 23.77,Balked landing.,23-34,02/17/1987,Historical,Final Rule.  Docket No. 23516; Issued on 01/08/87.,446861e3-92fd-4de3-862c-d35bf73fc1a9,https://drs.faa.gov/api/content/alf/446861e3-92fd-4de3-862c-d35bf73fc1a9
Subpart B - Flight,Sec. 23.141,General.,23-17,02/01/1977,Historical,Final Rule.  Docket No. 14324; Issued on 12/13/76.,fccf9a25-85aa-4125-9969-d3985c2f170c,https://drs.faa.gov/api/content/alf/fccf9a25-85aa-4125-9969-d3985c2f170c
Subpart B - Flight,Sec. 23.141,General.,23-7,09/14/1969,Historical,Final Rule.  Docket No. 8083; Issued on 08/01/69.,e34b8250-b55f-4f69-8b6a-847653803605,https://drs.faa.gov/api/content/alf/e34b8250-b55f-4f69-8b6a-847653803605
Subpart B - Flight,Sec. 23.141,General.,Initial,02/01/1965,Historical,Final Rule.  Docket No. 4080;  Issued on 09/28/64.,c8f5a284-8740-4277-bf35-c029060f57ea,https://drs.faa.gov/api/content/alf/c8f5a284-8740-4277-bf35-c029060f57ea
Subpart B - Flight,Sec. 23.141,Flight Characteristics,23-45,09/07/1993,Historical,Final Rule.  Docket No. 26269; Issued on 07/28/93.,a3b3e22d-0ead-4a40-b992-58f9166bc6cb,https://drs.faa.gov/api/content/alf/a3b3e22d-0ead-4a40-b992-58f9166bc6cb
Subpart B - Flight,Sec. 23.143,General.,23-17,02/01/1977,Historical,Final Rule.  Docket No. 14324; Issued on 12/13/76.,5e45df30-047f-49de-96e3-70a44a103cdb,https://drs.faa.gov/api/content/alf/5e45df30-047f-49de-96e3-70a44a103cdb
Subpart B - Flight,Sec. 23.143,General.,23-14,12/20/1973,Historical,Final Rule.  Docket No. 11011; Issued on 11/07/73.,d2866075-a538-46ae-b80c-f9288a454df7,https://drs.faa.gov/api/content/alf/d2866075-a538-46ae-b80c-f9288a454df7
Subpart B - Flight,Sec. 23.143,General.,Initial,02/01/1965,Historical,Final Rule.  Docket No. 4080;  Issued on 09/28/64.,9031c107-be58-461d-abad-e761552c4650,https://drs.faa.gov/api/content/alf/9031c107-be58-461d-abad-e761552c4650
Subpart B - Flight,Sec. 23.143,General.,23-45,09/07/1993,Historical,Final Rule.  Docket No. 26269; Issued on 07/28/93.,c1df3481-1724-4a93-a632-3850473abaf2,https://drs.faa.gov/api/content/alf/c1df3481-1724-4a93-a632-3850473abaf2
Subpart B - Flight,Sec. 23.143,Controllability and Maneuverability,23-50,03/11/1996,Historical,Final Rule.  Docket No. 27807; Issued on 01/29/96.,f6bdbb3e-88e4-4c7e-a866-3a65f5d4d00e,https://drs.faa.gov/api/content/alf/f6bdbb3e-88e4-4c7e-a866-3a65f5d4d00e
Subpart B - Flight,Sec. 23.145,Longitudinal control.,23-17,02/01/1977,Historical,Final Rule.  Docket No. 14324; Issued on 12/13/76.,915838cd-7d4f-4f01-b0fb-0d024111cb73,https://drs.faa.gov/api/content/alf/915838cd-7d4f-4f01-b0fb-0d024111cb73
Subpart B - Flight,Sec. 23.145,Longitudinal control.,23-7,09/14/1969,Historical,Final Rule.  Docket No. 8083; Issued on 08/01/69.,ae83ed8b-96f4-457d-9900-e13e5cc82746,https://drs.faa.gov/api/content/alf/ae83ed8b-96f4-457d-9900-e13e5cc82746
Subpart B - Flight,Sec. 23.145,Longitudinal control.,23-45,09/07/1993,Historical,Final Rule.  Docket No. 26269; Issued on 07/28/93.,dd9f26d1-7f5a-406e-ab6e-18dfcf30b598,https://drs.faa.gov/api/content/alf/dd9f26d1-7f5a-406e-ab6e-18dfcf30b598
Subpart B - Flight,Sec. 23.145,Longitudinal control.,23-14,12/20/1973,Historical,Final Rule.  Docket No. 11011; Issued on 11/07/73.,f4505c3b-904b-4722-aebd-7a96012acc8b,https://drs.faa.gov/api/content/alf/f4505c3b-904b-4722-aebd-7a96012acc8b
Subpart B - Flight,Sec. 23.145,Longitudinal control.,23-50,03/11/1996,Historical,Final Rule.  Docket No. 27807; Issued on 01/29/96.,cc66a228-b0c5-4328-a766-ab70063c872c,https://drs.faa.gov/api/content/alf/cc66a228-b0c5-4328-a766-ab70063c872c
Subpart B - Flight,Sec. 23.145,Longitudinal control.,Initial,02/01/1965,Historical,Final Rule.  Docket No. 4080;  Issued on 09/28/64.,76b23bc7-a86d-4525-a6da-5481a8abd63c,https://drs.faa.gov/api/content/alf/76b23bc7-a86d-4525-a6da-5481a8abd63c
Subpart B - Flight,Sec. 23.147,Directional and lateral control.,23-45,09/07/1993,Historical,Final Rule.  Docket No. 26269; Issued on 07/28/93.,465015e0-1012-407d-a872-a737985d8240,https://drs.faa.gov/api/content/alf/465015e0-1012-407d-a872-a737985d8240
Subpart B - Flight,Sec. 23.147,Directional and lateral control.,23-50,03/11/1996,Historical,Final Rule.  Docket No. 27807; Issued on 01/29/96.,6a88db78-b85e-42a1-a5f6-6c68a8a99d00,https://drs.faa.gov/api/content/alf/6a88db78-b85e-42a1-a5f6-6c68a8a99d00
Subpart B - Flight,Sec. 23.147,Directional and lateral control.,Initial,02/01/1965,Historical,Final Rule.  Docket No. 4080;  Issued on 09/28/64.,781be8d6-ffec-4831-b7f1-df79f17da17c,https://drs.faa.gov/api/content/alf/781be8d6-ffec-4831-b7f1-df79f17da17c
Subpart B - Flight,Sec. 23.149,Minimum control speed.,23-7,09/14/1969,Historical,Final Rule.  Docket No. 8083; Issued on 08/01/69.,58f2bea2-20fc-4048-b0de-46b61f878f08,https://drs.faa.gov/api/content/alf/58f2bea2-20fc-4048-b0de-46b61f878f08
Subpart B - Flight,Sec. 23.149,Minimum control speed.,23-21,03/01/1978,Historical,"Final Rule.  Docket No. 14684, 14324; Issued on 01/09/78.",ab83f51f-40d1-435c-a1cd-4a5869a2443f,https://drs.faa.gov/api/content/alf/ab83f51f-40d1-435c-a1cd-4a5869a2443f
Subpart B - Flight,Sec. 23.149,Minimum control speed.,23-45,09/07/1993,Historical,Final Rule.  Docket No. 26269; Issued on 07/28/93.,db16f302-be3e-4602-a64a-635764cfb304,https://drs.faa.gov/api/content/alf/db16f302-be3e-4602-a64a-635764cfb304
Subpart B - Flight,Sec. 23.149,Minimum control speed.,Initial,02/01/1965,Historical,Final Rule.  Docket No. 4080;  Issued on 09/28/64.,b847e333-5ccc-44ee-bc16-482752ed3bdd,https://drs.faa.gov/api/content/alf/b847e333-5ccc-44ee-bc16-482752ed3bdd
Subpart B - Flight,Sec. 23.149,Minimum control speed.,23-50,03/11/1996,Historical,Final Rule.  Docket No. 27807; Issued on 01/29/96.,fa429d42-8dd9-454e-a05e-506c5b4e191a,https://drs.faa.gov/api/content/alf/fa429d42-8dd9-454e-a05e-506c5b4e191a
Subpart B - Flight,Sec. 23.151,Acrobatic maneuvers.,Initial,02/01/1965,Historical,Final Rule.  Docket No. 4080;  Issued on 09/28/64.,8e7520db-5f7d-49f0-86a1-d5693418af30,https://drs.faa.gov/api/content/alf/8e7520db-5f7d-49f0-86a1-d5693418af30
Subpart B - Flight,Sec. 23.153,Control during landings.,23-50,03/11/1996,Historical,Final Rule.  Docket No. 27807; Issued on 01/29/96.,bd532e92-ff05-48d6-b396-2b1476421abe,https://drs.faa.gov/api/content/alf/bd532e92-ff05-48d6-b396-2b1476421abe
Subpart B - Flight,Sec. 23.153,Control during landings.,23-14,12/20/1973,Historical,Final Rule.  Docket No. 11011; Issued on 11/07/73.,0fd848c2-3ec7-4f0e-8e97-93e44b5f1b10,https://drs.faa.gov/api/content/alf/0fd848c2-3ec7-4f0e-8e97-93e44b5f1b10
Subpart B - Flight,Sec. 23.153,Control during landings.,23-45,09/07/1993,Historical,Final Rule.  Docket No. 26269; Issued on 07/28/93.,ca716a63-1559-4a66-85f6-11c0da6fff37,https://drs.faa.gov/api/content/alf/ca716a63-1559-4a66-85f6-11c0da6fff37
Subpart B - Flight,Sec. 23.155,Elevator control force in maneuvers.,23-45,09/07/1993,Historical,Final Rule.  Docket No. 26269; Issued on 07/28/93.,211e8a96-322f-412b-8ac8-ad20efa902d5,https://drs.faa.gov/api/content/alf/211e8a96-322f-412b-8ac8-ad20efa902d5
Subpart B - Flight,Sec. 23.155,Elevator control force in maneuvers.,23-50,03/11/1996,Historical,Final Rule.  Docket No. 27807; Issued on 01/29/96.,3aaa1b61-dec7-41f8-939b-140698b1f542,https://drs.faa.gov/api/content/alf/3aaa1b61-dec7-41f8-939b-140698b1f542
Subpart B - Flight,Sec. 23.155,(Elevator control force in maneuvers.),23-14,12/20/1973,Historical,Final Rule.  Docket No. 11011; Issued on 11/07/73.,c58326af-6c75-40df-a4aa-eeb5acb6ca2d,https://drs.faa.gov/api/content/alf/c58326af-6c75-40df-a4aa-eeb5acb6ca2d
Subpart B - Flight,Sec. 23.157,Rate of roll.,23-45,09/07/1993,Historical,Final Rule.  Docket No. 26269; Issued on 07/28/93.,792dd781-5537-44b2-aed9-5d4a4f5b3c05,https://drs.faa.gov/api/content/alf/792dd781-5537-44b2-aed9-5d4a4f5b3c05
Subpart B - Flight,Sec. 23.157,Rate of roll.,23-50,03/11/1996,Historical,Final Rule.  Docket No. 27807; Issued on 01/29/96.,d249d489-3365-41d5-93bf-82a09d9dcd29,https://drs.faa.gov/api/content/alf/d249d489-3365-41d5-93bf-82a09d9dcd29
Subpart B - Flight,Sec. 23.157,(Rate of roll.),23-14,12/20/1973,Historical,Final Rule.  Docket No. 11011; Issued on 11/07/73.,cd94c108-dd06-421c-b303-e0fb5ae6410c,https://drs.faa.gov/api/content/alf/cd94c108-dd06-421c-b303-e0fb5ae6410c
Subpart B - Flight,Sec. 23.161,Trim.,23-14,12/20/1973,Historical,Final Rule.  Docket No. 11011; Issued on 11/07/73.,e4a8bef8-29a5-485f-938a-f9368a4513c7,https://drs.faa.gov/api/content/alf/e4a8bef8-29a5-485f-938a-f9368a4513c7
Subpart B - Flight,Sec. 23.161,Trim.,23-7,09/14/1969,Historical,Final Rule.  Docket No. 8083; Issued on 08/01/69.,d3d7a0c4-7e9e-4d77-9d71-13b3dab7dfca,https://drs.faa.gov/api/content/alf/d3d7a0c4-7e9e-4d77-9d71-13b3dab7dfca
Subpart B - Flight,Sec. 23.161,Trim.,Initial,02/01/1965,Historical,Final Rule.  Docket No. 4080;  Issued on 09/28/64.,314e7965-649c-414f-a77a-c4040c8e142d,https://drs.faa.gov/api/content/alf/314e7965-649c-414f-a77a-c4040c8e142d
Subpart B - Flight,Sec. 23.161,Trim.,23-42,02/04/1991,Historical,Final Rule.  Docket No. 25811; Issued on 12/21/90.,1a7622ae-58a5-4c8a-ac77-d68b2640b927,https://drs.faa.gov/api/content/alf/1a7622ae-58a5-4c8a-ac77-d68b2640b927
Subpart B - Flight,Sec. 23.161,Trim.,23-21,03/01/1978,Historical,"Final Rule.  Docket No. 14684, 14324; Issued on 01/09/78.",46b025dc-e658-46a8-ad6e-f8d6fe47c1f6,https://drs.faa.gov/api/content/alf/46b025dc-e658-46a8-ad6e-f8d6fe47c1f6
Subpart B - Flight,Sec. 23.161,Trim.,23-50,03/11/1996,Historical,Final Rule.  Docket No. 27807; Issued on 01/29/96.,4da009e2-36c2-46de-af74-c81b8af23898,https://drs.faa.gov/api/content/alf/4da009e2-36c2-46de-af74-c81b8af23898
Subpart B - Flight,Sec. 23.161,Trim.,23-34,02/17/1987,Historical,Final Rule.  Docket No. 23516; Issued on 01/08/87.,65e7b0e0-07ea-4466-9496-d4722732c002,https://drs.faa.gov/api/content/alf/65e7b0e0-07ea-4466-9496-d4722732c002
Subpart B - Flight,Sec. 23.171,General.,Initial,02/01/1965,Historical,Final Rule.  Docket No. 4080;  Issued on 09/28/64.,189c21d0-3ecc-4731-b0a5-ca2f666d6d6d,https://drs.faa.gov/api/content/alf/189c21d0-3ecc-4731-b0a5-ca2f666d6d6d
Subpart B - Flight,Sec. 23.173,Static longitudinal stability.,Initial,02/01/1965,Historical,Final Rule.  Docket No. 4080;  Issued on 09/28/64.,f8933566-69cc-486e-b0c9-468d4d24c544,https://drs.faa.gov/api/content/alf/f8933566-69cc-486e-b0c9-468d4d24c544
Subpart B - Flight,Sec. 23.173,Static longitudinal stability.,23-14,12/20/1973,Historical,Final Rule.  Docket No. 11011; Issued on 11/07/73.,f3d6202d-8b04-49e6-8bc2-df9c88b55550,https://drs.faa.gov/api/content/alf/f3d6202d-8b04-49e6-8bc2-df9c88b55550
Subpart B - Flight,Sec. 23.173,Static longitudinal stability.,23-34,02/17/1987,Historical,Final Rule.  Docket No. 23516; Issued on 01/08/87.,ea989a62-70d0-4382-bf06-fc0c083d5efe,https://drs.faa.gov/api/content/alf/ea989a62-70d0-4382-bf06-fc0c083d5efe
Subpart B - Flight,Sec. 23.175,Demonstration of static longitudinal stability.,23-7,09/14/1969,Historical,Final Rule.  Docket No. 8083; Issued on 08/01/69.,e5fba93a-60e9-4827-b411-860b46c3ab28,https://drs.faa.gov/api/content/alf/e5fba93a-60e9-4827-b411-860b46c3ab28
Subpart B - Flight,Sec. 23.175,Demonstration of static longitudinal stability.,23-45,09/07/1993,Historical,Final Rule.  Docket No. 26269; Issued on 07/28/93.,097cbdb8-620a-4e1c-812b-ea054595b33b,https://drs.faa.gov/api/content/alf/097cbdb8-620a-4e1c-812b-ea054595b33b
Subpart B - Flight,Sec. 23.175,Demonstration of static longitudinal stability.,23-34,02/17/1987,Historical,Final Rule.  Docket No. 23516; Issued on 01/08/87.,b5360d15-ae6e-4930-9204-6cac3464fb4e,https://drs.faa.gov/api/content/alf/b5360d15-ae6e-4930-9204-6cac3464fb4e
Subpart B - Flight,Sec. 23.175,Demonstration of static longitudinal stability.,Initial,02/01/1965,Historical,Final Rule.  Docket No. 4080;  Issued on 09/28/64.,d19902dc-740e-44ee-84e7-57e0d9e045d1,https://drs.faa.gov/api/content/alf/d19902dc-740e-44ee-84e7-57e0d9e045d1
Subpart B - Flight,Sec. 23.175,Demonstration of static longitudinal stability.,23-21,03/01/1978,Historical,"Final Rule.  Docket No. 14684, 14324; Issued on 01/09/78.",9262889d-0665-41de-98d5-775d3a893e64,https://drs.faa.gov/api/content/alf/9262889d-0665-41de-98d5-775d3a893e64
Subpart B - Flight,Sec. 23.175,Demonstration of static longitudinal stability.,23-14,12/20/1973,Historical,Final Rule.  Docket No. 11011; Issued on 11/07/73.,90b922c3-3a2f-4ff9-a385-5be653dcdb29,https://drs.faa.gov/api/content/alf/90b922c3-3a2f-4ff9-a385-5be653dcdb29
Subpart B - Flight,Sec. 23.175,Demonstration of static longitudinal stability.,23-17,02/01/1977,Historical,Final Rule.  Docket No. 14324; Issued on 12/13/76.,eeb2bca4-5ba4-4699-ae28-2119b8b0ef18,https://drs.faa.gov/api/content/alf/eeb2bca4-5ba4-4699-ae28-2119b8b0ef18
Subpart B - Flight,Sec. 23.175,Demonstration of static longitudinal stability.,23-50,03/11/1996,Historical,Final Rule.  Docket No. 27807; Issued on 01/29/96.,89ac91c6-730b-4db0-8f02-1c41982923a9,https://drs.faa.gov/api/content/alf/89ac91c6-730b-4db0-8f02-1c41982923a9
Subpart B - Flight,Sec. 23.177,Static directional and lateral stability.,23-62,01/31/2012,Historical,"Amendment 23-62, Published 12/2/2011",68e0dc15-5483-4f73-b4e6-d3afe1da90ae,https://drs.faa.gov/api/content/alf/68e0dc15-5483-4f73-b4e6-d3afe1da90ae
Subpart B - Flight,Sec. 23.177,Static directional and lateral stability.,23-45,09/07/1993,Historical,Final Rule.  Docket No. 26269; Issued on 07/28/93.,5a650480-db76-4cb4-bdf4-4a5d7fecb07a,https://drs.faa.gov/api/content/alf/5a650480-db76-4cb4-bdf4-4a5d7fecb07a
Subpart B - Flight,Sec. 23.177,Directional and lateral stability.,Initial,02/01/1965,Historical,Final Rule.  Docket No. 4080; Issued on 09/28/64.,657dd56d-fc0a-43a8-aa07-8a62acb622fe,https://drs.faa.gov/api/content/alf/657dd56d-fc0a-43a8-aa07-8a62acb622fe
Subpart B - Flight,Sec. 23.177,(Static directional and lateral stability.),23-21,03/01/1978,Historical,"Final Rule.  Docket No. 14684, 14324; Issued on 01/09/78.",bdc1e604-e12c-46e0-a3f3-495a57843073,https://drs.faa.gov/api/content/alf/bdc1e604-e12c-46e0-a3f3-495a57843073
Subpart B - Flight,Sec. 23.177,Static directional and lateral stability.,23-50,03/11/1996,Historical,Final Rule.  Docket No. 27807; Issued on 01/29/96.,28d1329d-92f9-488b-9c05-14e0a75d281e,https://drs.faa.gov/api/content/alf/28d1329d-92f9-488b-9c05-14e0a75d281e
Subpart B - Flight,Sec. 23.179,Instrumented stick force measurements.,Initial,02/01/1965,Historical,Final Rule.  Docket No. 4080; Issued on 09/28/64.,71272e9c-a8e7-4a58-91c1-30f69c00774c,https://drs.faa.gov/api/content/alf/71272e9c-a8e7-4a58-91c1-30f69c00774c
Subpart B - Flight,Sec. 23.179,Instrumented stick force measurements.,23-45,09/07/1993,Historical,Final Rule.  Docket No. 26269; Issued on 07/28/93.,457a6dd8-0f3a-49bd-b7b2-293aafb55ab0,https://drs.faa.gov/api/content/alf/457a6dd8-0f3a-49bd-b7b2-293aafb55ab0
Subpart B - Flight,Sec. 23.181,Dynamic longitudinal stability.,Initial,02/01/1965,Historical,Final Rule.  Docket No. 4080; Issued on 09/28/64.,736dd31d-affa-4f4c-9a36-2b64a08a7ac2,https://drs.faa.gov/api/content/alf/736dd31d-affa-4f4c-9a36-2b64a08a7ac2
Subpart B - Flight,Sec. 23.181,Dynamic stability.,23-62,01/31/2012,Historical,"Amendment 23-62, Published 12/2/2011",414e0cfa-b003-459e-b987-17b10f5d227f,https://drs.faa.gov/api/content/alf/414e0cfa-b003-459e-b987-17b10f5d227f
Subpart B - Flight,Sec. 23.181,Dynamic stability.,23-45,09/07/1993,Historical,Final Rule.  Docket No. 26269; Issued on 07/28/93.,84059ba6-ed6f-43f6-b2f0-f0e44454cb7c,https://drs.faa.gov/api/content/alf/84059ba6-ed6f-43f6-b2f0-f0e44454cb7c
Subpart B - Flight,Sec. 23.181,(Dynamic stability.),23-21,03/01/1978,Historical,"Final Rule.  Docket No. 14684, 14324; Issued on 01/09/78.",3141f915-c832-4949-895f-4dcbd1d7a76f,https://drs.faa.gov/api/content/alf/3141f915-c832-4949-895f-4dcbd1d7a76f
Subpart B - Flight,Sec. 23.201,Wings level stall.,23-62,01/31/2012,Historical,"Amendment 23-62, Published 12/2/2011",c829e9c1-d169-46c7-b609-c926c7c6b56b,https://drs.faa.gov/api/content/alf/c829e9c1-d169-46c7-b609-c926c7c6b56b
Subpart B - Flight,Sec. 23.201,Stall demonstration.,23-7,09/14/1969,Historical,Final Rule.  Docket No. 8083; Issued on 08/01/69.,cc8a5e94-2734-4295-9a36-dc3cdd8d6561,https://drs.faa.gov/api/content/alf/cc8a5e94-2734-4295-9a36-dc3cdd8d6561
Subpart B - Flight,Sec. 23.201,Wings level stall.,23-45,09/07/1993,Historical,Final Rule.  Docket No. 26269; Issued on 07/28/93.,5dc1dcc0-e706-41bd-a218-306d49a4bb29,https://drs.faa.gov/api/content/alf/5dc1dcc0-e706-41bd-a218-306d49a4bb29
Subpart B - Flight,Sec. 23.201,Stall demonstration.,Initial,02/01/1965,Historical,Final Rule.  Docket No. 4080; Issued on 09/28/64.,99036cf0-e35f-4e38-a957-425757ed48e3,https://drs.faa.gov/api/content/alf/99036cf0-e35f-4e38-a957-425757ed48e3
Subpart B - Flight,Sec. 23.201,Wings level stall.,23-50,03/11/1996,Historical,Final Rule.  Docket No. 27807; Issued on 01/29/96.,f3104c3f-efda-4b73-8bc4-a6018356cf96,https://drs.faa.gov/api/content/alf/f3104c3f-efda-4b73-8bc4-a6018356cf96
Subpart B - Flight,Sec. 23.201,(Wings level stall.),23-14,12/20/1973,Historical,Final Rule.  Docket No. 11011; Issued on 11/07/73.,c0a2fbf5-9524-4c10-9ae0-f9714d108342,https://drs.faa.gov/api/content/alf/c0a2fbf5-9524-4c10-9ae0-f9714d108342
Subpart B - Flight,Sec. 23.203,Turning flight and accelerated turning stalls.,23-62,01/31/2012,Historical,"Amendment 23-62, Published 12/2/2011",48c14f36-fb6f-4570-85e1-746acce6f83c,https://drs.faa.gov/api/content/alf/48c14f36-fb6f-4570-85e1-746acce6f83c
Subpart B - Flight,Sec. 23.203,Stall characteristics.,Initial,02/01/1965,Historical,Final Rule.  Docket No. 4080; Issued on 09/28/64.,dba8a708-d136-435e-b08d-f38c85b0965a,https://drs.faa.gov/api/content/alf/dba8a708-d136-435e-b08d-f38c85b0965a
Subpart B - Flight,Sec. 23.203,(Turning flight and accelerated stalls.),23-14,12/20/1973,Historical,Final Rule.  Docket No. 11011; Issued on 11/07/73.,42815554-9620-41ea-9b1b-a86f26819aeb,https://drs.faa.gov/api/content/alf/42815554-9620-41ea-9b1b-a86f26819aeb
Subpart B - Flight,Sec. 23.203,Turning flight and accelerated stalls.,23-45,09/07/1993,Historical,Final Rule.  Docket No. 26269; Issued on 07/28/93.,980ffcbf-c621-4d75-aae8-601f8825190b,https://drs.faa.gov/api/content/alf/980ffcbf-c621-4d75-aae8-601f8825190b
Subpart B - Flight,Sec. 23.203,Turning flight and accelerated turning stalls.,23-50,03/11/1996,Historical,Final Rule.  Docket No. 27807; Issued on 01/29/96.,865385d8-e906-4d7c-8ac3-d57945e78ccd,https://drs.faa.gov/api/content/alf/865385d8-e906-4d7c-8ac3-d57945e78ccd
Subpart B - Flight,Sec. 23.205,Removed.,23-50,03/11/1996,Historical,Final Rule.  Docket No. 27807; Issued on 01/29/96.,023b1917-c01d-4c07-8c3d-780dd2826f3f,https://drs.faa.gov/api/content/alf/023b1917-c01d-4c07-8c3d-780dd2826f3f
Subpart B - Flight,Sec. 23.205,Stalls: critical engine inoperative.,Initial,02/01/1965,Historical,Final Rule.  Docket No. 4080; Issued on 09/28/64.,ca946a6e-e34e-47bb-8edf-0f76f7749c26,https://drs.faa.gov/api/content/alf/ca946a6e-e34e-47bb-8edf-0f76f7749c26
Subpart B - Flight,Sec. 23.205,One-engine-inoperative stalls.,23-3,11/11/1965,Historical,Final Rule.  Docket No. 7012; Issued on 11/04/65.,cf6fec62-bfc2-47b5-862f-af20a875bafe,https://drs.faa.gov/api/content/alf/cf6fec62-bfc2-47b5-862f-af20a875bafe
Subpart B - Flight,Sec. 23.205,(Critical engine inoperative stalls.),23-14,12/20/1973,Historical,Final Rule.  Docket No. 11011; Issued on 11/07/73.,f2893cfd-aa7f-4e9f-ba23-72b0d182b0fd,https://drs.faa.gov/api/content/alf/f2893cfd-aa7f-4e9f-ba23-72b0d182b0fd
Subpart B - Flight,Sec. 23.205,Critical engine inoperative stalls.,23-45,09/07/1993,Historical,Final Rule.  Docket No. 26269; Issued on 07/28/93.,867d7a9f-462d-43a7-a5f9-93cdc5776cd3,https://drs.faa.gov/api/content/alf/867d7a9f-462d-43a7-a5f9-93cdc5776cd3
Subpart B - Flight,Sec. 23.207,Stall warning.,23-7,09/14/1969,Historical,Final Rule.  Docket No. 8083; Issued on 08/01/69.,6e1f42c0-f194-4313-9e06-0a064457c53f,https://drs.faa.gov/api/content/alf/6e1f42c0-f194-4313-9e06-0a064457c53f
Subpart B - Flight,Sec. 23.207,Stall warning.,Initial,02/01/1965,Historical,Final Rule.  Docket No. 4080; Issued on 09/28/64.,bc287b06-c1b8-4bd3-99da-51dc9831253b,https://drs.faa.gov/api/content/alf/bc287b06-c1b8-4bd3-99da-51dc9831253b
Subpart B - Flight,Sec. 23.207,Stall warning.,23-45,09/07/1993,Historical,Final Rule.  Docket No. 26269; Issued on 07/28/93.,d55174eb-2063-4ef1-a1db-ad8980372260,https://drs.faa.gov/api/content/alf/d55174eb-2063-4ef1-a1db-ad8980372260
Subpart B - Flight,Sec. 23.207,Stall warning.,23-50,03/11/1996,Historical,Final Rule.  Docket No. 27807; Issued on 01/29/96.,ac014dbf-01fa-4d98-8a4e-b5fdf183c4e7,https://drs.faa.gov/api/content/alf/ac014dbf-01fa-4d98-8a4e-b5fdf183c4e7
Subpart B - Flight,Sec. 23.221,Spinning.,Initial,02/01/1965,Historical,Final Rule.  Docket No. 4080; Issued on 09/28/64.,55639d32-d62d-4ed2-83be-f72e7f594acd,https://drs.faa.gov/api/content/alf/55639d32-d62d-4ed2-83be-f72e7f594acd
Subpart B - Flight,Sec. 23.221,Spinning.,23-50,03/11/1996,Historical,Final Rule.  Docket No. 27807; Issued on 01/29/96.,4ee8c467-edd3-4126-9114-7744fa1027a1,https://drs.faa.gov/api/content/alf/4ee8c467-edd3-4126-9114-7744fa1027a1
Subpart B - Flight,Sec. 23.221,Spinning.,23-42,02/04/1991,Historical,Final Rule.  Docket No. 25811; Issued on 12/21/90.,fa982ba3-6ee3-4bdb-88e2-c46ccf9c78f0,https://drs.faa.gov/api/content/alf/fa982ba3-6ee3-4bdb-88e2-c46ccf9c78f0
Subpart B - Flight,Sec. 23.221,Spinning.,23-7,09/14/1969,Historical,Final Rule.  Docket No. 8083; Issued on 08/01/69.,9583e123-eb65-442d-abf0-f31600d3b8e1,https://drs.faa.gov/api/content/alf/9583e123-eb65-442d-abf0-f31600d3b8e1
Subpart B - Flight,Sec. 23.231,Longitudinal stability and control.,Initial,02/01/1965,Historical,Final Rule.  Docket No. 4080; Issued on 09/28/64.,6d601dcd-bfa3-472a-8c6f-c5b3050d8682,https://drs.faa.gov/api/content/alf/6d601dcd-bfa3-472a-8c6f-c5b3050d8682
Subpart B - Flight,Sec. 23.233,Directional stability and control.,Initial,02/01/1965,Historical,Final Rule.  Docket No. 4080; Issued on 09/28/64.,7f22849e-41c9-47f8-b79a-8224e5b718dd,https://drs.faa.gov/api/content/alf/7f22849e-41c9-47f8-b79a-8224e5b718dd
Subpart B - Flight,Sec. 23.233,Directional stability and control.,23-50,03/11/1996,Historical,Final Rule.  Docket No. 27807; Issued on 01/29/96.,5c1e172a-810a-43e7-ab37-1b875cd3cc3b,https://drs.faa.gov/api/content/alf/5c1e172a-810a-43e7-ab37-1b875cd3cc3b
Subpart B - Flight,Sec. 23.233,Directional stability and control.,23-45,09/07/1993,Historical,Final Rule.  Docket No. 26269; Issued on 07/28/93.,9099a74b-8706-44ab-9cbe-01e4bb898263,https://drs.faa.gov/api/content/alf/9099a74b-8706-44ab-9cbe-01e4bb898263
Subpart B - Flight,Sec. 23.235,"Taxiing, [takeoff, and landing condition.]",23-45,09/07/1993,Historical,Final Rule.  Docket No. 26269; Issued on 07/28/93.,8b3db879-d17b-4b00-9f8b-97fd6560f612,https://drs.faa.gov/api/content/alf/8b3db879-d17b-4b00-9f8b-97fd6560f612
Subpart B - Flight,Sec. 23.235,Operation on unpaved surfaces.,23-50,03/11/1996,Historical,Final Rule.  Docket No. 27807; Issued on 01/29/96.,2f2f5f3d-4a94-4c7e-a727-79977d735827,https://drs.faa.gov/api/content/alf/2f2f5f3d-4a94-4c7e-a727-79977d735827
Subpart B - Flight,Sec. 23.235,Taxiing condition.,Initial,02/01/1965,Historical,Final Rule.  Docket No. 4080;  Issued on 09/28/64.,66c9c6b7-fc37-4f3d-8f8a-246e82db753e,https://drs.faa.gov/api/content/alf/66c9c6b7-fc37-4f3d-8f8a-246e82db753e
Subpart B - Flight,Sec. 23.237,Operation on water.,23-50,03/11/1996,Historical,Final Rule.  Docket No. 27807; Issued on 01/29/96.,52b145d1-03c7-4506-8d2d-22a9786c21f7,https://drs.faa.gov/api/content/alf/52b145d1-03c7-4506-8d2d-22a9786c21f7
Subpart B - Flight,Sec. 23.239,Spray characteristics.,Initial,02/01/1965,Historical,Final Rule.  Docket No. 4080;  Issued on 09/28/64.,3bd8ce7c-1c08-4b20-9b3a-2f1e26685c95,https://drs.faa.gov/api/content/alf/3bd8ce7c-1c08-4b20-9b3a-2f1e26685c95
Subpart B - Flight,Sec. 23.251,Vibration and buffeting.,23-62,01/31/2012,Historical,"Amendment 23-62, Published 12/2/2011",a095a4bb-363a-48e6-a628-792308ecaf23,https://drs.faa.gov/api/content/alf/a095a4bb-363a-48e6-a628-792308ecaf23
Subpart B - Flight,Sec. 23.251,Vibration and buffeting.,Initial,02/01/1965,Historical,Final Rule.  Docket No. 4080;  Issued on 09/28/64.,e106fe93-f62b-4934-b16a-05a49cfc78f5,https://drs.faa.gov/api/content/alf/e106fe93-f62b-4934-b16a-05a49cfc78f5
Subpart B - Flight,Sec. 23.251,Vibration and buffeting.,23-45,09/07/1993,Historical,Final Rule.  Docket No. 26269; Issued on 07/28/93.,059161d7-2483-4aaa-9702-9fcb8f02aa32,https://drs.faa.gov/api/content/alf/059161d7-2483-4aaa-9702-9fcb8f02aa32
Subpart B - Flight,Sec. 23.253,High speed characteristics.,23-26,10/14/1980,Historical,"Final Rule.  Docket No. 14779, 14324; Issued on 8/27/80.",f237816a-0f29-4e27-9168-c81e87a68cd4,https://drs.faa.gov/api/content/alf/f237816a-0f29-4e27-9168-c81e87a68cd4
Subpart B - Flight,Sec. 23.253,High speed characteristics.,23-7,09/14/1969,Historical,Final Rule.  Docket No. 8083; Issued on 08/01/69.,17a98477-8996-4308-8930-038ca4e7f180,https://drs.faa.gov/api/content/alf/17a98477-8996-4308-8930-038ca4e7f180
Subpart B - Flight,Sec. 23.253,High speed characteristics.,23-45,09/07/1993,Historical,Final Rule.  Docket No. 26269; Issued on 07/28/93.,64182526-31d1-4176-bb09-d74a8eeb3def,https://drs.faa.gov/api/content/alf/64182526-31d1-4176-bb09-d74a8eeb3def
Subpart B - Flight,Sec. 23.253,High speed characteristics.,23-62,01/31/2012,Historical,"Amendment 23-62, Published 12/2/2011",7792b5fd-db5b-4849-828f-2464cc31e91f,https://drs.faa.gov/api/content/alf/7792b5fd-db5b-4849-828f-2464cc31e91f
Subpart B - Flight,Sec. 23.253,High speed characteristics.,23-50,03/11/1996,Historical,Final Rule.  Docket No. 27807; Issued on 01/29/96.,22c17360-d604-4336-8b5a-369b8a1b6517,https://drs.faa.gov/api/content/alf/22c17360-d604-4336-8b5a-369b8a1b6517
Subpart B - Flight,Sec. 23.255,Out of trim characteristics.,23-62,01/31/2012,Historical,"Amendment 23-62, Published 12/2/2011",53053404-74c1-49e2-a989-923a82b936d5,https://drs.faa.gov/api/content/alf/53053404-74c1-49e2-a989-923a82b936d5
Subpart C - Structure,Sec. 23.301,Loads.,23-48,03/11/1996,Historical,Final Rule.  Docket No. 27805; Issued on 01/29/96.,474dfe0d-85b6-473a-839f-f4068c9299a6,https://drs.faa.gov/api/content/alf/474dfe0d-85b6-473a-839f-f4068c9299a6
Subpart C - Structure,Sec. 23.301,Loads.,23-42,02/04/1991,Historical,Final Rule.  Docket No. 25811; Issued on 12/21/90.,ecdf97af-d35e-437c-83e6-3117a3209fba,https://drs.faa.gov/api/content/alf/ecdf97af-d35e-437c-83e6-3117a3209fba
Subpart C - Structure,Sec. 23.301,Loads.,23-28,04/28/1982,Historical,Final Rule.  Docket No. 21129; Issued on 02/26/82.,0a5b7acc-2604-48de-bb19-4ef364d89485,https://drs.faa.gov/api/content/alf/0a5b7acc-2604-48de-bb19-4ef364d89485
Subpart C - Structure,Sec. 23.301,Loads.,Initial,02/01/1965,Historical,Final Rule.  Docket No. 4080;  Issued on 09/28/64.,779ae113-4c93-4818-8708-a6f6c830fa7d,https://drs.faa.gov/api/content/alf/779ae113-4c93-4818-8708-a6f6c830fa7d
Subpart C - Structure,Sec. 23.302,Canard or tandem wing configurations.,23-42,02/04/1991,Historical,Final Rule.  Docket No. 25811; Issued on 12/21/90.,1f76fc5d-b65f-4b7e-a9ef-8d70d27c48f7,https://drs.faa.gov/api/content/alf/1f76fc5d-b65f-4b7e-a9ef-8d70d27c48f7
Subpart C - Structure,Sec. 23.303,Factor of safety.,Initial,02/01/1965,Historical,Final Rule.  Docket No. 4080;  Issued on 09/28/64.,bf0b41ac-817f-4e04-9b52-246cb8edb45c,https://drs.faa.gov/api/content/alf/bf0b41ac-817f-4e04-9b52-246cb8edb45c
Subpart C - Structure,Sec. 23.305,Strength and deformation.,Initial,02/01/1965,Historical,Final Rule.  Docket No. 4080;  Issued on 09/28/64.,76b216b4-a15f-4617-af2e-0a9979c4b28c,https://drs.faa.gov/api/content/alf/76b216b4-a15f-4617-af2e-0a9979c4b28c
Subpart C - Structure,Sec. 23.305,Strength and deformation.,23-45,09/07/1993,Historical,Final Rule.  Docket No. 26269; Issued on 07/28/93.,24d05ba2-1f5b-47da-865f-e00ad2610dd6,https://drs.faa.gov/api/content/alf/24d05ba2-1f5b-47da-865f-e00ad2610dd6
Subpart C - Structure,Sec. 23.307,Proof of structure.,Initial,02/01/1965,Historical,Final Rule.  Docket No. 4080;  Issued on 09/28/64.,1f967f90-554a-4bea-8108-26f75fdbbf7d,https://drs.faa.gov/api/content/alf/1f967f90-554a-4bea-8108-26f75fdbbf7d
Subpart C - Structure,Sec. 23.321,General.,Initial,02/01/1965,Historical,Final Rule.  Docket No. 4080;  Issued on 09/28/64.,834026d0-fcc3-435d-a3e7-d28705abb0f6,https://drs.faa.gov/api/content/alf/834026d0-fcc3-435d-a3e7-d28705abb0f6
Subpart C - Structure,Sec. 23.321,General.,23-45,09/07/1993,Historical,Final Rule.  Docket No. 26269; Issued on 07/28/93.,e786a909-f86c-4d1d-a47f-acafd26de535,https://drs.faa.gov/api/content/alf/e786a909-f86c-4d1d-a47f-acafd26de535
Subpart C - Structure,Sec. 23.331,Symmetrical flight conditions.,Initial,02/01/1965,Historical,Final Rule.  Docket No. 4080;  Issued on 09/28/64.,ac248d53-ed8e-48f0-ae91-c7495bf919e1,https://drs.faa.gov/api/content/alf/ac248d53-ed8e-48f0-ae91-c7495bf919e1
Subpart C - Structure,Sec. 23.331,Symmetrical flight conditions.,23-42,02/04/1991,Historical,Final Rule.  Docket No. 25811; Issued on 12/21/90.,6e9c1d5c-881d-42f9-9c59-a87a6c11ca81,https://drs.faa.gov/api/content/alf/6e9c1d5c-881d-42f9-9c59-a87a6c11ca81
Subpart C - Structure,Sec. 23.333,Flight envelope.,Initial,02/01/1965,Historical,Final Rule.  Docket No. 4080;  Issued on 09/28/64.,1a50de54-f2e3-424d-938f-3e394d252c2d,https://drs.faa.gov/api/content/alf/1a50de54-f2e3-424d-938f-3e394d252c2d
Subpart C - Structure,Sec. 23.333,Flight envelope.,23-7,09/14/1969,Historical,Final Rule.  Docket No. 8083; Issued on 08/01/69.,3ddcba85-d624-464a-aca2-1b2e574df055,https://drs.faa.gov/api/content/alf/3ddcba85-d624-464a-aca2-1b2e574df055
Subpart C - Structure,Sec. 23.333,Flight envelope.,23-34,02/17/1987,Historical,Final Rule.  Docket No. 23516; Issued on 01/08/87.,cccd9819-739a-4c6f-b57b-debc9fad843a,https://drs.faa.gov/api/content/alf/cccd9819-739a-4c6f-b57b-debc9fad843a
Subpart C - Structure,Sec. 23.335,Design airspeeds.,23-34,02/17/1987,Historical,Final Rule.  Docket No. 23516; Issued on 01/08/87.,b9b54fca-9849-4c8d-bb20-6859a67b5225,https://drs.faa.gov/api/content/alf/b9b54fca-9849-4c8d-bb20-6859a67b5225
Subpart C - Structure,Sec. 23.335,Design airspeeds.,23-7,09/14/1969,Historical,Final Rule.  Docket No. 8083; Issued on 08/01/69.,4f4b954a-7005-4a22-a5bb-704f455358ac,https://drs.faa.gov/api/content/alf/4f4b954a-7005-4a22-a5bb-704f455358ac
Subpart C - Structure,Sec. 23.335,Design airspeeds.,23-48,03/11/1996,Historical,Final Rule.  Docket No. 27805; Issued on 01/29/96.,04e941b9-1f28-47e1-9488-fc4cc885dafb,https://drs.faa.gov/api/content/alf/04e941b9-1f28-47e1-9488-fc4cc885dafb
Subpart C - Structure,Sec. 23.335,Design airspeeds.,Initial,02/01/1965,Historical,Final Rule.  Docket No. 4080;  Issued on 09/28/64.,08ddb98d-cc9a-41c2-aef7-37a156c93015,https://drs.faa.gov/api/content/alf/08ddb98d-cc9a-41c2-aef7-37a156c93015
Subpart C - Structure,Sec. 23.335,Design airspeeds.,23-16,02/14/1975,Historical,Final Rule.  Docket No. 14052; Issued on 12/31/74.,961a9316-4a09-44be-bf19-d4cdc850569a,https://drs.faa.gov/api/content/alf/961a9316-4a09-44be-bf19-d4cdc850569a
Subpart C - Structure,Sec. 23.337,Limit maneuvering load factors.,23-34,02/17/1987,Historical,Final Rule.  Docket No. 23516; Issued on 01/08/87.,fd02c81c-aee4-445f-81c1-f9bf6317b580,https://drs.faa.gov/api/content/alf/fd02c81c-aee4-445f-81c1-f9bf6317b580
Subpart C - Structure,Sec. 23.337,Limit maneuvering load factors.,23-7,09/14/1969,Historical,Final Rule.  Docket No. 8083; Issued on 08/01/69.,f4781a10-a15a-4365-a53c-89675ff7e68e,https://drs.faa.gov/api/content/alf/f4781a10-a15a-4365-a53c-89675ff7e68e
Subpart C - Structure,Sec. 23.337,Limit maneuvering load factors.,23-48,03/11/1996,Historical,Final Rule.  Docket No. 27805; Issued on 01/29/96.,d7e22719-1ff5-44f2-92c0-13f9e26df9aa,https://drs.faa.gov/api/content/alf/d7e22719-1ff5-44f2-92c0-13f9e26df9aa
Subpart C - Structure,Sec. 23.337,Limit maneuvering load factors.,Initial,02/01/1965,Historical,Final Rule.  Docket No. 4080;  Issued on 09/28/64.,346e369d-29c7-412c-b48a-ae56ee30ecfe,https://drs.faa.gov/api/content/alf/346e369d-29c7-412c-b48a-ae56ee30ecfe
Subpart C - Structure,Sec. 23.341,Gust load factors.,Initial,02/01/1965,Historical,Final Rule.  Docket No. 4080;  Issued on 09/28/64.,5a4a5424-7b9c-4892-ad06-726b915ff320,https://drs.faa.gov/api/content/alf/5a4a5424-7b9c-4892-ad06-726b915ff320
Subpart C - Structure,Sec. 23.341,Gust load factors.,23-48,03/11/1996,Historical,Final Rule.  Docket No. 27805; Issued on 01/29/96.,b0256a00-7f6b-4c2a-893c-f5e3f1fdd35e,https://drs.faa.gov/api/content/alf/b0256a00-7f6b-4c2a-893c-f5e3f1fdd35e
Subpart C - Structure,Sec. 23.341,Gust load factors.,23-34,02/17/1987,Historical,Final Rule.  Docket No. 23516; Issued on 01/08/87.,519f5a84-f3ef-4957-8c78-1ed606704089,https://drs.faa.gov/api/content/alf/519f5a84-f3ef-4957-8c78-1ed606704089
Subpart C - Structure,Sec. 23.341,Gust load factors.,23-7,09/14/1969,Historical,Final Rule.  Docket No. 8083; Issued on 08/01/69.,e1a99bbf-bdc0-45ed-ad05-6f14f6203385,https://drs.faa.gov/api/content/alf/e1a99bbf-bdc0-45ed-ad05-6f14f6203385
Subpart C - Structure,Sec. 23.341,Gust load factors.,23-42,02/04/1991,Historical,Final Rule.  Docket No. 25811; Issued on 12/21/90.,f92607a5-eb04-45f6-bfe2-5217c91f216f,https://drs.faa.gov/api/content/alf/f92607a5-eb04-45f6-bfe2-5217c91f216f
Subpart C - Structure,Sec. 23.343,Design fuel loads.,23-48,03/11/1996,Historical,Final Rule.  Docket No. 27805; Issued on 01/29/96.,aa193159-74c1-47ee-b55e-99007790de6a,https://drs.faa.gov/api/content/alf/aa193159-74c1-47ee-b55e-99007790de6a
Subpart C - Structure,Sec. 23.345,High lift devices.,Initial,02/01/1965,Historical,Final Rule.  Docket No. 4080;  Issued on 09/28/64.,8575a353-1fd0-4eb5-bedb-130c34cb69d8,https://drs.faa.gov/api/content/alf/8575a353-1fd0-4eb5-bedb-130c34cb69d8
Subpart C - Structure,Sec. 23.345,High lift devices.,23-48,03/11/1996,Historical,Final Rule.  Docket No. 27805; Issued on 01/29/96.,ef40c63f-056d-4c1e-8b5e-6ba510926f61,https://drs.faa.gov/api/content/alf/ef40c63f-056d-4c1e-8b5e-6ba510926f61
Subpart C - Structure,Sec. 23.345,High lift devices.,23-7,09/14/1969,Historical,Final Rule.  Docket No. 8083; Issued on 08/01/69.,d7167098-a526-4d10-8e64-18f9e64505c4,https://drs.faa.gov/api/content/alf/d7167098-a526-4d10-8e64-18f9e64505c4
Subpart C - Structure,Sec. 23.345,High lift devices.,23-23,12/01/1978,Historical,"Final Rule.  Docket No. 14324, 14606, 14625, 14685, 14779; Issued on 10/20/78.",18e9579e-3b28-42ca-ad3d-fde257bbcae5,https://drs.faa.gov/api/content/alf/18e9579e-3b28-42ca-ad3d-fde257bbcae5
Subpart C - Structure,Sec. 23.347,Unsymmetrical flight conditions.,23-48,03/11/1996,Historical,Final Rule.  Docket No. 27805; Issued on 01/29/96.,438dadc3-8635-4c70-b4d5-6bb3aab3a238,https://drs.faa.gov/api/content/alf/438dadc3-8635-4c70-b4d5-6bb3aab3a238
Subpart C - Structure,Sec. 23.347,Unsymmetrical flight conditions.,Initial,02/01/1965,Historical,Final Rule.  Docket No. 4080;  Issued on 09/28/64.,68d32c34-0208-4de3-8da0-538f15f30e0e,https://drs.faa.gov/api/content/alf/68d32c34-0208-4de3-8da0-538f15f30e0e
Subpart C - Structure,Sec. 23.349,Rolling conditions.,23-34,02/17/1987,Historical,Final Rule.  Docket No. 23516; Issued on 01/08/87.,0975ed64-03da-421e-b27b-b91129056897,https://drs.faa.gov/api/content/alf/0975ed64-03da-421e-b27b-b91129056897
Subpart C - Structure,Sec. 23.349,Rolling conditions.,23-48,03/11/1996,Historical,Final Rule.  Docket No. 27805; Issued on 01/29/96.,594479b7-f296-4be4-8d9d-56fdc19221fa,https://drs.faa.gov/api/content/alf/594479b7-f296-4be4-8d9d-56fdc19221fa
Subpart C - Structure,Sec. 23.349,Rolling conditions.,23-7,09/14/1969,Historical,Final Rule.  Docket No. 8083; Issued on 08/01/69.,42d0f8ce-58ef-41ce-b1ef-e12b724c2bdb,https://drs.faa.gov/api/content/alf/42d0f8ce-58ef-41ce-b1ef-e12b724c2bdb
Subpart C - Structure,Sec. 23.349,Rolling conditions.,Initial,02/01/1965,Historical,Final Rule.  Docket No. 4080;  Issued on 09/28/64.,0e829781-b629-4aef-b060-83fc6938ba4a,https://drs.faa.gov/api/content/alf/0e829781-b629-4aef-b060-83fc6938ba4a
Subpart C - Structure,Sec. 23.351,Yawing conditions.,Initial,02/01/1965,Historical,Final Rule.  Docket No. 4080;  Issued on 09/28/64.,fd819323-bd3d-4f50-98f6-c180c02b0caf,https://drs.faa.gov/api/content/alf/fd819323-bd3d-4f50-98f6-c180c02b0caf
Subpart C - Structure,Sec. 23.351,Yawing conditions.,23-42,02/04/1991,Historical,Final Rule.  Docket No. 25811; Issued on 12/21/90.,a0edfe7a-1cf7-4a03-b7c6-e6692124d426,https://drs.faa.gov/api/content/alf/a0edfe7a-1cf7-4a03-b7c6-e6692124d426
Subpart C - Structure,Sec. 23.361,Engine torque.,23-7,09/14/1969,Historical,Final Rule.  Docket No. 8083; Issued on 08/01/69.,58a215af-6399-4c71-b92b-5554f02708ac,https://drs.faa.gov/api/content/alf/58a215af-6399-4c71-b92b-5554f02708ac
Subpart C - Structure,Sec. 23.361,Engine torque.,23-45,09/07/1993,Historical,Final Rule.  Docket No. 26269; Issued on 07/28/93.,e6c57619-568a-4bb0-9242-2bbf65963706,https://drs.faa.gov/api/content/alf/e6c57619-568a-4bb0-9242-2bbf65963706
Subpart C - Structure,Sec. 23.361,Engine torque.,23-26,10/14/1980,Historical,"Final Rule.  Docket No. 14779, 14324; Issued on 8/27/80.",cab177cb-ba24-4af2-8366-e44737f4a1ae,https://drs.faa.gov/api/content/alf/cab177cb-ba24-4af2-8366-e44737f4a1ae
Subpart C - Structure,Sec. 23.361,Engine torque.,Initial,02/01/1965,Historical,Final Rule.  Docket No. 4080;  Issued on 09/28/64.,3a950664-139a-4bc6-bc90-9c40cb4794a9,https://drs.faa.gov/api/content/alf/3a950664-139a-4bc6-bc90-9c40cb4794a9
Subpart C - Structure,Sec. 23.363,Side load on engine mount.,Initial,02/01/1965,Historical,Final Rule.  Docket No. 4080;  Issued on 09/28/64.,98fdd4f2-dde2-4f06-bab7-9e8e5a71407f,https://drs.faa.gov/api/content/alf/98fdd4f2-dde2-4f06-bab7-9e8e5a71407f
Subpart C - Structure,Sec. 23.365,Pressurized cabin loads.,Initial,02/01/1965,Historical,Final Rule.  Docket No. 4080;  Issued on 09/28/64.,77795bc5-b2c3-4681-b7ca-0b3c3e1feb76,https://drs.faa.gov/api/content/alf/77795bc5-b2c3-4681-b7ca-0b3c3e1feb76
Subpart C - Structure,Sec. 23.367,Unsymmetrical loads due to engine failure.,23-7,09/14/1969,Historical,Final Rule.  Docket No. 8083; Issued on 08/01/69.,105a7d7a-d26b-4092-bdf1-ee5d9e442055,https://drs.faa.gov/api/content/alf/105a7d7a-d26b-4092-bdf1-ee5d9e442055
Subpart C - Structure,Sec. 23.369,Special conditions for rear lift truss.,23-7,09/14/1969,Historical,Final Rule.  Docket No. 8083; Issued on 08/01/69.,222621bb-c7de-48d9-91c2-e4317c844e60,https://drs.faa.gov/api/content/alf/222621bb-c7de-48d9-91c2-e4317c844e60
Subpart C - Structure,Sec. 23.369,Special conditions for rear lift truss.,Initial,02/01/1965,Historical,Final Rule.  Docket No. 4080;  Issued on 09/28/64.,a835d702-5ce5-439a-9ac5-298e8e879181,https://drs.faa.gov/api/content/alf/a835d702-5ce5-439a-9ac5-298e8e879181
Subpart C - Structure,Sec. 23.369,Rear lift truss.,23-48,03/11/1996,Historical,Final Rule.  Docket No. 27805; Issued on 01/29/96.,f3012a78-f4b8-4eee-b25d-1b33d09f969b,https://drs.faa.gov/api/content/alf/f3012a78-f4b8-4eee-b25d-1b33d09f969b
Subpart C - Structure,Sec. 23.369,(Rear lift truss.),23-45,09/07/1993,Historical,Final Rule.  Docket No. 26269; Issued on 07/28/93.,117b2c53-100c-4838-885a-26f62e84cb67,https://drs.faa.gov/api/content/alf/117b2c53-100c-4838-885a-26f62e84cb67
Subpart C - Structure,Sec. 23.371,Gyroscopic and aerodynamic loads.,23-48,03/11/1996,Historical,Final Rule.  Docket No. 27805; Issued on 01/29/96.,efcc98ba-4b76-498a-9feb-1b010891d299,https://drs.faa.gov/api/content/alf/efcc98ba-4b76-498a-9feb-1b010891d299
Subpart C - Structure,Sec. 23.371,Gyroscopic loads.,23-26,10/14/1980,Historical,"Final Rule.  Docket No. 14779, 14324; Issued on 8/27/80.",ecaedf84-8d5f-4a82-9a09-124304b5bd6c,https://drs.faa.gov/api/content/alf/ecaedf84-8d5f-4a82-9a09-124304b5bd6c
Subpart C - Structure,Sec. 23.371,Gyroscopic [and aerodynamic loads.],23-45,09/07/1993,Historical,Final Rule.  Docket No. 26269; Issued on 07/28/93.,4c72c5a4-bf6d-41b2-9bb5-f1fa669f3618,https://drs.faa.gov/api/content/alf/4c72c5a4-bf6d-41b2-9bb5-f1fa669f3618
Subpart C - Structure,Sec. 23.371,Gyroscopic loads.,23-7,09/14/1969,Historical,Final Rule.  Docket No. 8083; Issued on 08/01/69.,67cc744d-666e-4a37-86c8-c7752a1ae989,https://drs.faa.gov/api/content/alf/67cc744d-666e-4a37-86c8-c7752a1ae989
Subpart C - Structure,Sec. 23.373,Speed control devices.,23-7,09/14/1969,Historical,Final Rule.  Docket No. 8083; Issued on 08/01/69.,11fb3144-744c-495e-98cf-e4dde73a32ba,https://drs.faa.gov/api/content/alf/11fb3144-744c-495e-98cf-e4dde73a32ba
Subpart C - Structure,Sec. 23.391,Control surface loads.,Initial,02/01/1965,Historical,Final Rule.  Docket No. 4080;  Issued on 09/28/64.,b2045fb6-2c00-4a78-a75d-88249a9946ce,https://drs.faa.gov/api/content/alf/b2045fb6-2c00-4a78-a75d-88249a9946ce
Subpart C - Structure,Sec. 23.391,Control surface loads.,23-48,03/11/1996,Historical,Final Rule.  Docket No. 27805; Issued on 01/29/96.,6d827a37-4f92-437d-ae4f-c409582e9a92,https://drs.faa.gov/api/content/alf/6d827a37-4f92-437d-ae4f-c409582e9a92
Subpart C - Structure,Sec. 23.393,Loads parallel to hinge line.,23-48,03/11/1996,Historical,Final Rule.  Docket No. 27805; Issued on 01/29/96.,40f54a07-9809-462f-be00-e972b932b88d,https://drs.faa.gov/api/content/alf/40f54a07-9809-462f-be00-e972b932b88d
Subpart C - Structure,Sec. 23.395,Control system.,Initial,02/01/1965,Historical,Final Rule.  Docket No. 4080;  Issued on 09/28/64.,804541d7-9c3b-4513-8ffc-98bdb59e6a09,https://drs.faa.gov/api/content/alf/804541d7-9c3b-4513-8ffc-98bdb59e6a09
Subpart C - Structure,Sec. 23.395,Control system [loads.],23-7,09/14/1969,Historical,Final Rule.  Docket No. 8083; Issued on 08/01/69.,83b82636-c5bf-4a8a-95b7-8ba472e36718,https://drs.faa.gov/api/content/alf/83b82636-c5bf-4a8a-95b7-8ba472e36718
Subpart C - Structure,Sec. 23.397,Limit pilot forces.,23-7,09/14/1969,Historical,Final Rule.  Docket No. 8083; Issued on 08/01/69.,a67f20c3-74ac-4b16-9a3e-e7ecef063a02,https://drs.faa.gov/api/content/alf/a67f20c3-74ac-4b16-9a3e-e7ecef063a02
Subpart C - Structure,Sec. 23.397,Control system loads.,Initial,02/01/1965,Historical,Final Rule.  Docket No. 4080;  Issued on 09/28/64.,b7881b69-3b88-4c60-9bed-4fd75a61ac2a,https://drs.faa.gov/api/content/alf/b7881b69-3b88-4c60-9bed-4fd75a61ac2a
Subpart C - Structure,Sec. 23.397,Limit control forces and torques.,23-34,02/17/1987,Historical,Final Rule.  Docket No. 23516; Issued on 01/08/87.,d70b6c2f-4fba-416e-839e-1a81803831ba,https://drs.faa.gov/api/content/alf/d70b6c2f-4fba-416e-839e-1a81803831ba
Subpart C - Structure,Sec. 23.397,Limit control forces and torques.,23-45,09/07/1993,Historical,Final Rule.  Docket No. 26269; Issued on 07/28/93.,dbd86521-c15a-4974-afe2-26d528d1d073,https://drs.faa.gov/api/content/alf/dbd86521-c15a-4974-afe2-26d528d1d073
Subpart C - Structure,Sec. 23.397,Limit [control forces and torques.],23-17,02/01/1977,Historical,Final Rule.  Docket No. 14324; Issued on 12/13/76.,4711b733-58c7-42d5-9635-ae1a6ab756bb,https://drs.faa.gov/api/content/alf/4711b733-58c7-42d5-9635-ae1a6ab756bb
Subpart C - Structure,Sec. 23.399,Dual control system.,Initial,02/01/1965,Historical,Final Rule.  Docket No. 4080;  Issued on 09/28/64.,325e04be-8528-46ba-900d-8c07217f75af,https://drs.faa.gov/api/content/alf/325e04be-8528-46ba-900d-8c07217f75af
Subpart C - Structure,Sec. 23.399,Dual control system.,23-48,03/11/1996,Historical,Final Rule.  Docket No. 27805; Issued on 01/29/96.,ed5d1e34-9c1a-4071-a475-ee5d5b145568,https://drs.faa.gov/api/content/alf/ed5d1e34-9c1a-4071-a475-ee5d5b145568
Subpart C - Structure,Sec. 23.405,Secondary control system.,Initial,02/01/1965,Historical,Final Rule.  Docket No. 4080;  Issued on 09/28/64.,0c0c51bc-444b-49f5-b869-0c346322b6d1,https://drs.faa.gov/api/content/alf/0c0c51bc-444b-49f5-b869-0c346322b6d1
Subpart C - Structure,Sec. 23.407,Trim tab effects.,Initial,02/01/1965,Historical,Final Rule.  Docket No. 4080;  Issued on 09/28/64.,558304ad-684f-449b-89e9-195afa579ac6,https://drs.faa.gov/api/content/alf/558304ad-684f-449b-89e9-195afa579ac6
Subpart C - Structure,Sec. 23.409,Tabs.,Initial,02/01/1965,Historical,Final Rule.  Docket No. 4080;  Issued on 09/28/64.,db96dc85-8c21-4b78-a43c-686e393b6351,https://drs.faa.gov/api/content/alf/db96dc85-8c21-4b78-a43c-686e393b6351
Subpart C - Structure,Sec. 23.415,Ground gust conditions.,23-48,07/25/2017,Historical,"Doc. No. 4080, 29 FR 17955, Dec. 18, 1964, as amended by Amdt. 23-7, 34 FR 13089, Aug. 13, 1969; Amdt. 23-45, 58 FR 42160, Aug. 6, 1993; Amdt. 23-48, 61 FR 5145, Feb. 9, 1996",3559a96a-311f-4af6-b74d-00e674b68338,https://drs.faa.gov/api/content/alf/3559a96a-311f-4af6-b74d-00e674b68338
Subpart C - Structure,Sec. 23.415,Ground gust conditions.,23-48,03/11/1996,Historical,Final Rule.  Docket No. 27805; Issued on 01/29/96.,d2a9ea63-5f30-43b3-96be-b3ac4eeb537c,https://drs.faa.gov/api/content/alf/d2a9ea63-5f30-43b3-96be-b3ac4eeb537c
Subpart C - Structure,Sec. 23.415,Ground gust conditions.,Initial,02/01/1965,Historical,Final Rule.  Docket No. 4080;  Issued on 09/28/64.,18068dda-476c-44d5-b209-5c107ed80a8e,https://drs.faa.gov/api/content/alf/18068dda-476c-44d5-b209-5c107ed80a8e
Subpart C - Structure,Sec. 23.415,Ground gust conditions.,23-45,09/07/1993,Historical,Final Rule.  Docket No. 26269; Issued on 07/28/93.,29b49f79-2bac-4204-b6ba-6f0488abd25f,https://drs.faa.gov/api/content/alf/29b49f79-2bac-4204-b6ba-6f0488abd25f
Subpart C - Structure,Sec. 23.415,Ground gust conditions.,23-7,09/14/1969,Historical,Final Rule.  Docket No. 8083; Issued on 08/01/69.,058a034d-5de0-4cca-bc60-a46ee3da0c7c,https://drs.faa.gov/api/content/alf/058a034d-5de0-4cca-bc60-a46ee3da0c7c
Subpart C - Structure,Sec. 23.421,Balancing loads.,23-42,02/04/1991,Historical,,9f81b512-2169-4b97-8066-51faefe0b81a,https://drs.faa.gov/api/content/alf/9f81b512-2169-4b97-8066-51faefe0b81a
Subpart C - Structure,Sec. 23.421,Balancing loads.,23-7,09/14/1969,Historical,Final Rule.  Docket No. 8083; Issued on 08/01/69.,f825b0c0-9e32-43c9-b627-3ba09fe15fd5,https://drs.faa.gov/api/content/alf/f825b0c0-9e32-43c9-b627-3ba09fe15fd5
Subpart C - Structure,Sec. 23.421,Balancing loads.,Initial,02/01/1965,Historical,Final Rule.  Docket No. 4080;  Issued on 09/28/64.,5431f3cc-3dd0-42a7-b99b-2991be41ceda,https://drs.faa.gov/api/content/alf/5431f3cc-3dd0-42a7-b99b-2991be41ceda
Subpart C - Structure,Sec. 23.423,Maneuvering loads.,23-42,02/04/1991,Historical,Final Rule.  Docket No. 25811; Issued on 12/21/90.,301501d8-c4e7-40a5-a597-85e394cfc51f,https://drs.faa.gov/api/content/alf/301501d8-c4e7-40a5-a597-85e394cfc51f
Subpart C - Structure,Sec. 23.423,Maneuvering loads.,23-7,09/14/1969,Historical,Final Rule.  Docket No. 8083; Issued on 08/01/69.,4eb13001-80e3-4cb9-af55-554ce76a09c7,https://drs.faa.gov/api/content/alf/4eb13001-80e3-4cb9-af55-554ce76a09c7
Subpart C - Structure,Sec. 23.423,Maneuvering loads.,Initial,02/01/1965,Historical,Final Rule.  Docket No. 4080;  Issued on 09/28/64.,2ca279ef-10ca-4759-9204-2c53223ca1c7,https://drs.faa.gov/api/content/alf/2ca279ef-10ca-4759-9204-2c53223ca1c7
Subpart C - Structure,Sec. 23.425,Gust loads.,23-7,09/14/1969,Historical,Final Rule.  Docket No. 8083; Issued on 08/01/69.,cfd9007c-315d-4735-81f5-d5dc79233b4a,https://drs.faa.gov/api/content/alf/cfd9007c-315d-4735-81f5-d5dc79233b4a
Subpart C - Structure,Sec. 23.425,Gust loads.,Initial,02/01/1965,Historical,Final Rule.  Docket No. 4080;  Issued on 09/28/64.,9186ed7b-6fb2-4f04-b6bc-27fdaaee85ef,https://drs.faa.gov/api/content/alf/9186ed7b-6fb2-4f04-b6bc-27fdaaee85ef
Subpart C - Structure,Sec. 23.425,Gust loads.,23-42,02/04/1991,Historical,Final Rule.  Docket No. 25811; Issued on 12/21/90.,177980ac-e159-4c3f-8105-4b233addae36,https://drs.faa.gov/api/content/alf/177980ac-e159-4c3f-8105-4b233addae36
Subpart C - Structure,Sec. 23.427,Unsymmetrical loads.,23-14,12/20/1973,Historical,Final Rule.  Docket No. 11011; Issued on 11/07/73.,ac698eb5-f3c0-4725-8ce8-e87de068859a,https://drs.faa.gov/api/content/alf/ac698eb5-f3c0-4725-8ce8-e87de068859a
Subpart C - Structure,Sec. 23.427,Unsymmetrical loads.,23-42,02/04/1991,Historical,Final Rule.  Docket No. 25811; Issued on 12/21/90.,42d728da-8e8a-40a8-b5f9-c5cbb86ed524,https://drs.faa.gov/api/content/alf/42d728da-8e8a-40a8-b5f9-c5cbb86ed524
Subpart C - Structure,Sec. 23.427,Unsymmetrical loads.,Initial,02/01/1965,Historical,Final Rule.  Docket No. 4080;  Issued on 09/28/64.,86620649-6dc6-4de9-b45f-797423e84dde,https://drs.faa.gov/api/content/alf/86620649-6dc6-4de9-b45f-797423e84dde
Subpart C - Structure,Sec. 23.441,Maneuvering loads.,23-42,02/04/1991,Historical,Final Rule.  Docket No. 25811; Issued on 12/21/90.,a64dc02d-43e2-42ff-8ce4-cc16266ba2d3,https://drs.faa.gov/api/content/alf/a64dc02d-43e2-42ff-8ce4-cc16266ba2d3
Subpart C - Structure,Sec. 23.441,Maneuvering loads.,Initial,02/01/1965,Historical,Final Rule.  Docket No. 4080;  Issued on 09/28/64.,f6db247e-bef8-4b9a-bb04-8e46e5876be6,https://drs.faa.gov/api/content/alf/f6db247e-bef8-4b9a-bb04-8e46e5876be6
Subpart C - Structure,Sec. 23.441,Maneuvering loads.,23-28,04/28/1982,Historical,Final Rule.  Docket No. 21129; Issued on 02/26/82.,b83e8561-337b-462c-893d-5107e92b8351,https://drs.faa.gov/api/content/alf/b83e8561-337b-462c-893d-5107e92b8351
Subpart C - Structure,Sec. 23.441,Maneuvering loads.,23-14,12/20/1973,Historical,Final Rule.  Docket No. 11011; Issued on 11/07/73.,2dd57d31-1d46-4fce-b975-ae1d392b36a3,https://drs.faa.gov/api/content/alf/2dd57d31-1d46-4fce-b975-ae1d392b36a3
Subpart C - Structure,Sec. 23.441,Maneuvering loads.,23-7,09/14/1969,Historical,Final Rule.  Docket No. 8083; Issued on 08/01/69.,f9690316-22ec-440a-a0d8-7216ba35f44e,https://drs.faa.gov/api/content/alf/f9690316-22ec-440a-a0d8-7216ba35f44e
Subpart C - Structure,Sec. 23.441,Maneuvering loads.,23-48,03/11/1996,Historical,Final Rule.  Docket No. 27805; Issued on 01/29/96.,e9206756-6bbf-43cf-aa04-a34d985640ee,https://drs.faa.gov/api/content/alf/e9206756-6bbf-43cf-aa04-a34d985640ee
Subpart C - Structure,Sec. 23.443,Gust loads.,Initial,02/01/1965,Historical,Final Rule.  Docket No. 4080;  Issued on 09/28/64.,707c955d-9f20-4932-8801-ca1135ef8139,https://drs.faa.gov/api/content/alf/707c955d-9f20-4932-8801-ca1135ef8139
Subpart C - Structure,Sec. 23.443,Gust loads.,23-34,02/17/1987,Historical,Final Rule.  Docket No. 23516; Issued on 01/08/87.,fdb89547-b285-4216-8605-027832057b51,https://drs.faa.gov/api/content/alf/fdb89547-b285-4216-8605-027832057b51
Subpart C - Structure,Sec. 23.443,Gust loads.,23-42,02/04/1991,Historical,Final Rule.  Docket No. 25811; Issued on 12/21/90.,5a12fafb-0441-4b66-82e8-ed3d7fdf0107,https://drs.faa.gov/api/content/alf/5a12fafb-0441-4b66-82e8-ed3d7fdf0107
Subpart C - Structure,Sec. 23.443,Gust loads.,23-48,03/11/1996,Historical,Final Rule.  Docket No. 27805; Issued on 01/29/96.,369786c8-c84e-4abb-b505-a9689f7136ec,https://drs.faa.gov/api/content/alf/369786c8-c84e-4abb-b505-a9689f7136ec
Subpart C - Structure,Sec. 23.443,Gust loads.,23-7,09/14/1969,Historical,Final Rule. Docket No. 8083; Issued on 08/01/69.,cc759d72-17ec-43a4-a8d3-c795af22e6f8,https://drs.faa.gov/api/content/alf/cc759d72-17ec-43a4-a8d3-c795af22e6f8
Subpart C - Structure,Sec. 23.445,Outboard fins.,23-14,12/20/1973,Historical,Final Rule.  Docket No. 11011; Issued on 11/07/73.,fdf0d417-a879-43ae-a429-356cf39d43be,https://drs.faa.gov/api/content/alf/fdf0d417-a879-43ae-a429-356cf39d43be
Subpart C - Structure,Sec. 23.445,Outboard fins [or winglets.],23-42,02/04/1991,Historical,Final Rule.  Docket No. 25811; Issued on 12/21/90.,71d29947-c1bb-4212-aae1-e747e0ee3723,https://drs.faa.gov/api/content/alf/71d29947-c1bb-4212-aae1-e747e0ee3723
Subpart C - Structure,Sec. 23.445,Outboard fins.,Initial,02/01/1965,Historical,Final Rule.  Docket No. 4080;  Issued on 09/28/64.,569f8b7a-6096-4379-b28b-61ab7c87fd35,https://drs.faa.gov/api/content/alf/569f8b7a-6096-4379-b28b-61ab7c87fd35
Subpart C - Structure,Sec. 23.455,Ailerons.,23-42,02/04/1991,Historical,Final Rule.  Docket No. 25811; Issued on 12/21/90.,82a1e09a-a7fc-40f0-84b7-be36aff1597a,https://drs.faa.gov/api/content/alf/82a1e09a-a7fc-40f0-84b7-be36aff1597a
Subpart C - Structure,Sec. 23.455,Ailerons.,23-7,09/14/1969,Historical,Final Rule.  Docket No. 8083; Issued on 08/01/69.,8ffa58d9-c069-4077-9b59-4afd8bc22d9e,https://drs.faa.gov/api/content/alf/8ffa58d9-c069-4077-9b59-4afd8bc22d9e
Subpart C - Structure,Sec. 23.455,Ailerons.,Initial,02/01/1965,Historical,Final Rule.  Docket No. 4080;  Issued on 09/28/64.,c0d3ab68-2dfb-4d68-a9cd-5405a8f2c5b6,https://drs.faa.gov/api/content/alf/c0d3ab68-2dfb-4d68-a9cd-5405a8f2c5b6
Subpart C - Structure,Sec. 23.455,Ailerons.,23-48,03/11/1996,Historical,Final Rule.  Docket No. 27805; Issued on 01/29/96.,b98f0c24-8aa6-43fd-a2cc-fb9e59eddb3b,https://drs.faa.gov/api/content/alf/b98f0c24-8aa6-43fd-a2cc-fb9e59eddb3b
Subpart C - Structure,Sec. 23.457,Wing flaps.,Initial,02/01/1965,Historical,Final Rule.  Docket No. 4080;  Issued on 09/28/64.,348a1c4b-f8e9-4dbe-b070-d735f22e3fa3,https://drs.faa.gov/api/content/alf/348a1c4b-f8e9-4dbe-b070-d735f22e3fa3
Subpart C - Structure,Sec. 23.457,Removed.,23-48,03/11/1996,Historical,Final Rule.  Docket No. 27805; Issued on 01/29/96.,c3eb1496-478a-4e4a-b426-02fb3ecc7d40,https://drs.faa.gov/api/content/alf/c3eb1496-478a-4e4a-b426-02fb3ecc7d40
Subpart C - Structure,Sec. 23.459,Special devices.,Initial,02/01/1965,Historical,Final Rule.  Docket No. 4080;  Issued on 09/28/64.,313f4876-a484-4882-8931-3b9aa8c95528,https://drs.faa.gov/api/content/alf/313f4876-a484-4882-8931-3b9aa8c95528
Subpart C - Structure,Sec. 23.471,General.,Initial,02/01/1965,Historical,Final Rule.  Docket No. 4080;  Issued on 09/28/64.,d1a73526-4bd1-4bfd-8540-f24ec760967b,https://drs.faa.gov/api/content/alf/d1a73526-4bd1-4bfd-8540-f24ec760967b
Subpart C - Structure,Sec. 23.473,Ground load conditions and assumptions.,23-7,09/14/1969,Historical,Final Rule.  Docket No. 8083; Issued on 08/01/69.,d38669ed-ccb6-4fd1-b98b-ad432fd096e1,https://drs.faa.gov/api/content/alf/d38669ed-ccb6-4fd1-b98b-ad432fd096e1
Subpart C - Structure,Sec. 23.473,Ground load conditions and assumptions.,Initial,02/01/1965,Historical,Final Rule.  Docket No. 4080;  Issued on 09/28/64.,e616706d-173e-4226-84e8-db3ca2e3f39f,https://drs.faa.gov/api/content/alf/e616706d-173e-4226-84e8-db3ca2e3f39f
Subpart C - Structure,Sec. 23.473,Ground load conditions and assumptions.,23-28,04/28/1982,Historical,Final Rule.  Docket No. 21129; Issued on 02/26/82.,f3188edf-fb76-42c9-a617-5b98431c84c1,https://drs.faa.gov/api/content/alf/f3188edf-fb76-42c9-a617-5b98431c84c1
Subpart C - Structure,Sec. 23.473,Ground load conditions and assumptions.,23-48,03/11/1996,Historical,Final Rule.  Docket No. 27805; Issued on 01/29/96.,e998509c-093d-4280-965c-620e2e14e3ce,https://drs.faa.gov/api/content/alf/e998509c-093d-4280-965c-620e2e14e3ce
Subpart C - Structure,Sec. 23.473,Ground load conditions and assumptions.,23-45,09/07/1993,Historical,Final Rule.  Docket No. 26269; Issued on 07/28/93.,1fe654c2-836f-41a1-8ed7-3d1a026d1aac,https://drs.faa.gov/api/content/alf/1fe654c2-836f-41a1-8ed7-3d1a026d1aac
Subpart C - Structure,Sec. 23.477,Landing gear arrangement.,Initial,02/01/1965,Historical,Final Rule.  Docket No. 4080;  Issued on 09/28/64.,964c5bb4-687f-430a-b7d6-b51f09ec3bd9,https://drs.faa.gov/api/content/alf/964c5bb4-687f-430a-b7d6-b51f09ec3bd9
Subpart C - Structure,Sec. 23.479,Level landing conditions.,23-45,09/07/1993,Historical,Final Rule.  Docket No. 26269; Issued on 07/28/93.,a4ce9ed1-27e8-4cea-ae1a-c019f03344d8,https://drs.faa.gov/api/content/alf/a4ce9ed1-27e8-4cea-ae1a-c019f03344d8
Subpart C - Structure,Sec. 23.479,Level landing conditions.,23-17,02/01/1977,Historical,Final Rule.  Docket No. 14324; Issued on 12/13/76.,fd4e307a-3aa0-491a-9c99-0b66c8b0baf9,https://drs.faa.gov/api/content/alf/fd4e307a-3aa0-491a-9c99-0b66c8b0baf9
Subpart C - Structure,Sec. 23.479,Level landing conditions.,Initial,02/01/1965,Historical,Final Rule.  Docket No. 4080;  Issued on 09/28/64.,2f09a6e3-0435-4c63-bf03-7bf7e9d90400,https://drs.faa.gov/api/content/alf/2f09a6e3-0435-4c63-bf03-7bf7e9d90400
Subpart C - Structure,Sec. 23.481,Tail down landing conditions.,Initial,02/01/1965,Historical,Final Rule.  Docket No. 4080;  Issued on 09/28/64.,51bb6c28-0d63-43e0-901e-260d85927829,https://drs.faa.gov/api/content/alf/51bb6c28-0d63-43e0-901e-260d85927829
Subpart C - Structure,Sec. 23.483,One-wheel landing conditions.,Initial,02/01/1965,Historical,Final Rule.  Docket No. 4080;  Issued on 09/28/64.,c0863eee-89a6-4bfc-8805-6b6d76f4c198,https://drs.faa.gov/api/content/alf/c0863eee-89a6-4bfc-8805-6b6d76f4c198
Subpart C - Structure,Sec. 23.485,Side load conditions.,Initial,02/01/1965,Historical,Final Rule.  Docket No. 4080;  Issued on 09/28/64.,b50101ec-e528-4fda-908f-504644b1d481,https://drs.faa.gov/api/content/alf/b50101ec-e528-4fda-908f-504644b1d481
Subpart C - Structure,Sec. 23.485,Side load conditions.,23-45,09/07/1993,Historical,Final Rule.  Docket No. 26269; Issued on 07/28/93.,1ff9b35e-33bc-4bef-adf3-536f306ed5ea,https://drs.faa.gov/api/content/alf/1ff9b35e-33bc-4bef-adf3-536f306ed5ea
Subpart C - Structure,Sec. 23.493,Braked roll conditions.,Initial,02/01/1965,Historical,Final Rule.  Docket No. 4080;  Issued on 09/28/64.,4326ac12-9578-4ac7-ba5e-6e830462be80,https://drs.faa.gov/api/content/alf/4326ac12-9578-4ac7-ba5e-6e830462be80
Subpart C - Structure,Sec. 23.497,Supplementary conditions for tail wheels.,23-48,03/11/1996,Historical,Final Rule.  Docket No. 27805; Issued on 01/29/96.,3b45b4b8-fe9f-41c3-b134-a4cdc563ea6f,https://drs.faa.gov/api/content/alf/3b45b4b8-fe9f-41c3-b134-a4cdc563ea6f
Subpart C - Structure,Sec. 23.497,Supplementary conditions for tail wheels.,Initial,02/01/1965,Historical,Final Rule.  Docket No. 4080;  Issued on 09/28/64.,9886a654-7063-4788-8a4d-f1d2c07b5743,https://drs.faa.gov/api/content/alf/9886a654-7063-4788-8a4d-f1d2c07b5743
Subpart C - Structure,Sec. 23.499,Supplementary conditions for nose wheels.,Initial,02/01/1965,Historical,Final Rule.  Docket No. 4080;  Issued on 09/28/64.,866fa8e0-16d7-42e1-b8d4-a7dba8df1f81,https://drs.faa.gov/api/content/alf/866fa8e0-16d7-42e1-b8d4-a7dba8df1f81
Subpart C - Structure,Sec. 23.499,Supplementary conditions for nose wheels.,23-48,03/11/1996,Historical,Final Rule.  Docket No. 27805; Issued on 01/29/96.,8443182c-e391-42ea-8cc9-6ca1fc38944f,https://drs.faa.gov/api/content/alf/8443182c-e391-42ea-8cc9-6ca1fc38944f
Subpart C - Structure,Sec. 23.505,Supplementary conditions for skiplanes.,23-7,09/14/1969,Historical,Final Rule.  Docket No. 8083; Issued on 08/01/69.,0adf6a64-b354-4fc4-acaa-e4a6e280cfb2,https://drs.faa.gov/api/content/alf/0adf6a64-b354-4fc4-acaa-e4a6e280cfb2
Subpart C - Structure,Sec. 23.505,Supplementary conditions for skiplanes.,Initial,02/01/1965,Historical,Final Rule.  Docket No. 4080;  Issued on 09/28/64.,1d0d6d1b-210e-4d87-94ba-e9bcd42ba5f9,https://drs.faa.gov/api/content/alf/1d0d6d1b-210e-4d87-94ba-e9bcd42ba5f9
Subpart C - Structure,Sec. 23.507,Jacking loads.,23-14,12/20/1973,Historical,Final Rule.  Docket No. 11011; Issued on 11/07/73.,fba9173e-3045-417f-a286-18b422bb6e91,https://drs.faa.gov/api/content/alf/fba9173e-3045-417f-a286-18b422bb6e91
Subpart C - Structure,Sec. 23.509,Towing loads.,23-14,12/20/1973,Historical,Final Rule.  Docket No. 11011; Issued on 11/07/73.,63869f3c-9a69-46d4-bc54-777d0bc312ec,https://drs.faa.gov/api/content/alf/63869f3c-9a69-46d4-bc54-777d0bc312ec
Subpart C - Structure,Sec. 23.511,Ground load; unsymmetrical loads on multiple-wheel units.,23-7,09/14/1969,Historical,Final Rule.  Docket No. 8083; Issued on 08/01/69.,53970fcc-7a3d-4761-8974-00aa91dcd928,https://drs.faa.gov/api/content/alf/53970fcc-7a3d-4761-8974-00aa91dcd928
Subpart C - Structure,Sec. 23.521,Water load conditions.,Initial,02/01/1965,Historical,Final Rule.  Docket No. 4080;  Issued on 09/28/64.,5d1cdf0d-4228-46c8-909c-0de6e7d1f8e9,https://drs.faa.gov/api/content/alf/5d1cdf0d-4228-46c8-909c-0de6e7d1f8e9
Subpart C - Structure,Sec. 23.521,Water load conditions.,23-48,03/11/1996,Historical,Final Rule.  Docket No. 27805; Issued on 01/29/96.,13d2ca48-c22b-46c9-b1f1-66cc2576686e,https://drs.faa.gov/api/content/alf/13d2ca48-c22b-46c9-b1f1-66cc2576686e
Subpart C - Structure,Sec. 23.521,Water load conditions.,23-45,09/07/1993,Historical,Final Rule.  Docket No. 26269; Issued on 07/28/93.,4f40a9b1-7aa0-456c-81d4-5efb430d5bcc,https://drs.faa.gov/api/content/alf/4f40a9b1-7aa0-456c-81d4-5efb430d5bcc
Subpart C - Structure,Sec. 23.523,Design weights and center of gravity positions.,23-45,09/07/1993,Historical,Final Rule.  Docket No. 26269; Issued on 07/28/93.,ac794cfc-db55-497d-aaec-6634df6cec14,https://drs.faa.gov/api/content/alf/ac794cfc-db55-497d-aaec-6634df6cec14
Subpart C - Structure,Sec. 23.525,(Application of loads.),23-45,09/07/1993,Historical,Final Rule.  Docket No. 26269; Issued on 07/28/93.,9d6831e5-279e-40dd-9b57-6c97fd2757e4,https://drs.faa.gov/api/content/alf/9d6831e5-279e-40dd-9b57-6c97fd2757e4
Subpart C - Structure,Sec. 23.527,(Hull and main float load factors.),23-45,09/07/1993,Historical,Final Rule.  Docket No. 26269; Issued on 07/28/93.,32ec4645-c40d-41f7-bc69-572427b55ab8,https://drs.faa.gov/api/content/alf/32ec4645-c40d-41f7-bc69-572427b55ab8
Subpart C - Structure,Sec. 23.529,(Hull and main float landing conditions.),23-45,09/07/1993,Historical,Final Rule.  Docket No. 26269; Issued on 07/28/93.,9c8702f8-3985-4a18-8564-1c0cdeb6c23d,https://drs.faa.gov/api/content/alf/9c8702f8-3985-4a18-8564-1c0cdeb6c23d
Subpart C - Structure,Sec. 23.531,(Hull and main float takeoff condition.),23-45,09/07/1993,Historical,Final Rule.  Docket No. 26269; Issued on 07/28/93.,e878de89-c14d-4586-af9a-32c9e3163b9c,https://drs.faa.gov/api/content/alf/e878de89-c14d-4586-af9a-32c9e3163b9c
Subpart C - Structure,Sec. 23.533,(Hull and main float bottom pressures.),23-45,09/07/1993,Historical,Final Rule.  Docket No. 26269; Issued on 07/28/93.,746af4b3-12cc-41f1-9c82-7437ae0c180d,https://drs.faa.gov/api/content/alf/746af4b3-12cc-41f1-9c82-7437ae0c180d
Subpart C - Structure,Sec. 23.535,(Auxiliary float loads.),23-45,09/07/1993,Historical,Final Rule.  Docket No. 26269; Issued on 07/28/93.,e1b85f54-9daf-4d2f-be1f-6c32f284a751,https://drs.faa.gov/api/content/alf/e1b85f54-9daf-4d2f-be1f-6c32f284a751
Subpart C - Structure,Sec. 23.537,Seawing loads.,23-45,09/07/1993,Historical,Final Rule.  Docket No. 26269; Issued on 07/28/93.,ad67048c-acc4-48e1-a7b5-35bfc7baaa34,https://drs.faa.gov/api/content/alf/ad67048c-acc4-48e1-a7b5-35bfc7baaa34
Subpart C - Structure,Sec. 23.561,General.,23-7,09/14/1969,Historical,Final Rule.  Docket No. 8083; Issued on 08/01/69.,70523e6c-650a-4940-95d9-d0c5777c0300,https://drs.faa.gov/api/content/alf/70523e6c-650a-4940-95d9-d0c5777c0300
Subpart C - Structure,Sec. 23.561,General.,Initial,02/01/1965,Historical,Final Rule.  Docket No. 4080;  Issued on 09/28/64.,c1b8f6a9-56f2-41c5-8f4e-5847a836a3ee,https://drs.faa.gov/api/content/alf/c1b8f6a9-56f2-41c5-8f4e-5847a836a3ee
Subpart C - Structure,Sec. 23.561,General.,23-36,09/14/1988,Historical,Final Rule.  Docket No. 25147; Issued on 08/08/88.,024246fb-52f0-4063-a39a-19e8642ee44d,https://drs.faa.gov/api/content/alf/024246fb-52f0-4063-a39a-19e8642ee44d
Subpart C - Structure,Sec. 23.561,General.,23-62,01/31/2012,Historical,"Amendment 23-62, Published 12/2/2011",e3bb01c4-2726-4f09-bf08-7af03e7fae95,https://drs.faa.gov/api/content/alf/e3bb01c4-2726-4f09-bf08-7af03e7fae95
Subpart C - Structure,Sec. 23.561,General.,23-46,06/16/1994,Historical,Final Rule.  Docket No. 26324; Issued on 05/11/94.,1d488d69-dc82-4181-9237-96857e36471c,https://drs.faa.gov/api/content/alf/1d488d69-dc82-4181-9237-96857e36471c
Subpart C - Structure,Sec. 23.561,General.,23-34,02/17/1987,Historical,Final Rule.  Docket No. 23516; Issued on 01/08/87.,564de8fe-3467-4abb-b430-266d540577e0,https://drs.faa.gov/api/content/alf/564de8fe-3467-4abb-b430-266d540577e0
Subpart C - Structure,Sec. 23.561,General.,23-48,03/11/1996,Historical,Final Rule.  Docket No. 27805; Issued on 01/29/96.,4e7946eb-090b-4845-81db-697548c2aa83,https://drs.faa.gov/api/content/alf/4e7946eb-090b-4845-81db-697548c2aa83
Subpart C - Structure,Sec. 23.562,Emergency landing dynamic conditions.,23-50,03/11/1996,Historical,Final Rule.  Docket No. 27807; Issued on 01/29/96.,42dba18f-5200-4615-bc02-63e342571a64,https://drs.faa.gov/api/content/alf/42dba18f-5200-4615-bc02-63e342571a64
Subpart C - Structure,Sec. 23.562,Emergency landing dynamic conditions.,23-62,01/31/2012,Historical,"Amendment 23-62, Published 12/2/2011",493c88f7-45e1-4ff5-8bcf-7e47cd87a51c,https://drs.faa.gov/api/content/alf/493c88f7-45e1-4ff5-8bcf-7e47cd87a51c
Subpart C - Structure,Sec. 23.562,Emergency landing dynamic conditions.,23-44,08/18/1993,Historical,Final Rule.  Docket No. 23746; Issued on 07/07/93.,c8ce6c54-c49e-4f75-8062-5020e1403615,https://drs.faa.gov/api/content/alf/c8ce6c54-c49e-4f75-8062-5020e1403615
Subpart C - Structure,Sec. 23.562,(Emergency landing dynamic conditions.),23-36,09/14/1988,Historical,Final Rule.  Docket No. 25147; Issued on 08/08/88.,b3631d1e-7c48-41fc-912f-a1713a42162b,https://drs.faa.gov/api/content/alf/b3631d1e-7c48-41fc-912f-a1713a42162b
Subpart C - Structure,Sec. 23.571,Pressurized cabin.,23-45,09/07/1993,Historical,Final Rule.  Docket No. 26269; Issued on 07/28/93.,d20ec710-2b61-4e29-bae2-16d1269e2ab1,https://drs.faa.gov/api/content/alf/d20ec710-2b61-4e29-bae2-16d1269e2ab1
Subpart C - Structure,Sec. 23.571,Pressurized cabin.,23-34,02/17/1987,Historical,Final Rule.  Docket No. 23516; Issued on 01/08/87.,efdef920-4515-46af-8d8e-561888015283,https://drs.faa.gov/api/content/alf/efdef920-4515-46af-8d8e-561888015283
Subpart C - Structure,Sec. 23.571,Pressurized cabin.,Initial,02/01/1965,Historical,Final Rule.  Docket No. 4080;  Issued on 09/28/64.,ab506415-cc0c-4c4d-9667-190c04c67add,https://drs.faa.gov/api/content/alf/ab506415-cc0c-4c4d-9667-190c04c67add
Subpart C - Structure,Sec. 23.571,Metallic pressurized cabin structures.,23-48,03/11/1996,Historical,Final Rule.  Docket No. 27805; Issued on 01/29/96.,1abfd938-400e-46d3-b553-a8428258a544,https://drs.faa.gov/api/content/alf/1abfd938-400e-46d3-b553-a8428258a544
Subpart C - Structure,Sec. 23.571,Metallic pressurized cabin structures.,23-62,01/31/2012,Historical,"Amendment 23-62, Published 12/2/2011",45a21af3-8a8d-4fd4-a355-5749e67ab4c9,https://drs.faa.gov/api/content/alf/45a21af3-8a8d-4fd4-a355-5749e67ab4c9
Subpart C - Structure,Sec. 23.571,Pressurized cabin.,23-14,12/20/1973,Historical,Final Rule.  Docket No. 11011; Issued on 11/07/73.,e0fdd96f-327e-49e5-98a8-2fbd49b01913,https://drs.faa.gov/api/content/alf/e0fdd96f-327e-49e5-98a8-2fbd49b01913
Subpart C - Structure,Sec. 23.572,Wing and associated structure.,23-14,12/20/1973,Historical,Final Rule.  Docket No. 11011; Issued on 11/07/73.,052670b3-3d5e-45bc-a49e-eb1b00b60e45,https://drs.faa.gov/api/content/alf/052670b3-3d5e-45bc-a49e-eb1b00b60e45
Subpart C - Structure,Sec. 23.572,"[Metallic] wing, empennage, and associated structures.",23-48,03/11/1996,Historical,Final Rule.  Docket No. 27805; Issued on 01/29/96.,70eb8fa3-db1e-48ec-af55-fcdc2ce98593,https://drs.faa.gov/api/content/alf/70eb8fa3-db1e-48ec-af55-fcdc2ce98593
Subpart C - Structure,Sec. 23.572,"Wing, empennage, and associated structures.",23-38,10/26/1989,Historical,Final Rule.  Docket No. 25086; Issued on 09/21/89.,5854d0bc-9172-49b7-9f35-8d687c135eff,https://drs.faa.gov/api/content/alf/5854d0bc-9172-49b7-9f35-8d687c135eff
Subpart C - Structure,Sec. 23.572,Flight structure.,23-34,02/17/1987,Historical,Final Rule.  Docket No. 23516; Issued on 01/08/87.,87d7718d-e0ff-44c2-89e6-15183af36976,https://drs.faa.gov/api/content/alf/87d7718d-e0ff-44c2-89e6-15183af36976
Subpart C - Structure,Sec. 23.572,Wing and associated structure.,23-7,09/14/1969,Historical,Final Rule.  Docket No. 8083; Issued on 08/01/69.,4d1def83-5dab-4198-8ec7-64d4b87af982,https://drs.faa.gov/api/content/alf/4d1def83-5dab-4198-8ec7-64d4b87af982
Subpart C - Structure,Sec. 23.572,"Wing, empennage, and associated structures.",23-45,09/07/1993,Historical,Final Rule.  Docket No. 26269; Issued on 07/28/93.,61ec3e1b-0460-414d-b5b4-26fbc7f23eef,https://drs.faa.gov/api/content/alf/61ec3e1b-0460-414d-b5b4-26fbc7f23eef
Subpart C - Structure,Sec. 23.573,Damage tolerance and fatigue evaluation of structure.,23-48,03/11/1996,Historical,Final Rule.  Docket No. 27805; Issued on 01/29/96.,472facc7-1055-42eb-84bf-2299bce6e723,https://drs.faa.gov/api/content/alf/472facc7-1055-42eb-84bf-2299bce6e723
Subpart C - Structure,Sec. 23.573,Damage tolerance and fatigue evaluation of structure.,23-48,04/11/2008,Historical,"Final Rule.  Docket No. 27805; Issued on 01/29/96.
Final Rule, Technical Amendment. Docket No. 27805; Issued on 4/7/08",d67ac3cd-6d99-4644-a3f1-a20680c745bb,https://drs.faa.gov/api/content/alf/d67ac3cd-6d99-4644-a3f1-a20680c745bb
Subpart C - Structure,Sec. 23.573,Damage tolerance and fatigue evaluation of structure.,23-45,09/07/1993,Historical,Final Rule.  Docket No. 26269; Issued on 07/28/93.,cc5d4235-d9da-4fc6-b134-a18a2548882c,https://drs.faa.gov/api/content/alf/cc5d4235-d9da-4fc6-b134-a18a2548882c
Subpart C - Structure,Sec. 23.574,"Metallic damage tolerance and fatigue evaluation of commuter category 
airplanes.",23-48,03/11/1996,Historical,Final Rule.  Docket No. 27805; Issued on 01/29/96.,93c505e9-4444-433c-b03a-8071198deb68,https://drs.faa.gov/api/content/alf/93c505e9-4444-433c-b03a-8071198deb68
Subpart C - Structure,Sec. 23.575,Inspections and other procedures.,23-48,03/11/1996,Historical,Final Rule.  Docket No. 27805; Issued on 01/29/96.,882cd378-5588-41e7-b934-754e40d42bff,https://drs.faa.gov/api/content/alf/882cd378-5588-41e7-b934-754e40d42bff
Subpart D - Design and Construction,Sec. 23.601,General.,Initial,02/01/1965,Historical,Final Rule.  Docket No. 4080;  Issued on 09/28/64.,4783912f-40f5-47b6-8174-56053878355a,https://drs.faa.gov/api/content/alf/4783912f-40f5-47b6-8174-56053878355a
Subpart D - Design and Construction,Sec. 23.603,Materials and workmanship.,23-23,12/01/1978,Historical,"Final Rule.  Docket No. 14324, 14606, 14625, 14685, 14779; Issued on 10/20/78.",7756192a-7922-45b4-9619-a0d70faf8e8f,https://drs.faa.gov/api/content/alf/7756192a-7922-45b4-9619-a0d70faf8e8f
Subpart D - Design and Construction,Sec. 23.603,Materials and workmanship.,Initial,02/01/1965,Historical,Final Rule.  Docket No. 4080;  Issued on 09/28/64.,694d3e72-781c-47f3-b45f-6c0fa548220f,https://drs.faa.gov/api/content/alf/694d3e72-781c-47f3-b45f-6c0fa548220f
Subpart D - Design and Construction,Sec. 23.603,Materials and workmanship.,23-17,02/01/1977,Historical,Final Rule.  Docket No. 14324; Issued on 12/13/76.,024f6423-9c5e-45cf-a530-44207d346425,https://drs.faa.gov/api/content/alf/024f6423-9c5e-45cf-a530-44207d346425
Subpart D - Design and Construction,Sec. 23.605,Fabrication methods.,23-23,12/01/1978,Historical,"Final Rule.  Docket No. 14324, 14606, 14625, 14685, 14779; Issued on 10/20/78.",75853c01-c43b-43ad-9864-db9d955a66a2,https://drs.faa.gov/api/content/alf/75853c01-c43b-43ad-9864-db9d955a66a2
Subpart D - Design and Construction,Sec. 23.605,Fabrication methods.,Initial,02/01/1965,Historical,Final Rule.  Docket No. 4080;  Issued on 09/28/64.,58235305-2cd4-4eb9-8b86-afcb42829211,https://drs.faa.gov/api/content/alf/58235305-2cd4-4eb9-8b86-afcb42829211
Subpart D - Design and Construction,Sec. 23.607,Self-locking nuts.,23-17,02/01/1977,Historical,Final Rule.  Docket No. 14324; Issued on 12/13/76.,38da315d-fb09-48cd-83e4-5cfb75f40856,https://drs.faa.gov/api/content/alf/38da315d-fb09-48cd-83e4-5cfb75f40856
Subpart D - Design and Construction,Sec. 23.607,Self-locking nuts.,Initial,02/01/1965,Historical,Final Rule.  Docket No. 4080;  Issued on 09/28/64.,dfb4bb5e-53c8-4f5b-99cf-2d5ea914338e,https://drs.faa.gov/api/content/alf/dfb4bb5e-53c8-4f5b-99cf-2d5ea914338e
Subpart D - Design and Construction,Sec. 23.607,Fasteners.,23-48,03/11/1996,Historical,Final Rule.  Docket No. 27805; Issued on 01/29/96.,162f0833-2a95-4a34-8939-d0a15e31504f,https://drs.faa.gov/api/content/alf/162f0833-2a95-4a34-8939-d0a15e31504f
Subpart D - Design and Construction,Sec. 23.609,Protection of structure.,Initial,02/01/1965,Historical,Final Rule.  Docket No. 4080;  Issued on 09/28/64.,b396ab9e-7ef3-41e0-a19b-56f7818eff84,https://drs.faa.gov/api/content/alf/b396ab9e-7ef3-41e0-a19b-56f7818eff84
Subpart D - Design and Construction,Sec. 23.611,Accessibility [provisions.],23-48,03/11/1996,Historical,Final Rule.  Docket No. 27805; Issued on 01/29/96.,14766e8e-a7d5-495f-bc99-59445f04a878,https://drs.faa.gov/api/content/alf/14766e8e-a7d5-495f-bc99-59445f04a878
Subpart D - Design and Construction,Sec. 23.611,Inspection provisions.,Initial,02/01/1965,Historical,Final Rule.  Docket No. 4080;  Issued on 09/28/64.,c0eb06ef-d590-4e5f-9de6-4e0787e2f74d,https://drs.faa.gov/api/content/alf/c0eb06ef-d590-4e5f-9de6-4e0787e2f74d
Subpart D - Design and Construction,Sec. 23.611,Accessibility.,23-7,09/14/1969,Historical,Final Rule.  Docket No. 8083; Issued on 08/01/69.,80fdba0b-2624-48b1-823c-e7918b59ff06,https://drs.faa.gov/api/content/alf/80fdba0b-2624-48b1-823c-e7918b59ff06
Subpart D - Design and Construction,Sec. 23.613,Material strength properties and design values.,Initial,02/01/1965,Historical,Final Rule.  Docket No. 4080;  Issued on 09/28/64.,31a71789-491d-4928-8b28-294c85838ebd,https://drs.faa.gov/api/content/alf/31a71789-491d-4928-8b28-294c85838ebd
Subpart D - Design and Construction,Sec. 23.613,Material strength properties and design values.,23-45,09/07/1993,Historical,Final Rule.  Docket No. 26269; Issued on 07/28/93.,89df48b5-d57e-4f1f-9abc-a645a91f1af8,https://drs.faa.gov/api/content/alf/89df48b5-d57e-4f1f-9abc-a645a91f1af8
Subpart D - Design and Construction,Sec. 23.613,Material strength properties and design values.,23-23,12/01/1978,Historical,"Final Rule.  Docket No. 14324, 14606, 14625, 14685, 14779; Issued on 10/20/78.",997878b5-1b61-4f63-86d5-3249cbdeb6ef,https://drs.faa.gov/api/content/alf/997878b5-1b61-4f63-86d5-3249cbdeb6ef
Subpart D - Design and Construction,Sec. 23.615,Removed.,23-45,09/07/1993,Historical,Final Rule.  Docket No. 26269; Issued on 07/28/93.,d6669e6c-aafe-47da-a8c8-83fab5077b21,https://drs.faa.gov/api/content/alf/d6669e6c-aafe-47da-a8c8-83fab5077b21
Subpart D - Design and Construction,Sec. 23.615,Design properties.,Initial,02/01/1965,Historical,Final Rule.  Docket No. 4080;  Issued on 09/28/64.,3ac8f4ea-40e5-4434-825e-00eea9f49916,https://drs.faa.gov/api/content/alf/3ac8f4ea-40e5-4434-825e-00eea9f49916
Subpart D - Design and Construction,Sec. 23.615,Design properties.,23-7,09/14/1969,Historical,Final Rule.  Docket No. 8083; Issued on 08/01/69.,7982a938-7b5a-47a5-bae1-61d954def5bd,https://drs.faa.gov/api/content/alf/7982a938-7b5a-47a5-bae1-61d954def5bd
Subpart D - Design and Construction,Sec. 23.617,Interchangeability of seamwelded and seamless steel tubing.,Initial,02/01/1965,Historical,Final Rule.  Docket No. 4080;  Issued on 09/28/64.,ac8af695-e1d0-4d58-8d67-5f02d16ac2fd,https://drs.faa.gov/api/content/alf/ac8af695-e1d0-4d58-8d67-5f02d16ac2fd
Subpart D - Design and Construction,Sec. 23.617,Deleted.,23-7,09/14/1969,Historical,Final Rule.  Docket No. 8083; Issued on 08/01/69.,0f079e25-7051-47a5-9519-831dc552f2b9,https://drs.faa.gov/api/content/alf/0f079e25-7051-47a5-9519-831dc552f2b9
Subpart D - Design and Construction,Sec. 23.619,Special factors.,Initial,02/01/1965,Historical,Final Rule.  Docket No. 4080;  Issued on 09/28/64.,e0fde7a0-1598-459d-a422-ddffe6ce05f4,https://drs.faa.gov/api/content/alf/e0fde7a0-1598-459d-a422-ddffe6ce05f4
Subpart D - Design and Construction,Sec. 23.619,Special factors.,23-7,09/14/1969,Historical,Final Rule.  Docket No. 8083; Issued on 08/01/69.,e0ee6c40-d5e2-440a-8a7e-1ebeed0837d6,https://drs.faa.gov/api/content/alf/e0ee6c40-d5e2-440a-8a7e-1ebeed0837d6
Subpart D - Design and Construction,Sec. 23.621,Casting factors.,23-45,09/07/1993,Historical,Final Rule.  Docket No. 26269; Issued on 07/28/93.,c6b947e9-3c5f-40f2-a1b5-8aedcea66812,https://drs.faa.gov/api/content/alf/c6b947e9-3c5f-40f2-a1b5-8aedcea66812
Subpart D - Design and Construction,Sec. 23.621,Casting factors.,Initial,02/01/1965,Historical,Final Rule.  Docket No. 4080;  Issued on 09/28/64.,beb2b628-6d7a-437d-be8b-87739a45e464,https://drs.faa.gov/api/content/alf/beb2b628-6d7a-437d-be8b-87739a45e464
Subpart D - Design and Construction,Sec. 23.623,Bearing factors.,23-7,09/14/1969,Historical,Final Rule.  Docket No. 8083; Issued on 08/01/69.,4ffa6657-b220-4f64-a226-b5c018d9f122,https://drs.faa.gov/api/content/alf/4ffa6657-b220-4f64-a226-b5c018d9f122
Subpart D - Design and Construction,Sec. 23.623,Bearing factors.,Initial,02/01/1965,Historical,Final Rule.  Docket No. 4080;  Issued on 09/28/64.,45c01f8e-2279-4a26-9365-eecaf40a7499,https://drs.faa.gov/api/content/alf/45c01f8e-2279-4a26-9365-eecaf40a7499
Subpart D - Design and Construction,Sec. 23.625,Fitting factors.,23-7,09/14/1969,Historical,Final Rule.  Docket No. 8083; Issued on 08/01/69.,4ca41a5f-2d93-47c7-a69b-465e9d9dbc74,https://drs.faa.gov/api/content/alf/4ca41a5f-2d93-47c7-a69b-465e9d9dbc74
Subpart D - Design and Construction,Sec. 23.625,Fitting factors.,Initial,02/01/1965,Historical,Final Rule.  Docket No. 4080;  Issued on 09/28/64.,25728eaf-5292-4ccc-8d11-4c11f0c1c994,https://drs.faa.gov/api/content/alf/25728eaf-5292-4ccc-8d11-4c11f0c1c994
Subpart D - Design and Construction,Sec. 23.627,Fatigue strength.,Initial,02/01/1965,Historical,Final Rule.  Docket No. 4080;  Issued on 09/28/64.,08a3aba6-448c-4310-91f2-ad7789b1f6b6,https://drs.faa.gov/api/content/alf/08a3aba6-448c-4310-91f2-ad7789b1f6b6
Subpart D - Design and Construction,Sec. 23.629,Flutter.,23-48,03/11/1996,Historical,Final Rule.  Docket No. 27805; Issued on 01/29/96.,e5a7081c-980d-4ab4-b5cc-08888822bfdf,https://drs.faa.gov/api/content/alf/e5a7081c-980d-4ab4-b5cc-08888822bfdf
Subpart D - Design and Construction,Sec. 23.629,Flutter.,23-62,01/31/2012,Historical,"Amendment 23-62, Published 12/2/2011",6154e0ba-cfec-41d6-847d-27070e941fc6,https://drs.faa.gov/api/content/alf/6154e0ba-cfec-41d6-847d-27070e941fc6
Subpart D - Design and Construction,Sec. 23.629,Flutter.,23-45,09/07/1993,Historical,Final Rule.  Docket No. 26269; Issued on 07/28/93.,d6868fe6-f133-4fde-80a4-95886c23a781,https://drs.faa.gov/api/content/alf/d6868fe6-f133-4fde-80a4-95886c23a781
Subpart D - Design and Construction,Sec. 23.629,Flutter.,23-23,12/01/1978,Historical,"Final Rule.  Docket No. 14324, 14606, 14625, 14685, 14779; Issued on 10/20/78.",0a3d38ed-5dcf-44fb-8bf4-b1fa35693455,https://drs.faa.gov/api/content/alf/0a3d38ed-5dcf-44fb-8bf4-b1fa35693455
Subpart D - Design and Construction,Sec. 23.629,Flutter.,23-7,09/14/1969,Historical,Final Rule.  Docket No. 8083; Issued on 08/01/69.,02bf41bc-0b2f-437a-b489-24996a1439a5,https://drs.faa.gov/api/content/alf/02bf41bc-0b2f-437a-b489-24996a1439a5
Subpart D - Design and Construction,Sec. 23.629,Flutter.,23-31,12/28/1984,Historical,Final Rule.  Docket No. 23826; Issued on 11/02/84.,1eed58e6-c0de-4318-bf3b-7cf821112ab0,https://drs.faa.gov/api/content/alf/1eed58e6-c0de-4318-bf3b-7cf821112ab0
Subpart D - Design and Construction,Sec. 23.629,Flutter.,Initial,02/01/1965,Historical,Final Rule.  Docket No. 4080;  Issued on 09/28/64.,e2ece1c8-1d5c-4d91-ba42-aa95a50fb10a,https://drs.faa.gov/api/content/alf/e2ece1c8-1d5c-4d91-ba42-aa95a50fb10a
Subpart D - Design and Construction,Sec. 23.641,Proof of strength.,Initial,02/01/1965,Historical,Final Rule.  Docket No. 4080;  Issued on 09/28/64.,6cfd6f45-2328-432c-abdf-e564c2082851,https://drs.faa.gov/api/content/alf/6cfd6f45-2328-432c-abdf-e564c2082851
Subpart D - Design and Construction,Sec. 23.643,Deleted.,23-7,09/14/1969,Historical,Final Rule.  Docket No. 8083; Issued on 08/01/69.,d98b77a5-81e6-4c52-8d9d-62aef8027d56,https://drs.faa.gov/api/content/alf/d98b77a5-81e6-4c52-8d9d-62aef8027d56
Subpart D - Design and Construction,Sec. 23.643,Rib tests.,Initial,02/01/1965,Historical,Final Rule.  Docket No. 4080;  Issued on 09/28/64.,d03c3c8a-2946-468f-97d0-75e1ec22f8b2,https://drs.faa.gov/api/content/alf/d03c3c8a-2946-468f-97d0-75e1ec22f8b2
Subpart D - Design and Construction,Sec. 23.651,Proof of strength.,Initial,02/01/1965,Historical,Final Rule.  Docket No. 4080;  Issued on 09/28/64.,fe25e203-77a0-4462-b981-4ff9b6fc8347,https://drs.faa.gov/api/content/alf/fe25e203-77a0-4462-b981-4ff9b6fc8347
Subpart D - Design and Construction,Sec. 23.655,Installation.,Initial,02/01/1965,Historical,Final Rule.  Docket No. 4080;  Issued on 09/28/64.,58604478-4289-405f-8236-51715747b181,https://drs.faa.gov/api/content/alf/58604478-4289-405f-8236-51715747b181
Subpart D - Design and Construction,Sec. 23.655,Installation.,23-45,09/07/1993,Historical,Final Rule.  Docket No. 26269; Issued on 07/28/93.,8dd1502d-5047-49de-9cfe-146b659eb330,https://drs.faa.gov/api/content/alf/8dd1502d-5047-49de-9cfe-146b659eb330
Subpart D - Design and Construction,Sec. 23.657,Hinges.,Initial,02/01/1965,Historical,Final Rule.  Docket No. 4080;  Issued on 09/28/64.,7d1cce69-c12c-45d5-9867-01e846969ba6,https://drs.faa.gov/api/content/alf/7d1cce69-c12c-45d5-9867-01e846969ba6
Subpart D - Design and Construction,Sec. 23.657,Hinges.,23-48,03/11/1996,Historical,Final Rule.  Docket No. 27805; Issued on 01/29/96.,8ee1748e-13f7-42cf-80c8-3376dae9fa58,https://drs.faa.gov/api/content/alf/8ee1748e-13f7-42cf-80c8-3376dae9fa58
Subpart D - Design and Construction,Sec. 23.659,Mass balance.,Initial,02/01/1965,Historical,Final Rule.  Docket No. 4080;  Issued on 09/28/64.,891e0232-f07e-4fc1-87b3-9649f415d33a,https://drs.faa.gov/api/content/alf/891e0232-f07e-4fc1-87b3-9649f415d33a
Subpart D - Design and Construction,Sec. 23.671,General.,Initial,02/01/1965,Historical,Final Rule.  Docket No. 4080;  Issued on 09/28/64.,ff5e2ddd-58bc-45aa-ba6a-9235c68fb268,https://drs.faa.gov/api/content/alf/ff5e2ddd-58bc-45aa-ba6a-9235c68fb268
Subpart D - Design and Construction,Sec. 23.672,Stability augmentation and automatic and power-operated systems.,23-45,09/07/1993,Historical,Final Rule.  Docket No. 26269; Issued on 07/28/93.,73850602-8d2c-46a3-a10e-2a97d84ffa3a,https://drs.faa.gov/api/content/alf/73850602-8d2c-46a3-a10e-2a97d84ffa3a
Subpart D - Design and Construction,Sec. 23.673,Primary flight controls.,23-48,03/11/1996,Historical,Final Rule.  Docket No. 27805; Issued on 01/29/96.,3324e0c5-b8f1-416e-92c1-083dd68a5b48,https://drs.faa.gov/api/content/alf/3324e0c5-b8f1-416e-92c1-083dd68a5b48
Subpart D - Design and Construction,Sec. 23.673,Primary flight controls.,Initial,02/01/1965,Historical,Final Rule.  Docket No. 4080;  Issued on 09/28/64.,fb043203-d268-4822-8e02-16bd9108f506,https://drs.faa.gov/api/content/alf/fb043203-d268-4822-8e02-16bd9108f506
Subpart D - Design and Construction,Sec. 23.675,Stops.,Initial,02/01/1965,Historical,Final Rule.  Docket No. 4080;  Issued on 09/28/64.,a8286ba9-aa1d-4f50-b64e-c310b10a6c67,https://drs.faa.gov/api/content/alf/a8286ba9-aa1d-4f50-b64e-c310b10a6c67
Subpart D - Design and Construction,Sec. 23.675,Stops.,23-17,02/01/1977,Historical,Final Rule.  Docket No. 14324; Issued on 12/13/76.,52221dd4-e6a9-4b5f-9a42-8779b50f8244,https://drs.faa.gov/api/content/alf/52221dd4-e6a9-4b5f-9a42-8779b50f8244
Subpart D - Design and Construction,Sec. 23.677,Trim systems.,23-49,03/11/1996,Historical,Final Rule.  Docket No. 27806; Issued on 01/29/96.,0eab6992-0ae0-4f74-86bd-b3891c1b2b7a,https://drs.faa.gov/api/content/alf/0eab6992-0ae0-4f74-86bd-b3891c1b2b7a
Subpart D - Design and Construction,Sec. 23.677,Trim systems.,23-42,02/04/1991,Historical,Final Rule.  Docket No. 25811; Issued on 12/21/90.,40f6aeee-8473-4b19-a720-0871a24739d2,https://drs.faa.gov/api/content/alf/40f6aeee-8473-4b19-a720-0871a24739d2
Subpart D - Design and Construction,Sec. 23.677,Trim systems.,Initial,02/01/1965,Historical,Final Rule.  Docket No. 4080;  Issued on 09/28/64.,30b35575-ffdf-489b-86fc-9b147ea56ed7,https://drs.faa.gov/api/content/alf/30b35575-ffdf-489b-86fc-9b147ea56ed7
Subpart D - Design and Construction,Sec. 23.677,Trim systems.,23-7,09/14/1969,Historical,Final Rule.  Docket No. 8083; Issued on 08/01/69.,e8aae4ef-d4bb-46aa-b118-ce7e52c3b23f,https://drs.faa.gov/api/content/alf/e8aae4ef-d4bb-46aa-b118-ce7e52c3b23f
Subpart D - Design and Construction,Sec. 23.677,Trim systems.,23-34,02/17/1987,Historical,Final Rule.  Docket No. 23516; Issued on 01/08/87.,61017c8c-3ea7-487c-8148-8fe639e307e3,https://drs.faa.gov/api/content/alf/61017c8c-3ea7-487c-8148-8fe639e307e3
Subpart D - Design and Construction,Sec. 23.679,Control system locks.,Initial,02/01/1965,Historical,Final Rule.  Docket No. 4080;  Issued on 09/28/64.,30add95c-4552-4c9e-9b6d-03d7f2111459,https://drs.faa.gov/api/content/alf/30add95c-4552-4c9e-9b6d-03d7f2111459
Subpart D - Design and Construction,Sec. 23.679,Control system locks.,23-45,09/07/1993,Historical,Final Rule.  Docket No. 26269; Issued on 07/28/93.,d6db9ca8-bcb2-417d-b1e9-daac5372f39b,https://drs.faa.gov/api/content/alf/d6db9ca8-bcb2-417d-b1e9-daac5372f39b
Subpart D - Design and Construction,Sec. 23.681,Limit load static tests.,Initial,02/01/1965,Historical,Final Rule.  Docket No. 4080;  Issued on 09/28/64.,d2a2dd80-777b-4d3e-ab75-e11b8975009f,https://drs.faa.gov/api/content/alf/d2a2dd80-777b-4d3e-ab75-e11b8975009f
Subpart D - Design and Construction,Sec. 23.683,Operation tests.,23-7,09/14/1969,Historical,Final Rule.  Docket No. 8083; Issued on 08/01/69.,8a9fe7e9-a152-49b9-9f49-e7cf510e3b22,https://drs.faa.gov/api/content/alf/8a9fe7e9-a152-49b9-9f49-e7cf510e3b22
Subpart D - Design and Construction,Sec. 23.683,Operation tests.,Initial,02/01/1965,Historical,Final Rule.  Docket No. 4080;  Issued on 09/28/64.,7f2cbbaf-5c6d-4cb1-8d8d-b16291650734,https://drs.faa.gov/api/content/alf/7f2cbbaf-5c6d-4cb1-8d8d-b16291650734
Subpart D - Design and Construction,Sec. 23.685,Control system details.,23-17,02/01/1977,Historical,Final Rule.  Docket No. 14324; Issued on 12/13/76.,0a9477f2-4f7d-4a33-ba5b-6ca264790d45,https://drs.faa.gov/api/content/alf/0a9477f2-4f7d-4a33-ba5b-6ca264790d45
Subpart D - Design and Construction,Sec. 23.685,Control system details.,Initial,02/01/1965,Historical,Final Rule.  Docket No. 4080;  Issued on 09/28/64.,69c0e391-6cd3-4c16-be2b-1ba912aa66c0,https://drs.faa.gov/api/content/alf/69c0e391-6cd3-4c16-be2b-1ba912aa66c0
Subpart D - Design and Construction,Sec. 23.687,Spring devices.,Initial,02/01/1965,Historical,Final Rule.  Docket No. 4080;  Issued on 09/28/64.,11fb3f9e-efa9-4ff7-a0a9-c0f00bb1fa59,https://drs.faa.gov/api/content/alf/11fb3f9e-efa9-4ff7-a0a9-c0f00bb1fa59
Subpart D - Design and Construction,Sec. 23.689,Cable systems.,23-7,09/14/1969,Historical,Final Rule.  Docket No. 8083; Issued on 08/01/69.,79f10b73-e6bc-4d32-88e2-cc1ee81fe3ef,https://drs.faa.gov/api/content/alf/79f10b73-e6bc-4d32-88e2-cc1ee81fe3ef
Subpart D - Design and Construction,Sec. 23.689,Cable systems.,Initial,02/01/1965,Historical,Final Rule.  Docket No. 4080;  Issued on 09/28/64.,27530c2c-dd83-47f0-b96a-448ecdd27c66,https://drs.faa.gov/api/content/alf/27530c2c-dd83-47f0-b96a-448ecdd27c66
Subpart D - Design and Construction,Sec. 23.691,Artificial stall barrier system.,23-49,03/11/1996,Historical,Final Rule.  Docket No. 27806; Issued on 01/29/96.,791b6001-4e89-4e6d-a80c-0b0ed649d175,https://drs.faa.gov/api/content/alf/791b6001-4e89-4e6d-a80c-0b0ed649d175
Subpart D - Design and Construction,Sec. 23.693,Joints.,Initial,02/01/1965,Historical,Final Rule.  Docket No. 4080;  Issued on 09/28/64.,14aec896-c3d9-4f41-ab6a-ea811a15f801,https://drs.faa.gov/api/content/alf/14aec896-c3d9-4f41-ab6a-ea811a15f801
Subpart D - Design and Construction,Sec. 23.697,Wing flap controls.,Initial,02/01/1965,Historical,Final Rule.  Docket No. 4080;  Issued on 09/28/64.,1d4c927e-491f-4921-8e55-34796122d7f7,https://drs.faa.gov/api/content/alf/1d4c927e-491f-4921-8e55-34796122d7f7
Subpart D - Design and Construction,Sec. 23.697,Wing flap controls.,23-49,03/11/1996,Historical,Final Rule.  Docket No. 27806; Issued on 01/29/96.,663765f9-1ca8-4cb9-a579-2c123e30fac7,https://drs.faa.gov/api/content/alf/663765f9-1ca8-4cb9-a579-2c123e30fac7
Subpart D - Design and Construction,Sec. 23.699,Wing flap position indicator.,Initial,02/01/1965,Historical,Final Rule.  Docket No. 4080;  Issued on 09/28/64.,da299e5f-109a-4702-8919-508c3fba5788,https://drs.faa.gov/api/content/alf/da299e5f-109a-4702-8919-508c3fba5788
Subpart D - Design and Construction,Sec. 23.701,Flap interconnection.,23-49,03/11/1996,Historical,Final Rule.  Docket No. 27806; Issued on 01/29/96.,172e3168-a770-4754-89c0-19fceb16d9af,https://drs.faa.gov/api/content/alf/172e3168-a770-4754-89c0-19fceb16d9af
Subpart D - Design and Construction,Sec. 23.701,Flap interconnection.,23-42,02/04/1991,Historical,Final Rule.  Docket No. 25811; Issued on 12/21/90.,afd75715-d0c2-4ff7-9e95-634430a2a5d3,https://drs.faa.gov/api/content/alf/afd75715-d0c2-4ff7-9e95-634430a2a5d3
Subpart D - Design and Construction,Sec. 23.701,Flap interconnection.,23-14,12/20/1973,Historical,Final Rule.  Docket No. 11011; Issued on 11/07/73.,d667e56d-185c-496c-9e4e-963dee19a909,https://drs.faa.gov/api/content/alf/d667e56d-185c-496c-9e4e-963dee19a909
Subpart D - Design and Construction,Sec. 23.701,Flap interconnection.,Initial,02/01/1965,Historical,Final Rule.  Docket No. 4080;  Issued on 09/28/64.,557fa498-5090-42f0-bd76-ad353f7077bb,https://drs.faa.gov/api/content/alf/557fa498-5090-42f0-bd76-ad353f7077bb
Subpart D - Design and Construction,Sec. 23.703,Takeoff warning system.,23-49,03/11/1996,Historical,Final Rule.  Docket No. 27806; Issued on 01/29/96.,4c0d8110-8f64-470f-85b1-45ed46531455,https://drs.faa.gov/api/content/alf/4c0d8110-8f64-470f-85b1-45ed46531455
Subpart D - Design and Construction,Sec. 23.703,Takeoff warning system.,23-62,01/31/2012,Historical,"Amendment 23-62, Published 12/2/2011",2d3acde9-d5bc-4dbf-b217-01574dcb9ccd,https://drs.faa.gov/api/content/alf/2d3acde9-d5bc-4dbf-b217-01574dcb9ccd
Subpart D - Design and Construction,Sec. 23.721,General.,23-34,02/17/1987,Historical,Final Rule.  Docket No. 23516; Issued on 01/08/87.,32149d4e-62b1-4f7e-a7ec-184ccc98c99f,https://drs.faa.gov/api/content/alf/32149d4e-62b1-4f7e-a7ec-184ccc98c99f
Subpart D - Design and Construction,Sec. 23.721,General.,Initial,02/01/1965,Historical,Final Rule.  Docket No. 4080;  Issued on 09/28/64.,bc2578f1-4184-4624-8e18-f4bee2150f66,https://drs.faa.gov/api/content/alf/bc2578f1-4184-4624-8e18-f4bee2150f66
Subpart D - Design and Construction,Sec. 23.721,Deleted.,23-7,09/14/1969,Historical,Final Rule.  Docket No. 8083; Issued on 08/01/69.,c293f0b4-418e-4b2c-83db-4b300e4961b6,https://drs.faa.gov/api/content/alf/c293f0b4-418e-4b2c-83db-4b300e4961b6
Subpart D - Design and Construction,Sec. 23.723,Shock absorption tests.,23-49,03/11/1996,Historical,Final Rule.  Docket No. 27806; Issued on 01/29/96.,80412779-06a8-45f4-b854-bab5e49b381c,https://drs.faa.gov/api/content/alf/80412779-06a8-45f4-b854-bab5e49b381c
Subpart D - Design and Construction,Sec. 23.723,Shock absorption tests.,Initial,02/01/1965,Historical,Final Rule.  Docket No. 4080;  Issued on 09/28/64.,a29085da-c452-42fd-ad23-b59075603fdb,https://drs.faa.gov/api/content/alf/a29085da-c452-42fd-ad23-b59075603fdb
Subpart D - Design and Construction,Sec. 23.723,Shock absorption tests.,23-23,12/01/1978,Historical,"Final Rule.  Docket No. 14324, 14606, 14625, 14685, 14779; Issued on 10/20/78.",893b2cad-5248-4a88-a660-7ea590bc6732,https://drs.faa.gov/api/content/alf/893b2cad-5248-4a88-a660-7ea590bc6732
Subpart D - Design and Construction,Sec. 23.725,Limit drop tests.,23-48,03/11/1996,Historical,Final Rule.  Docket No. 27805; Issued on 01/29/96.,e1d4944b-c0e7-4735-a09f-a1a85212e161,https://drs.faa.gov/api/content/alf/e1d4944b-c0e7-4735-a09f-a1a85212e161
Subpart D - Design and Construction,Sec. 23.725,Limit drop tests.,Initial,02/01/1965,Historical,Final Rule.  Docket No. 4080;  Issued on 09/28/64.,cafb553d-670a-41b4-88ac-450ee49e9664,https://drs.faa.gov/api/content/alf/cafb553d-670a-41b4-88ac-450ee49e9664
Subpart D - Design and Construction,Sec. 23.725,Limit drop tests.,23-7,09/14/1969,Historical,Final Rule.  Docket No. 8083; Issued on 08/01/69.,91f5a11e-7c51-4915-bcc1-5fe8fdc4765f,https://drs.faa.gov/api/content/alf/91f5a11e-7c51-4915-bcc1-5fe8fdc4765f
Subpart D - Design and Construction,Sec. 23.726,Ground load dynamic tests.,23-7,09/14/1969,Historical,Final Rule.  Docket No. 8083; Issued on 08/01/69.,c35cc7fd-ed6c-412e-a227-727a195648e2,https://drs.faa.gov/api/content/alf/c35cc7fd-ed6c-412e-a227-727a195648e2
Subpart D - Design and Construction,Sec. 23.727,Reserve energy absorption drop tests.,23-7,09/14/1969,Historical,Final Rule.  Docket No. 8083; Issued on 08/01/69.,ce44607a-7257-44da-9c8a-fe0cd0095381,https://drs.faa.gov/api/content/alf/ce44607a-7257-44da-9c8a-fe0cd0095381
Subpart D - Design and Construction,Sec. 23.727,Reserve energy absorption drop test.,Initial,02/01/1965,Historical,Final Rule.  Docket No. 4080;  Issued on 09/28/64.,888884f1-e401-4102-881a-a85a1d2728ca,https://drs.faa.gov/api/content/alf/888884f1-e401-4102-881a-a85a1d2728ca
Subpart D - Design and Construction,Sec. 23.729,Retracting mechanism.,23-7,09/14/1969,Historical,Final Rule.  Docket No. 8083; Issued on 08/01/69.,56f90aa4-e457-46df-b451-e607c804b2f1,https://drs.faa.gov/api/content/alf/56f90aa4-e457-46df-b451-e607c804b2f1
Subpart D - Design and Construction,Sec. 23.729,Retracting mechanism.,23-21,03/01/1978,Historical,"Final Rule.  Docket No. 14684, 14324; Issued on 01/09/78.",769e0696-1559-4433-b31b-535f5f8fa3e7,https://drs.faa.gov/api/content/alf/769e0696-1559-4433-b31b-535f5f8fa3e7
Subpart D - Design and Construction,Sec. 23.729,Landing gear extension and retraction system.,23-49,03/11/1996,Historical,Final Rule.  Docket No. 27806; Issued on 01/29/96.,c962cfe0-50a9-4076-b0ab-696a8aaecfbd,https://drs.faa.gov/api/content/alf/c962cfe0-50a9-4076-b0ab-696a8aaecfbd
Subpart D - Design and Construction,Sec. 23.729,Retracting mechanism.,Initial,02/01/1965,Historical,Final Rule.  Docket No. 4080;  Issued on 09/28/64.,3fa46d65-d415-42dd-8d2c-2469c9c4c217,https://drs.faa.gov/api/content/alf/3fa46d65-d415-42dd-8d2c-2469c9c4c217
Subpart D - Design and Construction,Sec. 23.729,Landing gear extension and retraction system.,23-45,09/07/1993,Historical,Final Rule.  Docket No. 26269; Issued on 05/11/94.,943b2168-1ef4-463c-8981-e039a20a2aaf,https://drs.faa.gov/api/content/alf/943b2168-1ef4-463c-8981-e039a20a2aaf
Subpart D - Design and Construction,Sec. 23.729,(Landing gear extension and retraction system.),23-26,10/14/1980,Historical,"Final Rule.  Docket No. 14779, 14324; Issued on 8/27/80.",c6924613-0e06-4af1-899b-2208cded1b69,https://drs.faa.gov/api/content/alf/c6924613-0e06-4af1-899b-2208cded1b69
Subpart D - Design and Construction,Sec. 23.731,Wheels.,23-45,09/07/1993,Historical,Final Rule.  Docket No. 26269; Issued on 07/28/93.,0b3a355f-5162-4cf1-a72f-f6c9393ccbd2,https://drs.faa.gov/api/content/alf/0b3a355f-5162-4cf1-a72f-f6c9393ccbd2
Subpart D - Design and Construction,Sec. 23.731,Wheels.,Initial,02/01/1965,Historical,Final Rule.  Docket No. 4080;  Issued on 09/28/64.,89bd5539-1cad-408e-bb7d-b6cb1d199302,https://drs.faa.gov/api/content/alf/89bd5539-1cad-408e-bb7d-b6cb1d199302
Subpart D - Design and Construction,Sec. 23.733,Tires.,23-17,02/01/1977,Historical,Final Rule.  Docket No. 14324; Issued on 12/13/76.,0e76665b-4d7e-4499-887c-f8c66e1b11cd,https://drs.faa.gov/api/content/alf/0e76665b-4d7e-4499-887c-f8c66e1b11cd
Subpart D - Design and Construction,Sec. 23.733,Tires.,23-7,09/14/1969,Historical,Final Rule.  Docket No. 8083; Issued on 08/01/69.,913e47cb-89c2-44ab-966f-752034781cd2,https://drs.faa.gov/api/content/alf/913e47cb-89c2-44ab-966f-752034781cd2
Subpart D - Design and Construction,Sec. 23.733,Tires.,Initial,02/01/1965,Historical,Final Rule.  Docket No. 4080;  Issued on 09/28/64.,a377605d-0ead-415a-8548-363c2655d631,https://drs.faa.gov/api/content/alf/a377605d-0ead-415a-8548-363c2655d631
Subpart D - Design and Construction,Sec. 23.733,Tires.,23-45,09/07/1993,Historical,Final Rule.  Docket No. 26269; Issued on 07/28/93.,c07c30cb-dd58-41e0-82aa-2ef554de7a4c,https://drs.faa.gov/api/content/alf/c07c30cb-dd58-41e0-82aa-2ef554de7a4c
Subpart D - Design and Construction,Sec. 23.735,Brakes.,Initial,02/01/1965,Historical,Final Rule.  Docket No. 4080;  Issued on 09/28/64.,a69841ff-68ec-4f89-b440-dc530d12a10d,https://drs.faa.gov/api/content/alf/a69841ff-68ec-4f89-b440-dc530d12a10d
Subpart D - Design and Construction,Sec. 23.735,Brakes.,23-49,03/11/1996,Historical,Final Rule.  Docket No. 27806; Issued on 01/29/96.,140922ed-6de7-4952-9465-dac7e94f81a3,https://drs.faa.gov/api/content/alf/140922ed-6de7-4952-9465-dac7e94f81a3
Subpart D - Design and Construction,Sec. 23.735,Brakes.,23-7,09/14/1969,Historical,Final Rule  Docket No. 8083; Issued on 08/01/69.,071314a4-878b-40d2-84a0-df5297930871,https://drs.faa.gov/api/content/alf/071314a4-878b-40d2-84a0-df5297930871
Subpart D - Design and Construction,Sec. 23.735,Brakes.,23-24,12/31/1979,Historical,Final Rule.  Docket No. 18564; Issued on 11/21/79.,d3c75aeb-b3dd-4323-94b1-6b2d12447cb3,https://drs.faa.gov/api/content/alf/d3c75aeb-b3dd-4323-94b1-6b2d12447cb3
Subpart D - Design and Construction,Sec. 23.735,Brakes.,23-42,02/04/1991,Historical,Final Rule.  Docket No. 25811; Issued on 12/21/90.,a8538b99-c3d2-473a-b5e1-28c48fb78add,https://drs.faa.gov/api/content/alf/a8538b99-c3d2-473a-b5e1-28c48fb78add
Subpart D - Design and Construction,Sec. 23.735,Brakes.,23-62,01/31/2012,Historical,"Amendment 23-62, Published 12/2/2011",381272cd-6a64-4258-83a8-0a917023c3e7,https://drs.faa.gov/api/content/alf/381272cd-6a64-4258-83a8-0a917023c3e7
Subpart D - Design and Construction,Sec. 23.737,Skis.,23-45,09/07/1993,Historical,Final Rule.  Docket No. 26269; Issued on 07/28/93.,d09296c4-a58c-4835-832f-dfe7396a760c,https://drs.faa.gov/api/content/alf/d09296c4-a58c-4835-832f-dfe7396a760c
Subpart D - Design and Construction,Sec. 23.737,Skis.,Initial,02/01/1965,Historical,Final Rule.  Docket No. 4080; Issued on 09/28/64.,a94472d7-9373-414a-8765-62d98d09afb2,https://drs.faa.gov/api/content/alf/a94472d7-9373-414a-8765-62d98d09afb2
Subpart D - Design and Construction,Sec. 23.745,Nose/Tail wheel steering.,23-49,03/11/1996,Historical,Final Rule.  Docket No. 27806; Issued on 01/29/96.,59d68137-24cf-44fd-bfcd-337e768bf3a5,https://drs.faa.gov/api/content/alf/59d68137-24cf-44fd-bfcd-337e768bf3a5
Subpart D - Design and Construction,Sec. 23.751,Main float buoyancy.,23-45,09/07/1993,Historical,Final Rule.  Docket No. 26269; Issued on 07/28/93.,41d2e3bd-0d62-40a9-b386-4ad988789533,https://drs.faa.gov/api/content/alf/41d2e3bd-0d62-40a9-b386-4ad988789533
Subpart D - Design and Construction,Sec. 23.751,Main float buoyancy.,Initial,02/01/1965,Historical,Final Rule.  Docket No. 4080;  Issued on 09/28/64.,bf228ff8-2482-4453-ad68-39a1e4a751e2,https://drs.faa.gov/api/content/alf/bf228ff8-2482-4453-ad68-39a1e4a751e2
Subpart D - Design and Construction,Sec. 23.753,Main float design.,Initial,02/01/1965,Historical,Final Rule.  Docket No. 4080;  Issued on 09/28/64.,330bb833-c211-46e4-b798-027c166c498a,https://drs.faa.gov/api/content/alf/330bb833-c211-46e4-b798-027c166c498a
Subpart D - Design and Construction,Sec. 23.753,Main float design.,23-45,09/07/1993,Historical,Final Rule.  Docket No. 26269; Issued on 07/28/93.,ee8b9629-c49f-47f1-92b4-9cb6194d1806,https://drs.faa.gov/api/content/alf/ee8b9629-c49f-47f1-92b4-9cb6194d1806
Subpart D - Design and Construction,Sec. 23.755,Hulls.,Initial,02/01/1965,Historical,Final Rule.  Docket No. 4080;  Issued on 09/28/64.,de05880b-6cc4-4422-aa2e-1551d57188be,https://drs.faa.gov/api/content/alf/de05880b-6cc4-4422-aa2e-1551d57188be
Subpart D - Design and Construction,Sec. 23.755,Hulls.,23-48,03/11/1996,Historical,Final Rule.  Docket No. 27805; Issued on 01/29/96.,1930c608-84b8-4952-bf80-5382983bb13b,https://drs.faa.gov/api/content/alf/1930c608-84b8-4952-bf80-5382983bb13b
Subpart D - Design and Construction,Sec. 23.755,Hulls.,23-45,09/07/1993,Historical,Final Rule.  Docket No. 26269; Issued on 07/28/93.,1d1c7a76-5569-4b43-bc5c-446179f2e28a,https://drs.faa.gov/api/content/alf/1d1c7a76-5569-4b43-bc5c-446179f2e28a
Subpart D - Design and Construction,Sec. 23.757,Auxiliary floats.,Initial,02/01/1965,Historical,Final Rule.  Docket No. 4080;  Issued on 09/28/64.,6c164126-1c21-4380-b5b0-9c5b24400a5a,https://drs.faa.gov/api/content/alf/6c164126-1c21-4380-b5b0-9c5b24400a5a
Subpart D - Design and Construction,Sec. 23.771,Pilot compartment.,23-14,12/20/1973,Historical,Final Rule.  Docket No. 11011; Issued on 11/07/73.,0547fbf8-5e48-465f-badb-2ebd03844e77,https://drs.faa.gov/api/content/alf/0547fbf8-5e48-465f-badb-2ebd03844e77
Subpart D - Design and Construction,Sec. 23.771,Pilot compartment.,Initial,02/01/1965,Historical,Final Rule.  Docket No. 4080;  Issued on 09/28/64.,b43dce73-8964-422f-a144-622d2bf6a995,https://drs.faa.gov/api/content/alf/b43dce73-8964-422f-a144-622d2bf6a995
Subpart D - Design and Construction,Sec. 23.773,Pilot compartment view.,23-63,03/21/2017,Historical,"Doc. No. 26269, 58 FR 42165, Aug. 6, 1993; 71 FR 537, Jan. 5, 2006; Docket FAA-2013-0485, Amdt. 23-63, 81 FR 90169, Dec. 13, 2016",ec50ba0d-a3dd-4c2f-8300-0e7a565d2c42,https://drs.faa.gov/api/content/alf/ec50ba0d-a3dd-4c2f-8300-0e7a565d2c42
Subpart D - Design and Construction,Sec. 23.773,Pilot compartment view.,23-45,09/07/1993,Historical,Final Rule.  Docket No. 26269; Issued on 07/28/93.,e53201e0-92cc-4a13-8a18-8f816600f12b,https://drs.faa.gov/api/content/alf/e53201e0-92cc-4a13-8a18-8f816600f12b
Subpart D - Design and Construction,Sec. 23.773,Pilot compartment view.,23-45C,01/05/2006,Historical,"Final Rule.  Docket No. 26269; Issued on 07/28/93.
Correction, Issued 12/29/2005",34a5f81a-6e10-4fbb-aaef-1ae7a55e7ce5,https://drs.faa.gov/api/content/alf/34a5f81a-6e10-4fbb-aaef-1ae7a55e7ce5
Subpart D - Design and Construction,Sec. 23.773,Pilot compartment view.,23-14,12/20/1973,Historical,Final Rule.  Docket No. 11011; Issued on 11/07/73.,be63cfc9-9a25-415f-a9dd-a802f4ad936f,https://drs.faa.gov/api/content/alf/be63cfc9-9a25-415f-a9dd-a802f4ad936f
Subpart D - Design and Construction,Sec. 23.773,Pilot compartment view.,Initial,02/01/1965,Historical,Final Rule.  Docket No. 4080;  Issued on 09/28/64.,e949e915-1336-4f21-94fc-7c4f02e39c25,https://drs.faa.gov/api/content/alf/e949e915-1336-4f21-94fc-7c4f02e39c25
Subpart D - Design and Construction,Sec. 23.775,Windshields and windows.,23-45,09/07/1993,Historical,Final Rule.  Docket No. 26269; Issued on 07/28/93.,a5997b72-f1ec-4b11-86e4-0b8b86107f34,https://drs.faa.gov/api/content/alf/a5997b72-f1ec-4b11-86e4-0b8b86107f34
Subpart D - Design and Construction,Sec. 23.775,Windshields and windows.,Initial,02/01/1965,Historical,Final Rule.  Docket No. 4080;  Issued on 09/28/64.,4db70a8a-af18-4948-b15c-4dfb31ce7c05,https://drs.faa.gov/api/content/alf/4db70a8a-af18-4948-b15c-4dfb31ce7c05
Subpart D - Design and Construction,Sec. 23.775,Windshields and windows.,23-49,03/11/1996,Historical,Final Rule.  Docket No. 27806; Issued on 01/29/96.,e1611328-6d3e-4c71-8ba6-4842b83fad29,https://drs.faa.gov/api/content/alf/e1611328-6d3e-4c71-8ba6-4842b83fad29
Subpart D - Design and Construction,Sec. 23.775,Windshields and windows.,23-7,09/14/1969,Historical,Final Rule.  Docket No. 8083; Issued on 08/01/69.,777d4baf-8829-4162-941e-b353730990a0,https://drs.faa.gov/api/content/alf/777d4baf-8829-4162-941e-b353730990a0
Subpart D - Design and Construction,Sec. 23.777,Cockpit controls.,23-62,01/31/2012,Historical,"Amendment 23-62, Published 12/2/2011",84dbf9dc-dd6b-4a00-b5c3-8392249f82fa,https://drs.faa.gov/api/content/alf/84dbf9dc-dd6b-4a00-b5c3-8392249f82fa
Subpart D - Design and Construction,Sec. 23.777,Cockpit controls.,23-51,03/11/1996,Historical,Final Rule.  Docket No. 27804; Issued on 01/29/96.,31db42d9-0d3a-4c3a-a7c4-12c621498ad1,https://drs.faa.gov/api/content/alf/31db42d9-0d3a-4c3a-a7c4-12c621498ad1
Subpart D - Design and Construction,Sec. 23.777,Cockpit controls.,23-7,09/14/1969,Historical,Final Rule.  Docket No. 8083; Issued on 08/01/69.,bddc47a1-6014-45c6-b8bf-d079172453db,https://drs.faa.gov/api/content/alf/bddc47a1-6014-45c6-b8bf-d079172453db
Subpart D - Design and Construction,Sec. 23.777,Cockpit controls.,Initial,02/01/1965,Historical,Final Rule.  Docket No. 4080;  Issued on 09/28/64.,fb4fc165-5c34-4da6-b94b-fff87a41cac4,https://drs.faa.gov/api/content/alf/fb4fc165-5c34-4da6-b94b-fff87a41cac4
Subpart D - Design and Construction,Sec. 23.777,Cockpit controls.,23-33,08/11/1986,Historical,Final Rule.  Docket No. 24191; Issued on 07/07/86.,0d5e8bb5-9bcb-4c3d-b386-7e011f58d489,https://drs.faa.gov/api/content/alf/0d5e8bb5-9bcb-4c3d-b386-7e011f58d489
Subpart D - Design and Construction,Sec. 23.779,Motion and effect of cockpit controls.,Initial,02/01/1965,Historical,Final Rule.  Docket No. 4080;  Issued on 09/28/64.,cb4113ae-5133-431c-9861-1b4f9e82ec36,https://drs.faa.gov/api/content/alf/cb4113ae-5133-431c-9861-1b4f9e82ec36
Subpart D - Design and Construction,Sec. 23.779,Motion and effect of cockpit controls.,23-51,03/11/1996,Historical,Final Rule.  Docket No. 27804; Issued on 01/29/96.,94bfa902-659c-4b3a-a44f-e1df943d29d7,https://drs.faa.gov/api/content/alf/94bfa902-659c-4b3a-a44f-e1df943d29d7
Subpart D - Design and Construction,Sec. 23.779,Motion and effect of cockpit controls.,23-33,08/11/1986,Historical,Final Rule.  Docket No. 24191; Issued on 07/07/86.,4f1913f9-57c8-41b3-b632-148cb125597f,https://drs.faa.gov/api/content/alf/4f1913f9-57c8-41b3-b632-148cb125597f
Subpart D - Design and Construction,Sec. 23.781,Cockpit control knob shape.,Initial,02/01/1965,Historical,Final Rule.  Docket No. 4080;  Issued on 09/28/64.,77b2ad98-0deb-4388-a23f-d69603142c23,https://drs.faa.gov/api/content/alf/77b2ad98-0deb-4388-a23f-d69603142c23
Subpart D - Design and Construction,Sec. 23.781,Cockpit control knob shape.,23-33,08/11/1986,Historical,Final Rule.  Docket No. 24191; Issued on 07/07/86.,9d4b3cf1-a69c-454f-9e2f-c498d9faeacb,https://drs.faa.gov/api/content/alf/9d4b3cf1-a69c-454f-9e2f-c498d9faeacb
Subpart D - Design and Construction,Sec. 23.783,Doors.,23-34,02/17/1987,Historical,Final Rule.  Docket No. 23516; Issued on 01/08/87.,4c69fd71-834b-4bb4-9ea7-ef0803d14a34,https://drs.faa.gov/api/content/alf/4c69fd71-834b-4bb4-9ea7-ef0803d14a34
Subpart D - Design and Construction,Sec. 23.783,Doors.,23-46,06/16/1994,Historical,Final Rule.  Docket No. 26324; Issued on 05/11/94.,b32ad680-c123-4b75-b267-aa1d924f0f45,https://drs.faa.gov/api/content/alf/b32ad680-c123-4b75-b267-aa1d924f0f45
Subpart D - Design and Construction,Sec. 23.783,Doors.,23-36,09/14/1988,Historical,Final Rule.  Docket No. 25147; Issued on 08/08/88.,ed923b46-a6fb-4642-a4e2-95ff8490763a,https://drs.faa.gov/api/content/alf/ed923b46-a6fb-4642-a4e2-95ff8490763a
Subpart D - Design and Construction,Sec. 23.783,Doors.,Initial,02/01/1965,Historical,Final Rule.  Docket No. 4080;  Issued on 09/28/64.,a5cbee5b-1dc3-4022-9f54-0a47a573d84c,https://drs.faa.gov/api/content/alf/a5cbee5b-1dc3-4022-9f54-0a47a573d84c
Subpart D - Design and Construction,Sec. 23.783,Doors.,23-49,03/11/1996,Historical,Final Rule.  Docket No. 27806; Issued on 01/29/96.,9803c1e3-f7c1-49fb-90fe-0e7d022167ce,https://drs.faa.gov/api/content/alf/9803c1e3-f7c1-49fb-90fe-0e7d022167ce
Subpart D - Design and Construction,Sec. 23.785,"Seats, berths, safety belts, and harnesses.",23-19,07/18/1977,Historical,Final Rule.  Docket No. 10162; Issued on 06/09/77.,fee10f08-a274-4c6a-a6ac-530cd1ead76b,https://drs.faa.gov/api/content/alf/fee10f08-a274-4c6a-a6ac-530cd1ead76b
Subpart D - Design and Construction,Sec. 23.785,"Seats, berths, litters, safety belts, and shoulder harnesses.",23-36,09/14/1988,Historical,Final Rule.  Docket No. 25147; Issued on 08/08/88.,c5ea2f8d-51b1-4104-aa15-70521ba195be,https://drs.faa.gov/api/content/alf/c5ea2f8d-51b1-4104-aa15-70521ba195be
Subpart D - Design and Construction,Sec. 23.785,"Seats, berths, litters, safety belts, and shoulder harnesses.",23-49,03/11/1996,Historical,Final Rule.  Docket No. 27806; Issued on 01/29/96.,2a3d05e0-e41f-4381-bcfa-d270ebd21db9,https://drs.faa.gov/api/content/alf/2a3d05e0-e41f-4381-bcfa-d270ebd21db9
Subpart D - Design and Construction,Sec. 23.785,Seats and berths.,23-7,09/14/1969,Historical,Final Rule.  Docket No. 8083; Issued on 08/01/69.,c29b1751-54c2-4fd3-a51c-032ad34e3ee8,https://drs.faa.gov/api/content/alf/c29b1751-54c2-4fd3-a51c-032ad34e3ee8
Subpart D - Design and Construction,Sec. 23.785,"Seats, berths, safety belts, and harnesses.",23-34,02/17/1987,Historical,Final Rule.  Docket No. 23516; Issued on 01/08/87.,329d327a-5e3e-4bda-b70d-e76d7681d9ba,https://drs.faa.gov/api/content/alf/329d327a-5e3e-4bda-b70d-e76d7681d9ba
Subpart D - Design and Construction,Sec. 23.785,Seats and berths.,Initial,02/01/1965,Historical,Final Rule.  Docket No. 4080;  Issued on 09/28/64.,908d3b2f-9621-4d5e-9313-536cb25c371c,https://drs.faa.gov/api/content/alf/908d3b2f-9621-4d5e-9313-536cb25c371c
Subpart D - Design and Construction,Sec. 23.785,"Seats, berths, safety belts, and harnesses.",23-23,12/01/1978,Historical,"Final Rule.  Docket No. 14324, 14606, 14625, 14685, 14779; Issued on 10/20/78.",4d636b67-cc1b-4ed8-a04d-e7d56d3d7f43,https://drs.faa.gov/api/content/alf/4d636b67-cc1b-4ed8-a04d-e7d56d3d7f43
Subpart D - Design and Construction,Sec. 23.785,"Seats, berths, safety belts, and harnesses.",23-32,12/12/1985,Historical,Final Rule.  Docket No. 23815; Issued on 11/06/85.,8f375847-0b6c-4456-8154-dabe4fb85d0f,https://drs.faa.gov/api/content/alf/8f375847-0b6c-4456-8154-dabe4fb85d0f
Subpart D - Design and Construction,Sec. 23.787,Cargo compartments.,23-17,02/01/1977,Historical,Final Rule.  Docket No. 14324; Issued on 12/13/76.,a71c09a4-6c1e-459d-8f87-197005fda273,https://drs.faa.gov/api/content/alf/a71c09a4-6c1e-459d-8f87-197005fda273
Subpart D - Design and Construction,Sec. 23.787,Baggage and [cargo compartments.],23-36,09/14/1988,Historical,Final Rule.  Docket No. 25147; Issued on 08/08/88.,734d249d-0525-4e12-98c1-9af94979948a,https://drs.faa.gov/api/content/alf/734d249d-0525-4e12-98c1-9af94979948a
Subpart D - Design and Construction,Sec. 23.787,Cargo compartments.,Initial,02/01/1965,Historical,Final Rule.  Docket No. 4080;  Issued on 09/28/64.,cb0a81ab-9757-4f1f-8e79-d47b1c6692c1,https://drs.faa.gov/api/content/alf/cb0a81ab-9757-4f1f-8e79-d47b1c6692c1
Subpart D - Design and Construction,Sec. 23.787,Cargo compartments.,23-14,12/20/1973,Historical,Final Rule.  Docket No. 11011; Issued on 11/07/73.,cccb4711-b574-466f-9151-7d2622fe45fc,https://drs.faa.gov/api/content/alf/cccb4711-b574-466f-9151-7d2622fe45fc
Subpart D - Design and Construction,Sec. 23.787,Baggage and cargo compartments.,23-49,03/11/1996,Historical,Final Rule.  Docket No. 27806; Issued on 01/29/96.,63b8d152-3635-4aeb-a368-06e93ff2bab2,https://drs.faa.gov/api/content/alf/63b8d152-3635-4aeb-a368-06e93ff2bab2
Subpart D - Design and Construction,Sec. 23.787,Cargo compartments.,23-34,02/17/1987,Historical,Final Rule.  Docket No. 23516; Issued on 01/08/87.,c87185e9-c24d-4b8e-b164-3f3fd0298ce7,https://drs.faa.gov/api/content/alf/c87185e9-c24d-4b8e-b164-3f3fd0298ce7
Subpart D - Design and Construction,Sec. 23.791,Passenger information signs.,23-49,03/11/1996,Historical,Final Rule.  Docket No. 27806; Issued on 01/29/96.,96ded00c-764f-4f37-b75f-f876ac4c2d0a,https://drs.faa.gov/api/content/alf/96ded00c-764f-4f37-b75f-f876ac4c2d0a
Subpart D - Design and Construction,Sec. 23.803,Emergency evacuation.,23-46,06/16/1994,Historical,Final Rule.  Docket No. 26324; Issued on 05/11/94.,00d72187-2f7a-4d9d-82df-2d603917118e,https://drs.faa.gov/api/content/alf/00d72187-2f7a-4d9d-82df-2d603917118e
Subpart D - Design and Construction,Sec. 23.803,Emergency evacuation.,23-34,02/17/1987,Historical,Final Rule.  Docket No. 23516; Issued on 01/08/87.,e6dba93e-aa07-44fe-a135-88a66e62d493,https://drs.faa.gov/api/content/alf/e6dba93e-aa07-44fe-a135-88a66e62d493
Subpart D - Design and Construction,Sec. 23.805,Flightcrew emergency exits.,23-46,06/16/1994,Historical,Final Rule.  Docket No. 26324; Issued on 05/11/94.,7c025574-39c0-4696-8f17-0678c121a193,https://drs.faa.gov/api/content/alf/7c025574-39c0-4696-8f17-0678c121a193
Subpart D - Design and Construction,Sec. 23.807,Emergency exists.,23-7,09/14/1969,Historical,Final Rule.  Docket No. 8083; Issued on 08/01/69.,8cc8d289-314d-4fda-b838-5747a6eebb16,https://drs.faa.gov/api/content/alf/8cc8d289-314d-4fda-b838-5747a6eebb16
Subpart D - Design and Construction,Sec. 23.807,Emergency exits.,23-49,03/11/1996,Historical,Final Rule.  Docket No. 27806; Issued on 01/29/96.,ab4466b3-f0c3-4db4-8082-2ec67616733d,https://drs.faa.gov/api/content/alf/ab4466b3-f0c3-4db4-8082-2ec67616733d
Subpart D - Design and Construction,Sec. 23.807,Emergency exits.,23-36,09/14/1988,Historical,Final Rule.  Docket No. 25147; Issued on 08/08/88.,c005e1cd-9c51-4645-81bd-77c2087e7198,https://drs.faa.gov/api/content/alf/c005e1cd-9c51-4645-81bd-77c2087e7198
Subpart D - Design and Construction,Sec. 23.807,Emergency exits.,23-34,02/17/1987,Historical,Final Rule.  Docket No. 23516; Issued on 01/08/87.,b61fdeec-4170-41c2-86e4-13d7875f0a58,https://drs.faa.gov/api/content/alf/b61fdeec-4170-41c2-86e4-13d7875f0a58
Subpart D - Design and Construction,Sec. 23.807,Emergency exits.,23-10,03/13/1971,Historical,Final Rule.  Docket No. 10405; Issued on 02/05/71.,405bad4f-004e-434b-9c4f-35ca49f3a458,https://drs.faa.gov/api/content/alf/405bad4f-004e-434b-9c4f-35ca49f3a458
Subpart D - Design and Construction,Sec. 23.807,Emergency exits.,Initial,02/01/1965,Historical,Final Rule.  Docket No. 4080;  Issued on 09/28/64.,c5685486-99e5-4b65-9a40-c5ffe92be3d0,https://drs.faa.gov/api/content/alf/c5685486-99e5-4b65-9a40-c5ffe92be3d0
Subpart D - Design and Construction,Sec. 23.807,Emergency exits.,23-46,06/16/1994,Historical,Final Rule.  Docket No. 26324; Issued on 05/11/94.,bb712749-6ce1-43be-b9d4-6976c03c6a17,https://drs.faa.gov/api/content/alf/bb712749-6ce1-43be-b9d4-6976c03c6a17
Subpart D - Design and Construction,Sec. 23.807,Emergency exits.,23-62,01/31/2012,Historical,"Amendment 23-62, Published 12/2/2011",96b035ed-a7b9-4f6e-9f31-391bea323d0f,https://drs.faa.gov/api/content/alf/96b035ed-a7b9-4f6e-9f31-391bea323d0f
Subpart D - Design and Construction,Sec. 23.811,Emergency exit marking.,23-36,09/14/1988,Historical,Final Rule.  Docket No. 25147; Issued on 08/08/88.,7cde5d97-e880-47d0-9c30-6707f03a37e2,https://drs.faa.gov/api/content/alf/7cde5d97-e880-47d0-9c30-6707f03a37e2
Subpart D - Design and Construction,Sec. 23.811,Emergency exit marking.,23-46,06/16/1994,Historical,Final Rule.  Docket No. 26324; Issued on 05/11/94.,727476d3-ddce-4991-b886-82598826828d,https://drs.faa.gov/api/content/alf/727476d3-ddce-4991-b886-82598826828d
Subpart D - Design and Construction,Sec. 23.812,Emergency lighting.,23-46,06/16/1994,Historical,Final Rule.  Docket No. 26324; Issued on 05/11/94.,a924a785-7e7b-403f-bf77-4e17e14e668d,https://drs.faa.gov/api/content/alf/a924a785-7e7b-403f-bf77-4e17e14e668d
Subpart D - Design and Construction,Sec. 23.813,Emergency exit access.,23-46,06/16/1994,Historical,Final Rule.  Docket No. 26324; Issued on 05/11/94.,68d136ae-df73-47b1-aacc-7de80fcb17c0,https://drs.faa.gov/api/content/alf/68d136ae-df73-47b1-aacc-7de80fcb17c0
Subpart D - Design and Construction,Sec. 23.813,Emergency exit access.,23-36,09/14/1988,Historical,Final Rule.  Docket No. 25147; Issued on 08/08/88.,5557a4be-65e4-49ce-96c2-dd03d732349f,https://drs.faa.gov/api/content/alf/5557a4be-65e4-49ce-96c2-dd03d732349f
Subpart D - Design and Construction,Sec. 23.815,Width of aisle.,23-46,06/16/1994,Historical,Final Rule.  Docket No. 26324; Issued on 05/11/94.,25599e95-331e-4ac2-a345-8557848bb226,https://drs.faa.gov/api/content/alf/25599e95-331e-4ac2-a345-8557848bb226
Subpart D - Design and Construction,Sec. 23.815,Width of aisle.,23-34,02/17/1987,Historical,Final Rule.  Docket No. 23516; Issued on 01/08/87.,1e667c8c-0a4d-4491-86d5-6ba0e42b6861,https://drs.faa.gov/api/content/alf/1e667c8c-0a4d-4491-86d5-6ba0e42b6861
Subpart D - Design and Construction,Sec. 23.831,Ventilation.,23-62,01/31/2012,Historical,"Amendment 23-62, Published 12/2/2011",9b64b8e3-6080-412d-8416-0261f25fea1c,https://drs.faa.gov/api/content/alf/9b64b8e3-6080-412d-8416-0261f25fea1c
Subpart D - Design and Construction,Sec. 23.831,Ventilation.,Initial,02/01/1965,Historical,Final Rule.  Docket No. 4080;  Issued on 09/28/64.,d4e8216d-648a-415e-8785-844a1e19cb8d,https://drs.faa.gov/api/content/alf/d4e8216d-648a-415e-8785-844a1e19cb8d
Subpart D - Design and Construction,Sec. 23.831,Ventilation.,23-42,02/04/1991,Historical,Final Rule.  Docket No. 25811; Issued on 12/21/90.,9b637f75-ef79-4eae-8e91-04b3a6f028d1,https://drs.faa.gov/api/content/alf/9b637f75-ef79-4eae-8e91-04b3a6f028d1
Subpart D - Design and Construction,Sec. 23.831,Ventilation.,23-34,02/17/1987,Historical,Final Rule.  Docket No. 23516; Issued on 01/08/87.,6dd22dfa-0ff6-496b-a29e-dfe7087b8e3c,https://drs.faa.gov/api/content/alf/6dd22dfa-0ff6-496b-a29e-dfe7087b8e3c
Subpart D - Design and Construction,Sec. 23.841,Pressurized cabins.,23-49,03/11/1996,Historical,Final Rule.  Docket No. 27806; Issued on 01/29/96.,3151b04c-74a5-42e0-b49a-5d0fc941d6f8,https://drs.faa.gov/api/content/alf/3151b04c-74a5-42e0-b49a-5d0fc941d6f8
Subpart D - Design and Construction,Sec. 23.841,Pressurized cabins.,Initial,02/01/1965,Historical,Final Rule.  Docket No. 4080;  Issued on 09/28/64.,5629c8d7-637d-4358-a230-430bcf94f4e1,https://drs.faa.gov/api/content/alf/5629c8d7-637d-4358-a230-430bcf94f4e1
Subpart D - Design and Construction,Sec. 23.841,Pressurized cabins.,23-17,02/01/1977,Historical,Final Rule.  Docket No. 14324; Issued on 12/13/76.,2a009f06-a55c-4a2f-b755-ebe36dd51fd8,https://drs.faa.gov/api/content/alf/2a009f06-a55c-4a2f-b755-ebe36dd51fd8
Subpart D - Design and Construction,Sec. 23.841,Pressurized cabins.,23-14,12/20/1973,Historical,Final Rule.  Docket No. 11011; Issued on 11/07/73.,bd2270b2-0d38-49b6-9642-15b528a2f957,https://drs.faa.gov/api/content/alf/bd2270b2-0d38-49b6-9642-15b528a2f957
Subpart D - Design and Construction,Sec. 23.841,Pressurized cabins.,23-7,09/14/1969,Historical,Final Rule.  Docket No. 8083; Issued on 08/01/69.,10e78555-8efc-476c-b260-123cc3e5e167,https://drs.faa.gov/api/content/alf/10e78555-8efc-476c-b260-123cc3e5e167
Subpart D - Design and Construction,Sec. 23.841,Pressurized cabins.,23-62,01/31/2012,Historical,"Amdt. 23-62, Eff. 1/31/2012",b34595b6-0f9d-48b5-a072-bacd38016512,https://drs.faa.gov/api/content/alf/b34595b6-0f9d-48b5-a072-bacd38016512
Subpart D - Design and Construction,Sec. 23.843,Pressurization tests.,Initial,02/01/1965,Historical,Final Rule.  Docket No. 4080;  Issued on 09/28/64.,c4ab8aa1-df12-4bbc-92cb-af772f3351fd,https://drs.faa.gov/api/content/alf/c4ab8aa1-df12-4bbc-92cb-af772f3351fd
Subpart D - Design and Construction,Sec. 23.851,Fire extinguishers.,23-45,09/07/1993,Historical,Final Rule.  Docket No. 26269; Issued on 07/28/93.,a6ebe9ed-60f8-4123-8240-bbf40ad236c6,https://drs.faa.gov/api/content/alf/a6ebe9ed-60f8-4123-8240-bbf40ad236c6
Subpart D - Design and Construction,Sec. 23.851,Fire extinguishers.,23-34,02/17/1987,Historical,Final Rule.  Docket No. 23516; Issued on 01/08/87.,624496c2-383a-4e47-815a-fcd407fb5e4f,https://drs.faa.gov/api/content/alf/624496c2-383a-4e47-815a-fcd407fb5e4f
Subpart D - Design and Construction,Sec. 23.853,Compartment interiors.,23-23,12/01/1978,Historical,"Final Rule.  Docket No. 14324, 14606, 14625, 14685, 14779; Issued on 10/20/78.",248e8ee5-5fc3-4918-90d4-b685fa40ad05,https://drs.faa.gov/api/content/alf/248e8ee5-5fc3-4918-90d4-b685fa40ad05
Subpart D - Design and Construction,Sec. 23.853,Passenger and crew compartment interiors.,23-62,01/31/2012,Historical,"Amendment 23-62, Published 12/2/2011",b51af3f5-6002-44cb-ad41-592d6f772766,https://drs.faa.gov/api/content/alf/b51af3f5-6002-44cb-ad41-592d6f772766
Subpart D - Design and Construction,Sec. 23.853,Compartment interiors.,Initial,02/01/1965,Historical,Final Rule.  Docket No. 4080;  Issued on 09/28/64.,6524515d-bea3-44b5-8453-ae0842d18d2e,https://drs.faa.gov/api/content/alf/6524515d-bea3-44b5-8453-ae0842d18d2e
Subpart D - Design and Construction,Sec. 23.853,Compartment interiors.,23-14,12/20/1973,Historical,Final Rule.  Docket No. 11011; Issued on 11/07/73.,c0d2e406-f60b-4b64-9e9b-b844e207e079,https://drs.faa.gov/api/content/alf/c0d2e406-f60b-4b64-9e9b-b844e207e079
Subpart D - Design and Construction,Sec. 23.853,Compartment interiors.,23-25,03/06/1980,Historical,"Final Rule.  Docket No. 14779, 14324; Issued on 01/29/80.",6b3f8e82-e51d-49f1-b746-056fe0c588fd,https://drs.faa.gov/api/content/alf/6b3f8e82-e51d-49f1-b746-056fe0c588fd
Subpart D - Design and Construction,Sec. 23.853,Compartment interiors.,23-34,02/17/1987,Historical,Final Rule.  Docket No. 23516; Issued on 01/08/87.,1846fe44-bf11-4783-ace4-43f42593be6d,https://drs.faa.gov/api/content/alf/1846fe44-bf11-4783-ace4-43f42593be6d
Subpart D - Design and Construction,Sec. 23.853,(Passenger and crew compartment interiors.),23-49,03/11/1996,Historical,Final Rule.  Docket No. 27806; Issued on 01/29/96.,7755c87c-952d-4d8b-b183-d0e6b84e000c,https://drs.faa.gov/api/content/alf/7755c87c-952d-4d8b-b183-d0e6b84e000c
Subpart D - Design and Construction,Sec. 23.855,Cargo and baggage compartment fire protection.,23-49,03/11/1996,Historical,Final Rule.  Docket No. 27806; Issued on 01/29/96.,9c85762e-eb3a-4c2f-bf00-5e7e6091d9da,https://drs.faa.gov/api/content/alf/9c85762e-eb3a-4c2f-bf00-5e7e6091d9da
Subpart D - Design and Construction,Sec. 23.856,Thermal/acoustic insulation materials.,23-62,01/31/2012,Historical,"Amendment 23-62, Published 12/2/2011",cd34abc5-95fe-47b9-ac46-f32d2d3a3b60,https://drs.faa.gov/api/content/alf/cd34abc5-95fe-47b9-ac46-f32d2d3a3b60
Subpart D - Design and Construction,Sec. 23.859,Combustion heater fire protection.,23-27,11/18/1980,Historical,Final Rule.  Docket No. 20052; Issued on 10/10/80.,db2a4124-62ce-4dea-a148-0f107ac862d7,https://drs.faa.gov/api/content/alf/db2a4124-62ce-4dea-a148-0f107ac862d7
Subpart D - Design and Construction,Sec. 23.859,Combustion heater fire protection.,Initial,02/01/1965,Historical,Final Rule.  Docket No. 4080;  Issued on 09/28/64.,303fa281-7158-454a-ad7f-26cf4e6451f0,https://drs.faa.gov/api/content/alf/303fa281-7158-454a-ad7f-26cf4e6451f0
Subpart D - Design and Construction,Sec. 23.859,Combustion heater fire protection.,23-5,06/04/1967,Historical,Final Rule.  Docket No. 7095; Issued on 04/28/67.,9c3f2fee-c8e2-4931-8b08-fb40c04fd076,https://drs.faa.gov/api/content/alf/9c3f2fee-c8e2-4931-8b08-fb40c04fd076
Subpart D - Design and Construction,Sec. 23.863,Flammable fluid fire protection.,23-23,12/01/1978,Historical,"Final Rule.  Docket No. 14324, 14606, 14625, 14685, 14779; Issued on 10/20/78.",b26250a5-a394-476e-a64b-3cec5cfe9f76,https://drs.faa.gov/api/content/alf/b26250a5-a394-476e-a64b-3cec5cfe9f76
Subpart D - Design and Construction,Sec. 23.863,Flammable fluid fire protection.,23-34,02/17/1987,Historical,Final Rule.  Docket No. 23516; Issued on 01/08/87.,0974b3dd-7e1b-4f43-a566-6f369f98c429,https://drs.faa.gov/api/content/alf/0974b3dd-7e1b-4f43-a566-6f369f98c429
Subpart D - Design and Construction,Sec. 23.865,"Fire protection of flight controls, engine mounts, and other flight structure.",23-48,03/11/1996,Historical,Final Rule.  Docket No. 27805; Issued on 01/29/96.,870e70ea-bbc1-4e97-850f-3f945d6aa861,https://drs.faa.gov/api/content/alf/870e70ea-bbc1-4e97-850f-3f945d6aa861
Subpart D - Design and Construction,Sec. 23.865,Fire protection of flight controls and other flight structure.,23-14,12/20/1973,Historical,Final Rule.  Docket No. 11011; Issued on 11/07/73.,cfb5de27-10f6-4afb-8a7e-21e57b0833cb,https://drs.faa.gov/api/content/alf/cfb5de27-10f6-4afb-8a7e-21e57b0833cb
Subpart D - Design and Construction,Sec. 23.865,"Fire protection of flight controls, [engine mounts,] and other flight 
structure.",23-45,09/07/1993,Historical,Final Rule.  Docket No. 26269; Issued on 07/28/93.,4a1d97d0-32fe-4741-8536-1757928f51d7,https://drs.faa.gov/api/content/alf/4a1d97d0-32fe-4741-8536-1757928f51d7
Subpart D - Design and Construction,Sec. 23.867,Electrical bonding and protection against lightning and static electricity.,23-49,03/11/1996,Historical,Final Rule.  Docket No. 27806; Issued on 01/29/96.,f6609784-db97-4cea-9d33-512ba6df9ce3,https://drs.faa.gov/api/content/alf/f6609784-db97-4cea-9d33-512ba6df9ce3
Subpart D - Design and Construction,Sec. 23.867,Lightning protection of structure.,23-7,09/14/1969,Historical,Final Rule.  Docket No. 8083; Issued on 08/01/69.,843aa6f9-5852-4eae-9b7a-714ea4677ce3,https://drs.faa.gov/api/content/alf/843aa6f9-5852-4eae-9b7a-714ea4677ce3
Subpart D - Design and Construction,Sec. 23.871,Leveling means.,23-7,09/14/1969,Historical,Final Rule.  Docket No. 8083; Issued on 08/01/69.,63fabd9b-1217-4b40-b887-a0aaa5372cc6,https://drs.faa.gov/api/content/alf/63fabd9b-1217-4b40-b887-a0aaa5372cc6
Subpart D - Design and Construction,Sec. 23.871,Leveling marks.,Initial,02/01/1965,Historical,Final Rule.  Docket No. 4080;  Issued on 09/28/64.,5ac846bf-0fa7-4a97-895d-bfa3381cc4dc,https://drs.faa.gov/api/content/alf/5ac846bf-0fa7-4a97-895d-bfa3381cc4dc
Subpart E - Powerplant,Sec. 23.901,Installation.,23-7,09/14/1969,Historical,Final Rule.  Docket No. 8083; Issued on 08/01/69.,0f5bc4dc-2ad9-4275-a6df-75b08aaec4d3,https://drs.faa.gov/api/content/alf/0f5bc4dc-2ad9-4275-a6df-75b08aaec4d3
Subpart E - Powerplant,Sec. 23.901,Installation.,23-34,02/17/1987,Historical,Final Rule.  Docket No. 23516; Issued on 01/08/87.,a412c1a3-b287-4608-8dd2-3d7106499d65,https://drs.faa.gov/api/content/alf/a412c1a3-b287-4608-8dd2-3d7106499d65
Subpart E - Powerplant,Sec. 23.901,Installation.,23-18,05/02/1977,Historical,"Final Rule.  Docket No. 14606, 14324; Issued on 03/10/77.",0f8ad353-e3a8-426d-bf38-512ffb6d311f,https://drs.faa.gov/api/content/alf/0f8ad353-e3a8-426d-bf38-512ffb6d311f
Subpart E - Powerplant,Sec. 23.901,Installation.,23-53,04/30/1998,Historical,Final Rule.  Docket No. 28652; Issued on 03/20/98.,d742e5d7-ff17-4b1b-bac6-d71d1ec09ee7,https://drs.faa.gov/api/content/alf/d742e5d7-ff17-4b1b-bac6-d71d1ec09ee7
Subpart E - Powerplant,Sec. 23.901,Installation.,23-43,05/10/1993,Historical,Final Rule.  Docket No. 26344;  Issued on 03/29/93.,f0acf043-321a-4ad0-8b45-a9dd87ba88fa,https://drs.faa.gov/api/content/alf/f0acf043-321a-4ad0-8b45-a9dd87ba88fa
Subpart E - Powerplant,Sec. 23.901,Installation.,Initial,02/01/1965,Historical,Final Rule.  Docket No. 4080;  Issued on 09/28/64.,f0219178-7f8a-43de-bb0a-8cde9b23a631,https://drs.faa.gov/api/content/alf/f0219178-7f8a-43de-bb0a-8cde9b23a631
Subpart E - Powerplant,Sec. 23.901,Installation.,23-51,03/11/1996,Historical,Final Rule.  Docket No. 27804; Issued on 01/29/96.,7436f14d-a7af-4f21-9c0d-35dc715b0ea9,https://drs.faa.gov/api/content/alf/7436f14d-a7af-4f21-9c0d-35dc715b0ea9
Subpart E - Powerplant,Sec. 23.901,Installation.,23-29,03/26/1984,Historical,Final Rule.  Docket No. 16919; Issued on 12/16/83.,b0d997b8-ec6b-4566-9433-9905ce419180,https://drs.faa.gov/api/content/alf/b0d997b8-ec6b-4566-9433-9905ce419180
Subpart E - Powerplant,Sec. 23.903,Engines.,23-54,01/01/2004,Historical,"Final Rule.  Docket No. FAA-1998-4815;  Issued on 9/13/2000.
Final Rule; correction.  Docket No. FAA-1998-4815; Issued on 12/18/2003.",6d07aa05-6bbe-4395-8b29-c1e7eefa23b3,https://drs.faa.gov/api/content/alf/6d07aa05-6bbe-4395-8b29-c1e7eefa23b3
Subpart E - Powerplant,Sec. 23.903,Engines.,23-17,02/01/1977,Historical,Final Rule.  Docket No. 14324; Issued on 12/13/76.,05681092-6ac7-47ca-a22c-d317e12baafd,https://drs.faa.gov/api/content/alf/05681092-6ac7-47ca-a22c-d317e12baafd
Subpart E - Powerplant,Sec. 23.903,Engines.,23-53,04/30/1998,Historical,Final Rule.  Docket No. 28652; Issued on 03/20/98.,58fa8872-121e-4ce6-9969-0f6d3989ef12,https://drs.faa.gov/api/content/alf/58fa8872-121e-4ce6-9969-0f6d3989ef12
Subpart E - Powerplant,Sec. 23.903,Engines.,23-14,12/20/1973,Historical,Final Rule.  Docket No. 11011; Issued on 11/07/73.,91a3474f-3bd5-437a-a9c1-d0b2f1de18df,https://drs.faa.gov/api/content/alf/91a3474f-3bd5-437a-a9c1-d0b2f1de18df
Subpart E - Powerplant,Sec. 23.903,Engines.,23-51,03/11/1996,Historical,Final Rule.  Docket No. 27804; Issued on 01/29/96.,2776fd08-e9af-44b3-8a9d-4b2be2f9ceb6,https://drs.faa.gov/api/content/alf/2776fd08-e9af-44b3-8a9d-4b2be2f9ceb6
Subpart E - Powerplant,Sec. 23.903,Engines.,23-26,10/14/1980,Historical,"Final Rule.  Docket No. 14779, 14324; Issued on 8/27/80.",196c5383-8587-463c-9dd3-b5e35e1a1829,https://drs.faa.gov/api/content/alf/196c5383-8587-463c-9dd3-b5e35e1a1829
Subpart E - Powerplant,Sec. 23.903,Engines.,23-54,12/13/2000,Historical,Final Rule.  Docket No. FAA-1998-4815;  Issued on 9/13/2000,33ec959c-5775-46f3-89a0-7709788ff50c,https://drs.faa.gov/api/content/alf/33ec959c-5775-46f3-89a0-7709788ff50c
Subpart E - Powerplant,Sec. 23.903,Engines.,23-29,03/26/1984,Historical,Final Rule.  Docket No. 16919; Issued on 12/16/83.,3cfd3646-3ded-4970-8c32-9b12e3363e6a,https://drs.faa.gov/api/content/alf/3cfd3646-3ded-4970-8c32-9b12e3363e6a
Subpart E - Powerplant,Sec. 23.903,Engines.,23-43,05/10/1993,Historical,Final Rule.  Docket No. 26344;  Issued on 03/29/93.,d27bcd6e-7c40-4e40-947f-a3caa5824fef,https://drs.faa.gov/api/content/alf/d27bcd6e-7c40-4e40-947f-a3caa5824fef
Subpart E - Powerplant,Sec. 23.903,Engines.,23-40,09/10/1990,Historical,Final Rule.  Docket  No. 25613; Issued on 07/26/90.,fca7b684-24b0-44cc-8968-13595ad9f12a,https://drs.faa.gov/api/content/alf/fca7b684-24b0-44cc-8968-13595ad9f12a
Subpart E - Powerplant,Sec. 23.903,Engines.,Initial,02/01/1965,Historical,Final Rule.  Docket No. 4080;  Issued on 09/28/64.,b98fa459-acdb-43ca-8987-10da342f6505,https://drs.faa.gov/api/content/alf/b98fa459-acdb-43ca-8987-10da342f6505
Subpart E - Powerplant,Sec. 23.903,Engines.,23-62,01/31/2012,Historical,"Amendment 23-62, Published 12/2/2011",d6cb4926-ef0a-4997-ab81-1ae92e6ff2ce,https://drs.faa.gov/api/content/alf/d6cb4926-ef0a-4997-ab81-1ae92e6ff2ce
Subpart E - Powerplant,Sec. 23.903,Engines.,23-34,02/17/1987,Historical,Final Rule.  Docket No. 23516; Issued on 01/08/87.,26424a08-36a3-4331-ab7e-d36f7b1f29c1,https://drs.faa.gov/api/content/alf/26424a08-36a3-4331-ab7e-d36f7b1f29c1
Subpart E - Powerplant,Sec. 23.904,Automatic power reserve system.,23-43,05/10/1993,Historical,Final Rule.  Docket No. 26344; Issued on 03/29/93.,c551d98f-834c-4775-adf9-693384b5efec,https://drs.faa.gov/api/content/alf/c551d98f-834c-4775-adf9-693384b5efec
Subpart E - Powerplant,Sec. 23.905,Propellers.,Initial,02/01/1965,Historical,Final Rule.  Docket No. 4080;  Issued on 09/28/64.,ff7cd487-4b08-438e-8a63-aed66b8b9734,https://drs.faa.gov/api/content/alf/ff7cd487-4b08-438e-8a63-aed66b8b9734
Subpart E - Powerplant,Sec. 23.905,Propellers.,23-29,03/26/1984,Historical,Final Rule.  Docket No. 16919; Issued on 12/16/83.,2975c481-9de6-482b-9bb1-8b00f978b8fd,https://drs.faa.gov/api/content/alf/2975c481-9de6-482b-9bb1-8b00f978b8fd
Subpart E - Powerplant,Sec. 23.905,Propellers.,23-26,10/14/1980,Historical,"Final Rule.  Docket No. 14779, 14324; Issued on 8/27/80.",6a84d242-604b-44ae-b7a9-488a08d5bcb7,https://drs.faa.gov/api/content/alf/6a84d242-604b-44ae-b7a9-488a08d5bcb7
Subpart E - Powerplant,Sec. 23.905,Propellers.,23-59,12/23/2008,Historical,"Final Rule.  Docket No. 26344;  Issued on 03/29/93.
Final Rule. Docket No. 2007-27310; Issued on 10/12/08",d8959843-3cc9-4c8d-bf9b-80f63a92a3e3,https://drs.faa.gov/api/content/alf/d8959843-3cc9-4c8d-bf9b-80f63a92a3e3
Subpart E - Powerplant,Sec. 23.905,Propellers.,23-43,05/10/1993,Historical,Final Rule.  Docket No. 26344;  Issued on 03/29/93.,af3537f1-9a27-40b5-9f2c-74865ca92725,https://drs.faa.gov/api/content/alf/af3537f1-9a27-40b5-9f2c-74865ca92725
Subpart E - Powerplant,Sec. 23.907,Propeller vibration and fatigue.,23-59,12/23/2008,Historical,"Final Rule.  Docket No. 27804; Issued on 01/29/96.
Final Rule. Docket No. 2007-27310; Issued on 10/12/08",626e2e7e-26e9-4210-8487-28745984d32e,https://drs.faa.gov/api/content/alf/626e2e7e-26e9-4210-8487-28745984d32e
Subpart E - Powerplant,Sec. 23.907,Propeller vibration.,Initial,02/01/1965,Historical,Final Rule.  Docket No. 4080;  Issued on 09/28/64.,d93f2cc5-0216-4a3a-979a-d5f4c1790e18,https://drs.faa.gov/api/content/alf/d93f2cc5-0216-4a3a-979a-d5f4c1790e18
Subpart E - Powerplant,Sec. 23.907,Propeller vibration.,23-51,03/11/1996,Historical,Final Rule.  Docket No. 27804; Issued on 01/29/96.,45982f12-742c-400b-bc4d-2539ecc945f1,https://drs.faa.gov/api/content/alf/45982f12-742c-400b-bc4d-2539ecc945f1
Subpart E - Powerplant,Sec. 23.909,Turbosuperchargers.,23-7,09/14/1969,Historical,Final Rule.  Docket No. 8083; Issued on 08/01/69.,115f8819-2895-4910-8a26-0836b433a95f,https://drs.faa.gov/api/content/alf/115f8819-2895-4910-8a26-0836b433a95f
Subpart E - Powerplant,Sec. 23.909,Turbocharger systems.,23-43,05/10/1993,Historical,Final Rule.  Docket No. 26344;  Issued on 03/29/93.,fd96609b-446f-4227-9ea1-7da7000383f5,https://drs.faa.gov/api/content/alf/fd96609b-446f-4227-9ea1-7da7000383f5
Subpart E - Powerplant,Sec. 23.925,Propeller clearance.,23-43,05/10/1993,Historical,Final Rule.  Docket No. 26344;  Issued on 03/29/93.,7a672238-7727-45e5-9a29-f92cbb2e54c4,https://drs.faa.gov/api/content/alf/7a672238-7727-45e5-9a29-f92cbb2e54c4
Subpart E - Powerplant,Sec. 23.925,Propeller clearance.,Initial,02/01/1965,Historical,Final Rule.  Docket No. 4080;  Issued on 09/28/64.,30ed9281-5fdb-404e-b783-8cafd2e2a96d,https://drs.faa.gov/api/content/alf/30ed9281-5fdb-404e-b783-8cafd2e2a96d
Subpart E - Powerplant,Sec. 23.925,Propeller clearance.,23-48,03/11/1996,Historical,Final Rule.  Docket No. 27805; Issued on 01/29/96.,ce28c54e-375c-4dd1-adf5-e1a904215de7,https://drs.faa.gov/api/content/alf/ce28c54e-375c-4dd1-adf5-e1a904215de7
Subpart E - Powerplant,Sec. 23.925,Propeller clearance.,23-51,03/11/1996,Historical,Final Rule.  Docket No. 27804; Issued on 01/29/96.,a3181f3e-ebef-4fd2-b313-fbbe3d18fd5e,https://drs.faa.gov/api/content/alf/a3181f3e-ebef-4fd2-b313-fbbe3d18fd5e
Subpart E - Powerplant,Sec. 23.929,Engine installation ice protection.,23-14,12/20/1973,Historical,Final Rule.  Docket No. 11011; Issued on 11/07/73.,0c6bf121-2df9-47ff-a10f-d4439939f3e2,https://drs.faa.gov/api/content/alf/0c6bf121-2df9-47ff-a10f-d4439939f3e2
Subpart E - Powerplant,Sec. 23.929,Engine installation ice protection.,23-51,03/11/1996,Historical,Final Rule.  Docket No. 27804; Issued on 01/29/96.,b915c37d-9c19-4774-9c25-920ee68e4cc5,https://drs.faa.gov/api/content/alf/b915c37d-9c19-4774-9c25-920ee68e4cc5
Subpart E - Powerplant,Sec. 23.933,Reversing systems.,23-39,05/02/1990,Historical,Final Rule.  Docket No. 23516; Issued on 04/26/90.,7c34d0d2-1a7e-4b56-ac00-a52819a91da8,https://drs.faa.gov/api/content/alf/7c34d0d2-1a7e-4b56-ac00-a52819a91da8
Subpart E - Powerplant,Sec. 23.933,Reversing systems.,23-7,09/14/1969,Historical,Final Rule.  Docket No. 8083; Issued on 08/01/69.,414e9723-e54d-4257-a4dc-12ae75b5f7ab,https://drs.faa.gov/api/content/alf/414e9723-e54d-4257-a4dc-12ae75b5f7ab
Subpart E - Powerplant,Sec. 23.933,Reversing systems.,23-43,05/10/1993,Historical,Final Rule.  Docket No. 26344;  Issued on 03/29/93.,4a37f25a-d024-40df-b75a-ead2efcbd646,https://drs.faa.gov/api/content/alf/4a37f25a-d024-40df-b75a-ead2efcbd646
Subpart E - Powerplant,Sec. 23.933,Reversing systems.,23-17,02/01/1977,Historical,Final Rule.  Docket No. 14324; Issued on 12/13/76.,e38490df-471e-459d-85a0-d14503e40465,https://drs.faa.gov/api/content/alf/e38490df-471e-459d-85a0-d14503e40465
Subpart E - Powerplant,Sec. 23.933,Reversing systems.,23-51,03/11/1996,Historical,Final Rule.  Docket No. 27804; Issued on 01/29/96.,1b4bc86e-75f2-4aa0-b9d4-796ccb1de31c,https://drs.faa.gov/api/content/alf/1b4bc86e-75f2-4aa0-b9d4-796ccb1de31c
Subpart E - Powerplant,Sec. 23.933,Reversing systems.,23-34,02/17/1987,Historical,Final Rule.  Docket No. 23516; Issued on 01/08/87.,1d616100-001b-4452-95fb-2f9b7f8c4e4b,https://drs.faa.gov/api/content/alf/1d616100-001b-4452-95fb-2f9b7f8c4e4b
Subpart E - Powerplant,Sec. 23.934,Turbojet and turbofan engine thrust reverser systems tests.,23-43,05/10/1993,Historical,Final Rule.  Docket No. 26344;  Issued on 03/29/93.,5cc4b338-c444-4134-a163-de9cbfb49369,https://drs.faa.gov/api/content/alf/5cc4b338-c444-4134-a163-de9cbfb49369
Subpart E - Powerplant,Sec. 23.937,Turbopropeller-drag limiting systems.,23-7,09/14/1969,Historical,Final Rule.  Docket No. 8083; Issued on 08/01/69.,cc0e940a-474d-4aae-a946-fc6234b30a1d,https://drs.faa.gov/api/content/alf/cc0e940a-474d-4aae-a946-fc6234b30a1d
Subpart E - Powerplant,Sec. 23.937,Turbopropeller-drag limiting systems.,23-43,05/10/1993,Historical,Final Rule.  Docket No. 26344;  Issued on 03/29/93.,c5cb2c2e-5269-4373-b388-6badf4040e53,https://drs.faa.gov/api/content/alf/c5cb2c2e-5269-4373-b388-6badf4040e53
Subpart E - Powerplant,Sec. 23.939,Powerplant operating characteristics.,23-42,02/04/1991,Historical,Final Rule.  Docket No. 25811; Issued on 12/21/90.,01d97c11-5c41-4b72-83ad-ac8bb682fe8e,https://drs.faa.gov/api/content/alf/01d97c11-5c41-4b72-83ad-ac8bb682fe8e
Subpart E - Powerplant,Sec. 23.939,Turbine engine powerplant operating characteristics.,23-7,09/14/1969,Historical,Final Rule.  Docket No. 8083; Issued on 08/01/69.,71f652d7-ceea-44b6-a2d4-519fc2fcaa6f,https://drs.faa.gov/api/content/alf/71f652d7-ceea-44b6-a2d4-519fc2fcaa6f
Subpart E - Powerplant,Sec. 23.939,Powerplant operating characteristics.,23-14,12/20/1973,Historical,Final Rule.  Docket No. 11011; Issued on 11/07/73.,77521d16-663e-41b3-b8ed-ae089ed4d9e2,https://drs.faa.gov/api/content/alf/77521d16-663e-41b3-b8ed-ae089ed4d9e2
Subpart E - Powerplant,Sec. 23.939,Powerplant operating characteristics.,23-18,05/02/1977,Historical,"Final Rule.  Docket No. 14606, 14324; Issued on 03/10/77.",67625f2f-7c64-45d3-ae01-d83a6bd27505,https://drs.faa.gov/api/content/alf/67625f2f-7c64-45d3-ae01-d83a6bd27505
Subpart E - Powerplant,Sec. 23.943,Negative acceleration.,23-43,05/10/1993,Historical,Final Rule.  Docket No. 26344;  Issued on 03/29/93.,8f561ab0-f93e-49a7-97b5-6541e13b4ccc,https://drs.faa.gov/api/content/alf/8f561ab0-f93e-49a7-97b5-6541e13b4ccc
Subpart E - Powerplant,Sec. 23.943,Negative acceleration.,23-18,05/02/1977,Historical,"Final Rule.  Docket No. 14606, 14324; Issued on 03/10/77.",9cfd3311-8f95-406e-96af-4cfc9a11ec21,https://drs.faa.gov/api/content/alf/9cfd3311-8f95-406e-96af-4cfc9a11ec21
Subpart E - Powerplant,Sec. 23.951,General.,Initial,02/01/1965,Historical,Final Rule.  Docket No. 4080;  Issued on 09/28/64.,339d4b1a-fe37-41b5-aa27-a3bdab58fe06,https://drs.faa.gov/api/content/alf/339d4b1a-fe37-41b5-aa27-a3bdab58fe06
Subpart E - Powerplant,Sec. 23.951,General.,23-43,05/10/1993,Historical,Final Rule.  Docket No. 26344;  Issued on 03/29/93.,106ea5b3-64de-4009-aea2-4b2e665af815,https://drs.faa.gov/api/content/alf/106ea5b3-64de-4009-aea2-4b2e665af815
Subpart E - Powerplant,Sec. 23.951,General.,23-40,09/10/1990,Historical,Final Rule.  Docket No. 25613; Issued on 07/26/90.,23344dc3-ea53-4b06-a98d-35742e4c2560,https://drs.faa.gov/api/content/alf/23344dc3-ea53-4b06-a98d-35742e4c2560
Subpart E - Powerplant,Sec. 23.951,General.,23-15,10/31/1974,Historical,Final Rule.  Docket No. 11010; Issued on 09/20/74.,80881cb8-6414-4a57-a10a-d511fb52536d,https://drs.faa.gov/api/content/alf/80881cb8-6414-4a57-a10a-d511fb52536d
Subpart E - Powerplant,Sec. 23.953,Fuel system independence.,Initial,02/01/1965,Historical,Final Rule.  Docket No. 4080;  Issued on 09/28/64.,c073d0a5-cab8-4746-8bf2-afbb221a9044,https://drs.faa.gov/api/content/alf/c073d0a5-cab8-4746-8bf2-afbb221a9044
Subpart E - Powerplant,Sec. 23.953,Fuel system independence.,23-7,09/14/1969,Historical,Final Rule.  Docket No. 8083; Issued on 08/01/69.,35ce8c3c-f741-4782-8200-1ce3b8288e43,https://drs.faa.gov/api/content/alf/35ce8c3c-f741-4782-8200-1ce3b8288e43
Subpart E - Powerplant,Sec. 23.953,Fuel system independence.,23-43,05/10/1993,Historical,Final Rule.  Docket No. 26344;  Issued on 03/29/93.,48ef3915-65f7-4a2c-a2c9-51cf57c44e98,https://drs.faa.gov/api/content/alf/48ef3915-65f7-4a2c-a2c9-51cf57c44e98
Subpart E - Powerplant,Sec. 23.954,Fuel system lightning protection.,23-7,09/14/1969,Historical,Final Rule.  Docket No. 8083; Issued on 08/01/69.,1fe25148-6a68-4cde-843c-4aeb2a1d7827,https://drs.faa.gov/api/content/alf/1fe25148-6a68-4cde-843c-4aeb2a1d7827
Subpart E - Powerplant,Sec. 23.955,Fuel flow.,23-43,05/10/1993,Historical,Final Rule.  Docket No. 26344;  Issued on 03/29/93.,a8229115-3fc1-47f1-ba26-21249ad502d3,https://drs.faa.gov/api/content/alf/a8229115-3fc1-47f1-ba26-21249ad502d3
Subpart E - Powerplant,Sec. 23.955,Fuel flow.,Initial,02/01/1965,Historical,Final Rule.  Docket No. 4080;  Issued on 09/28/64.,cb989422-cb6c-4ddb-9cf2-b4d4c9b255b2,https://drs.faa.gov/api/content/alf/cb989422-cb6c-4ddb-9cf2-b4d4c9b255b2
Subpart E - Powerplant,Sec. 23.955,Fuel flow.,23-7,09/14/1969,Historical,Final Rule.  Docket No. 8083; Issued on 08/01/69.,59b48171-fd20-4084-9e03-699756cca546,https://drs.faa.gov/api/content/alf/59b48171-fd20-4084-9e03-699756cca546
Subpart E - Powerplant,Sec. 23.955,Fuel flow.,23-51,03/11/1996,Historical,Final Rule.  Docket No. 27804; Issued on 01/29/96.,abf1abf9-9999-4d1a-8593-f784c03f604f,https://drs.faa.gov/api/content/alf/abf1abf9-9999-4d1a-8593-f784c03f604f
Subpart E - Powerplant,Sec. 23.957,Flow between interconnected tanks.,Initial,02/01/1965,Historical,Final Rule.  Docket No. 4080;  Issued on 09/28/64.,d252dc6a-c58f-44dd-b2a5-e265a9ea0e3d,https://drs.faa.gov/api/content/alf/d252dc6a-c58f-44dd-b2a5-e265a9ea0e3d
Subpart E - Powerplant,Sec. 23.957,Flow between interconnected tanks.,23-43,05/10/1993,Historical,Final Rule.  Docket No. 26344;  Issued on 03/29/93.,379199c4-f6a7-499d-b97b-88a552cee878,https://drs.faa.gov/api/content/alf/379199c4-f6a7-499d-b97b-88a552cee878
Subpart E - Powerplant,Sec. 23.959,Unusable fuel supply and fuel system operation on low fuel.,Initial,02/01/1965,Historical,Final Rule.  Docket No. 4080;  Issued on 09/28/64.,faec2edf-8b6b-4d57-95cf-33c62caa8a08,https://drs.faa.gov/api/content/alf/faec2edf-8b6b-4d57-95cf-33c62caa8a08
Subpart E - Powerplant,Sec. 23.959,Unusable fuel supply.,23-18,05/02/1977,Historical,"Final Rule.  Docket No. 14606, 14324; Issued on 03/10/77.",318544e8-b3b9-4102-8bdb-c6a9e58d80bf,https://drs.faa.gov/api/content/alf/318544e8-b3b9-4102-8bdb-c6a9e58d80bf
Subpart E - Powerplant,Sec. 23.959,Unusable fuel supply.,23-7,09/14/1969,Historical,Final Rule.  Docket No. 8083; Issued on 08/01/69.,9c34ae05-bef6-470d-ba84-ea001885b4f4,https://drs.faa.gov/api/content/alf/9c34ae05-bef6-470d-ba84-ea001885b4f4
Subpart E - Powerplant,Sec. 23.959,Unusable fuel supply.,23-51,03/11/1996,Historical,Final Rule.  Docket No. 27804; Issued on 01/29/96.,c2f266d1-c19a-458b-91c6-0c267a576455,https://drs.faa.gov/api/content/alf/c2f266d1-c19a-458b-91c6-0c267a576455
Subpart E - Powerplant,Sec. 23.961,Fuel system hot weather operation.,23-43,05/10/1993,Historical,Final Rule.  Docket No. 26344;  Issued on 03/29/93.,7b9ba1af-1b77-4145-9e46-078564254e29,https://drs.faa.gov/api/content/alf/7b9ba1af-1b77-4145-9e46-078564254e29
Subpart E - Powerplant,Sec. 23.961,Fuel system hot weather operation.,Initial,02/01/1965,Historical,Final Rule.  Docket No. 4080;  Issued on 09/28/64.,2bbbe7c7-1a39-4abb-b07c-2736971996d9,https://drs.faa.gov/api/content/alf/2bbbe7c7-1a39-4abb-b07c-2736971996d9
Subpart E - Powerplant,Sec. 23.963,Fuel tanks: general.,Initial,02/01/1965,Historical,Final Rule.  Docket No. 4080;  Issued on 09/28/64.,585b9dc1-b776-4d47-9bc7-1ff71438adfd,https://drs.faa.gov/api/content/alf/585b9dc1-b776-4d47-9bc7-1ff71438adfd
Subpart E - Powerplant,Sec. 23.963,Fuel tanks: general.,23-43,05/10/1993,Historical,Final Rule.  Docket No. 26344;  Issued on 03/29/93.,7b587fc4-c8db-433a-b8ae-c46dbd396bee,https://drs.faa.gov/api/content/alf/7b587fc4-c8db-433a-b8ae-c46dbd396bee
Subpart E - Powerplant,Sec. 23.963,Fuel tanks: general.,23-51,03/11/1996,Historical,Final Rule.  Docket No. 27804; Issued on 01/29/96.,ab764227-cd13-4bf2-b571-4aa2a73af0e0,https://drs.faa.gov/api/content/alf/ab764227-cd13-4bf2-b571-4aa2a73af0e0
Subpart E - Powerplant,Sec. 23.963,Fuel tanks: general.,23-34,02/17/1987,Historical,Final Rule.  Docket No. 23516; Issued on 01/08/87.,8b74fbd8-a26e-481c-b969-b5ffa7ca2a7b,https://drs.faa.gov/api/content/alf/8b74fbd8-a26e-481c-b969-b5ffa7ca2a7b
Subpart E - Powerplant,Sec. 23.965,Fuel tank tests.,23-51,03/11/1996,Historical,Final Rule.  Docket No. 27804; Issued on 01/29/96.,de8d268d-a426-4077-b62b-60ca9e98e25e,https://drs.faa.gov/api/content/alf/de8d268d-a426-4077-b62b-60ca9e98e25e
Subpart E - Powerplant,Sec. 23.965,Fuel tank tests.,23-43,05/10/1993,Historical,Final Rule.  Docket No. 26344;  Issued on 03/29/93.,f0713d09-8fc7-46d8-a345-821de2e5b108,https://drs.faa.gov/api/content/alf/f0713d09-8fc7-46d8-a345-821de2e5b108
Subpart E - Powerplant,Sec. 23.965,Fuel tank tests.,Initial,02/01/1965,Historical,Final Rule.  Docket No. 4080;  Issued on 09/28/64.,55c48cf1-8659-4279-939f-1696e2567974,https://drs.faa.gov/api/content/alf/55c48cf1-8659-4279-939f-1696e2567974
Subpart E - Powerplant,Sec. 23.967,Fuel tank installation.,23-14,12/20/1973,Historical,Final Rule.  Docket No. 11011; Issued on 11/07/73.,6f311166-1875-4f55-ab5b-b6eecb42f1fe,https://drs.faa.gov/api/content/alf/6f311166-1875-4f55-ab5b-b6eecb42f1fe
Subpart E - Powerplant,Sec. 23.967,Fuel tank installation.,23-7,09/14/1969,Historical,Final Rule.  Docket No. 8083; Issued on 08/01/69.,d6c04acb-8f49-4b6e-81c0-3c71ee58c676,https://drs.faa.gov/api/content/alf/d6c04acb-8f49-4b6e-81c0-3c71ee58c676
Subpart E - Powerplant,Sec. 23.967,Fuel tank installation.,23-43,05/10/1993,Historical,Final Rule.  Docket No. 26344;  Issued on 03/29/93.,7eb97e35-2d14-4481-b0f5-63fb30be7339,https://drs.faa.gov/api/content/alf/7eb97e35-2d14-4481-b0f5-63fb30be7339
Subpart E - Powerplant,Sec. 23.967,Fuel tank installation.,23-18,05/02/1977,Historical,"Final Rule.  Docket No. 14606, 14324; Issued on 03/10/77.",fffcbb31-5513-4a24-80e4-5e6a934763f0,https://drs.faa.gov/api/content/alf/fffcbb31-5513-4a24-80e4-5e6a934763f0
Subpart E - Powerplant,Sec. 23.967,Fuel tank installation.,23-36,09/14/1988,Historical,Final Rule.  Docket No. 25147; Issued on 08/08/88.,aa388b00-68e0-40ad-8b37-429bff6a529d,https://drs.faa.gov/api/content/alf/aa388b00-68e0-40ad-8b37-429bff6a529d
Subpart E - Powerplant,Sec. 23.967,Fuel tank installation.,Initial,02/01/1965,Historical,Final Rule.  Docket No. 4080;  Issued on 09/28/64.,de2f4f95-9114-48cc-9fdc-c571c592794a,https://drs.faa.gov/api/content/alf/de2f4f95-9114-48cc-9fdc-c571c592794a
Subpart E - Powerplant,Sec. 23.967,Fuel tank installation.,23-26,10/14/1980,Historical,"Final Rule.  Docket No. 14779, 14324; Issued on 8/27/80.",ef7cf3f6-9e95-4d4b-9937-790a0a8cb36c,https://drs.faa.gov/api/content/alf/ef7cf3f6-9e95-4d4b-9937-790a0a8cb36c
Subpart E - Powerplant,Sec. 23.969,Fuel tank expansion space.,Initial,02/01/1965,Historical,Final Rule.  Docket No. 4080;  Issued on 09/28/64.,da754663-f4ea-4318-adea-175ddafeea26,https://drs.faa.gov/api/content/alf/da754663-f4ea-4318-adea-175ddafeea26
Subpart E - Powerplant,Sec. 23.971,Fuel tank sump.,Initial,02/01/1965,Historical,Final Rule.  Docket No. 4080;  Issued on 09/28/64.,2d84018b-f56d-4c08-8dec-336aee393318,https://drs.faa.gov/api/content/alf/2d84018b-f56d-4c08-8dec-336aee393318
Subpart E - Powerplant,Sec. 23.971,Fuel tank sump.,23-43,05/10/1993,Historical,Final Rule.  Docket No. 26344;  Issued on 03/29/93.,e354dd7f-4c58-4249-bf9c-3205294fb723,https://drs.faa.gov/api/content/alf/e354dd7f-4c58-4249-bf9c-3205294fb723
Subpart E - Powerplant,Sec. 23.971,Fuel tank sump.,23-17,02/01/1977,Historical,Final Rule.  Docket No. 14324; Issued on 12/13/76.,60a3ff6e-26c0-4f32-8e78-dc175aa256fd,https://drs.faa.gov/api/content/alf/60a3ff6e-26c0-4f32-8e78-dc175aa256fd
Subpart E - Powerplant,Sec. 23.973,Fuel tank filler connection.,Initial,02/01/1965,Historical,Final Rule.  Docket No. 4080;  Issued on 09/28/64.,d39dfeb4-3450-4242-9dd7-6f5d62af5929,https://drs.faa.gov/api/content/alf/d39dfeb4-3450-4242-9dd7-6f5d62af5929
Subpart E - Powerplant,Sec. 23.973,Fuel tank filler connection.,23-18,05/02/1977,Historical,"Final Rule.  Docket No. 14606, 14324; Issued on 03/10/77.",29b47d9a-0324-4745-903a-e4be6bcdb8ba,https://drs.faa.gov/api/content/alf/29b47d9a-0324-4745-903a-e4be6bcdb8ba
Subpart E - Powerplant,Sec. 23.973,Fuel tank filler connection.,23-43,05/10/1993,Historical,Final Rule.  Docket No. 26344;  Issued on 03/29/93.,9d7aa782-0f0d-4d69-af31-7a5a1eef4567,https://drs.faa.gov/api/content/alf/9d7aa782-0f0d-4d69-af31-7a5a1eef4567
Subpart E - Powerplant,Sec. 23.973,Fuel tank filler connection.,23-51,03/11/1996,Historical,Final Rule.  Docket No. 27804; Issued on 01/29/96.,eaa65502-476e-40fc-ab8d-e47a875ef710,https://drs.faa.gov/api/content/alf/eaa65502-476e-40fc-ab8d-e47a875ef710
Subpart E - Powerplant,Sec. 23.975,Fuel tank vents and carburetor vapor vents.,23-29,03/26/1984,Historical,Final Rule.  Docket No. 16919; Issued on 12/16/83.,0303a97f-f26d-4af4-98cb-a1ce5cbd7d18,https://drs.faa.gov/api/content/alf/0303a97f-f26d-4af4-98cb-a1ce5cbd7d18
Subpart E - Powerplant,Sec. 23.975,Fuel tank vents and carburetor vapor vents.,Initial,02/01/1965,Historical,Final Rule.  Docket No. 4080;  Issued on 09/28/64.,740f2ad4-5052-49e7-b693-5d04fb52f5a0,https://drs.faa.gov/api/content/alf/740f2ad4-5052-49e7-b693-5d04fb52f5a0
Subpart E - Powerplant,Sec. 23.975,Fuel tank vents and carburetor vapor vents.,23-43,05/10/1993,Historical,Final Rule.  Docket No. 26344;  Issued on 03/29/93.,6bd7cb60-46c2-4676-9db7-f158b9d7b4d9,https://drs.faa.gov/api/content/alf/6bd7cb60-46c2-4676-9db7-f158b9d7b4d9
Subpart E - Powerplant,Sec. 23.975,Fuel tank vents and carburetor vapor vents.,23-51,03/11/1996,Historical,Final Rule.  Docket No. 27804; Issued on 01/29/96.,bfc9ad8a-1a74-4806-86d2-f64759def2bd,https://drs.faa.gov/api/content/alf/bfc9ad8a-1a74-4806-86d2-f64759def2bd
Subpart E - Powerplant,Sec. 23.975,Fuel tank vents and carburetor vapor vents.,23-18,05/02/1977,Historical,"Final Rule.  Docket No. 14606, 14324; Issued on 03/10/77.",493470e4-1e04-40c9-911a-11ced012f508,https://drs.faa.gov/api/content/alf/493470e4-1e04-40c9-911a-11ced012f508
Subpart E - Powerplant,Sec. 23.977,Fuel tank outlet.,23-17,02/01/1977,Historical,Final Rule.  Docket No. 14324; Issued on 12/13/76.,146b521c-f4b1-4323-baae-65863841d264,https://drs.faa.gov/api/content/alf/146b521c-f4b1-4323-baae-65863841d264
Subpart E - Powerplant,Sec. 23.977,Fuel tank outlet.,Initial,02/01/1965,Historical,Final Rule.  Docket No. 4080;  Issued on 09/28/64.,94cb142b-5073-4e9a-b41f-123621202f30,https://drs.faa.gov/api/content/alf/94cb142b-5073-4e9a-b41f-123621202f30
Subpart E - Powerplant,Sec. 23.977,Fuel tank outlet.,23-43,05/10/1993,Historical,Final Rule.  Docket No. 26344;  Issued on 03/29/93.,4eb79d2e-c4cb-4ba4-b89c-3396ff74920b,https://drs.faa.gov/api/content/alf/4eb79d2e-c4cb-4ba4-b89c-3396ff74920b
Subpart E - Powerplant,Sec. 23.979,Pressure fueling systems.,23-14,12/20/1973,Historical,Final Rule.  Docket No. 11011; Issued on 11/07/73.,c69c5bb8-1fb1-48cf-b877-0754f22f945d,https://drs.faa.gov/api/content/alf/c69c5bb8-1fb1-48cf-b877-0754f22f945d
Subpart E - Powerplant,Sec. 23.979,Pressure fueling systems.,23-51,03/11/1996,Historical,Final Rule.  Docket No. 27804; Issued on 01/29/96.,358a6c22-0d95-46f4-83c7-d849dfac901a,https://drs.faa.gov/api/content/alf/358a6c22-0d95-46f4-83c7-d849dfac901a
Subpart E - Powerplant,Sec. 23.991,Fuel pumps.,23-26,10/14/1980,Historical,"Final Rule.  Docket No. 14779, 14324; Issued on 8/27/80.",ef6c47c1-86cd-48bc-9ed4-20a6f5cd9a97,https://drs.faa.gov/api/content/alf/ef6c47c1-86cd-48bc-9ed4-20a6f5cd9a97
Subpart E - Powerplant,Sec. 23.991,Fuel pumps.,23-7,09/14/1969,Historical,Final Rule.  Docket No. 8083; Issued on 08/01/69.,da0052eb-83f8-4759-8013-19103a9fc9fb,https://drs.faa.gov/api/content/alf/da0052eb-83f8-4759-8013-19103a9fc9fb
Subpart E - Powerplant,Sec. 23.991,Fuel pumps.,23-43,05/10/1993,Historical,Final Rule.  Docket No. 26344;  Issued on 03/29/93.,a747a9ef-63e3-4679-b32f-245771a0d804,https://drs.faa.gov/api/content/alf/a747a9ef-63e3-4679-b32f-245771a0d804
Subpart E - Powerplant,Sec. 23.991,Fuel pumps.,Initial,02/01/1965,Historical,Final Rule.  Docket No. 4080;  Issued on 09/28/64.,f47bfacc-888f-4d50-9a42-dda032e29606,https://drs.faa.gov/api/content/alf/f47bfacc-888f-4d50-9a42-dda032e29606
Subpart E - Powerplant,Sec. 23.993,Fuel system lines and fittings.,23-43,05/10/1993,Historical,Final Rule.  Docket No. 26344;  Issued on 03/29/93.,1667658a-dcd9-44e3-bd3f-5080eddbb8da,https://drs.faa.gov/api/content/alf/1667658a-dcd9-44e3-bd3f-5080eddbb8da
Subpart E - Powerplant,Sec. 23.993,Fuel system lines and fittings.,Initial,02/01/1965,Historical,Final Rule.  Docket No. 4080;  Issued on 09/28/64.,9ddf1356-384e-4ba5-a58c-c89d93d03d7d,https://drs.faa.gov/api/content/alf/9ddf1356-384e-4ba5-a58c-c89d93d03d7d
Subpart E - Powerplant,Sec. 23.994,Fuel system components.,23-7,09/14/1969,Historical,Final Rule.  Docket No. 8083; Issued on 08/01/69.,97c00a70-713e-45a2-be21-a96f86472e43,https://drs.faa.gov/api/content/alf/97c00a70-713e-45a2-be21-a96f86472e43
Subpart E - Powerplant,Sec. 23.994,Fuel system components.,23-29,03/26/1984,Historical,Final Rule. Docket No. 16919; Issued on 12/16/83.,c72e8f8c-2c58-41a1-8c98-b81d5ba3591d,https://drs.faa.gov/api/content/alf/c72e8f8c-2c58-41a1-8c98-b81d5ba3591d
Subpart E - Powerplant,Sec. 23.995,Fuel valves and controls.,23-17,02/01/1977,Historical,Final Rule.  Docket No. 14324; Issued on 12/13/76.,71a1200c-e6b2-412a-ac53-44a3f8981168,https://drs.faa.gov/api/content/alf/71a1200c-e6b2-412a-ac53-44a3f8981168
Subpart E - Powerplant,Sec. 23.995,Fuel valves and controls.,Initial,02/01/1965,Historical,Final Rule.  Docket No. 4080;  Issued on 09/28/64.,a8133500-96d1-4c3f-af91-06e12017cbc2,https://drs.faa.gov/api/content/alf/a8133500-96d1-4c3f-af91-06e12017cbc2
Subpart E - Powerplant,Sec. 23.995,Fuel valves and controls.,23-29,03/26/1984,Historical,Final Rule.  Docket No. 16919; Issued on 12/16/83.,ddb3e5d3-ee3d-4102-a030-8af45e701a7c,https://drs.faa.gov/api/content/alf/ddb3e5d3-ee3d-4102-a030-8af45e701a7c
Subpart E - Powerplant,Sec. 23.995,Fuel valves and controls.,23-14,12/20/1973,Historical,Final Rule.  Docket No. 11011; Issued on 11/07/73.,253e9b79-3b87-4e29-9eb0-48b31e258e16,https://drs.faa.gov/api/content/alf/253e9b79-3b87-4e29-9eb0-48b31e258e16
Subpart E - Powerplant,Sec. 23.995,Fuel valves and controls.,23-18,05/02/1977,Historical,"Final Rule.  Docket No. 14606, 14324; Issued on 03/10/77.",65bbb5c4-bf94-4513-b138-14e64878c422,https://drs.faa.gov/api/content/alf/65bbb5c4-bf94-4513-b138-14e64878c422
Subpart E - Powerplant,Sec. 23.997,Fuel strainer or filter.,23-29,03/26/1984,Historical,Final Rule.  Docket No. 16919; Issued on 12/16/83.,4b59fb6f-2bf3-41cf-925c-55b5308dbb53,https://drs.faa.gov/api/content/alf/4b59fb6f-2bf3-41cf-925c-55b5308dbb53
Subpart E - Powerplant,Sec. 23.997,Fuel strainer or filter.,23-7,09/14/1969,Historical,Final Rule.  Docket No. 8083; Issued on 08/01/69.,fc07c186-7821-47cb-a6e6-75337be082b8,https://drs.faa.gov/api/content/alf/fc07c186-7821-47cb-a6e6-75337be082b8
Subpart E - Powerplant,Sec. 23.997,Fuel strainer or filter.,23-15,10/31/1974,Historical,Final Rule.  Docket No. 11010; Issued on 09/20/74.,289d7f68-c61e-4a94-8bb1-504d82594a27,https://drs.faa.gov/api/content/alf/289d7f68-c61e-4a94-8bb1-504d82594a27
Subpart E - Powerplant,Sec. 23.997,Fuel strainer or filter.,Initial,02/01/1965,Historical,Final Rule.  Docket No. 4080;  Issued on 09/28/64.,cb897c72-d66d-41b4-ab72-ca269d4e7e6e,https://drs.faa.gov/api/content/alf/cb897c72-d66d-41b4-ab72-ca269d4e7e6e
Subpart E - Powerplant,Sec. 23.997,Fuel strainer or filter.,23-34,02/17/1987,Historical,Final Rule.  Docket No. 23516; Issued on 01/08/87.,1672a08e-69b0-4368-a17f-35866204814f,https://drs.faa.gov/api/content/alf/1672a08e-69b0-4368-a17f-35866204814f
Subpart E - Powerplant,Sec. 23.997,Fuel strainer or filter.,23-43,05/10/1993,Historical,Final Rule.  Docket No. 26344;  Issued on 03/29/93.,0e8c573d-2a9a-45fb-9f2b-363441d79c76,https://drs.faa.gov/api/content/alf/0e8c573d-2a9a-45fb-9f2b-363441d79c76
Subpart E - Powerplant,Sec. 23.999,Fuel system drains.,Initial,02/01/1965,Historical,Final Rule.  Docket No. 4080;  Issued on 09/28/64.,b2f0426b-42db-4984-92c8-19d73c2ab53f,https://drs.faa.gov/api/content/alf/b2f0426b-42db-4984-92c8-19d73c2ab53f
Subpart E - Powerplant,Sec. 23.999,Fuel system drains.,23-43,05/10/1993,Historical,Final Rule.  Docket No. 26344;  Issued on 03/29/93.,d6186c40-a9ad-46eb-937b-a3c37c697e91,https://drs.faa.gov/api/content/alf/d6186c40-a9ad-46eb-937b-a3c37c697e91
Subpart E - Powerplant,Sec. 23.999,Fuel system drains.,23-17,02/01/1977,Historical,Final Rule.  Docket No. 14324; Issued on 12/13/76.,bf76353b-318b-4de4-97cb-3f0d552ac68e,https://drs.faa.gov/api/content/alf/bf76353b-318b-4de4-97cb-3f0d552ac68e
Subpart E - Powerplant,Sec. 23.1001,Fuel jettisoning system.,23-43,05/10/1993,Historical,Final Rule.  Docket No. 26344;  Issued on 03/29/93.,e1677d0b-fff9-4385-9650-daf31a2e9bad,https://drs.faa.gov/api/content/alf/e1677d0b-fff9-4385-9650-daf31a2e9bad
Subpart E - Powerplant,Sec. 23.1001,(Fuel jettisoning system.),23-7,09/14/1969,Historical,Final Rule.  Docket No. 8083; Issued on 08/01/69.,9bec9d96-cf02-495c-a8c3-fcffb046264b,https://drs.faa.gov/api/content/alf/9bec9d96-cf02-495c-a8c3-fcffb046264b
Subpart E - Powerplant,Sec. 23.1001,Fuel jettisoning system.,23-51,03/11/1996,Historical,Final Rule.  Docket No. 27804; Issued on 01/29/96.,33fdf41b-26f2-410e-89d3-2cc5aa479a55,https://drs.faa.gov/api/content/alf/33fdf41b-26f2-410e-89d3-2cc5aa479a55
Subpart E - Powerplant,Sec. 23.1011,General.,23-43,05/10/1993,Historical,Final Rule.  Docket No. 26344;  Issued on 03/29/93.,29ec3353-41d5-4609-ad50-fa289a65eb1b,https://drs.faa.gov/api/content/alf/29ec3353-41d5-4609-ad50-fa289a65eb1b
Subpart E - Powerplant,Sec. 23.1011,General.,Initial,02/01/1965,Historical,Final Rule.  Docket No. 4080;  Issued on 09/28/64.,8e7b615f-aee4-4227-b2f8-cffc33cc8567,https://drs.faa.gov/api/content/alf/8e7b615f-aee4-4227-b2f8-cffc33cc8567
Subpart E - Powerplant,Sec. 23.1013,Oil tanks.,23-43,05/10/1993,Historical,Final Rule.  Docket No. 26344;  Issued on 03/29/93.,61b8108c-fa20-4583-b090-44be8cf756ab,https://drs.faa.gov/api/content/alf/61b8108c-fa20-4583-b090-44be8cf756ab
Subpart E - Powerplant,Sec. 23.1013,Oil tanks.,23-51,03/11/1996,Historical,Final Rule.  Docket No. 27804; Issued on 01/29/96.,cfbfaf2c-0e9f-4e4e-8508-f7fd7af5d17d,https://drs.faa.gov/api/content/alf/cfbfaf2c-0e9f-4e4e-8508-f7fd7af5d17d
Subpart E - Powerplant,Sec. 23.1013,Oil tanks.,Initial,02/01/1965,Historical,Final Rule.  Docket No. 4080;  Issued on 09/28/64.,4e5488bd-3e1e-4b2c-b454-8a910f69a870,https://drs.faa.gov/api/content/alf/4e5488bd-3e1e-4b2c-b454-8a910f69a870
Subpart E - Powerplant,Sec. 23.1013,Oil tanks.,23-15,10/31/1974,Historical,Final Rule.  Docket No. 11010; Issued on 09/20/74.,44b6258b-00bc-4493-b078-47da08c5ceb3,https://drs.faa.gov/api/content/alf/44b6258b-00bc-4493-b078-47da08c5ceb3
Subpart E - Powerplant,Sec. 23.1015,Oil tank tests.,23-15,10/31/1974,Historical,Final Rule.  Docket No. 11010; Issued on 09/20/74.,330a9b20-bf6f-4923-895c-bb9cd60009cb,https://drs.faa.gov/api/content/alf/330a9b20-bf6f-4923-895c-bb9cd60009cb
Subpart E - Powerplant,Sec. 23.1015,Oil tank tests.,Initial,02/01/1965,Historical,Final Rule.  Docket No. 4080;  Issued on 09/28/64.,1cf7147c-9c9c-40ea-aa68-f06b3d6731ff,https://drs.faa.gov/api/content/alf/1cf7147c-9c9c-40ea-aa68-f06b3d6731ff
Subpart E - Powerplant,Sec. 23.1017,Oil lines and fittings.,23-7,09/14/1969,Historical,Final Rule.  Docket No. 8083; Issued on 08/01/69.,1f70d43a-1a71-4126-bf22-31de432829ae,https://drs.faa.gov/api/content/alf/1f70d43a-1a71-4126-bf22-31de432829ae
Subpart E - Powerplant,Sec. 23.1017,Oil lines and fittings.,23-14,12/20/1973,Historical,Final Rule.  Docket No. 11011; Issued on 11/07/73.,5fecb3ab-ad18-4aa4-8fd1-0a11766a79b1,https://drs.faa.gov/api/content/alf/5fecb3ab-ad18-4aa4-8fd1-0a11766a79b1
Subpart E - Powerplant,Sec. 23.1017,Oil lines and fittings.,Initial,02/01/1965,Historical,Final Rule.  Docket No. 4080;  Issued on 09/28/64.,baff99cb-a9bc-432d-831f-66296ea92fa2,https://drs.faa.gov/api/content/alf/baff99cb-a9bc-432d-831f-66296ea92fa2
Subpart E - Powerplant,Sec. 23.1019,Oil strainer or filter.,23-43,05/10/1993,Historical,Final Rule.  Docket No. 26344;  Issued on 03/29/93.,55c598f5-fbf2-4e7f-b6b2-bf6f83068bf0,https://drs.faa.gov/api/content/alf/55c598f5-fbf2-4e7f-b6b2-bf6f83068bf0
Subpart E - Powerplant,Sec. 23.1019,Oil strainer or filter.,Initial,02/01/1965,Historical,Final Rule.  Docket No. 4080;  Issued on 09/28/64.,6cef3283-4e93-4b97-9b18-6a2619f5ac77,https://drs.faa.gov/api/content/alf/6cef3283-4e93-4b97-9b18-6a2619f5ac77
Subpart E - Powerplant,Sec. 23.1019,Oil strainer or filter.,23-15,10/31/1974,Historical,Final Rule.  Docket No. 11010; Issued on 09/20/74.,e32bf104-b892-49a7-8d87-5b4e30d69e1d,https://drs.faa.gov/api/content/alf/e32bf104-b892-49a7-8d87-5b4e30d69e1d
Subpart E - Powerplant,Sec. 23.1019,Oil strainer or filter.,23-29,03/26/1984,Historical,Final Rule.  Docket No. 16919; Issued on 12/16/83.,080fe69a-d1f3-433e-9e44-84fa59f1380d,https://drs.faa.gov/api/content/alf/080fe69a-d1f3-433e-9e44-84fa59f1380d
Subpart E - Powerplant,Sec. 23.1021,Oil system drains.,Initial,02/01/1965,Historical,Final Rule.  Docket No. 4080;  Issued on 09/28/64.,46b737e2-7f38-4370-873d-1876da432ca0,https://drs.faa.gov/api/content/alf/46b737e2-7f38-4370-873d-1876da432ca0
Subpart E - Powerplant,Sec. 23.1021,Oil system drains.,23-43,05/10/1993,Historical,Final Rule.  Docket No. 26344;  Issued on 03/29/93.,983a714f-9960-4630-8c4f-cb8411b5ea5e,https://drs.faa.gov/api/content/alf/983a714f-9960-4630-8c4f-cb8411b5ea5e
Subpart E - Powerplant,Sec. 23.1021,Oil system drains.,23-29,03/26/1984,Historical,Final Rule.  Docket No. 16919; Issued on 12/16/83.,66cc1016-300e-4244-91a2-9ecc41c15dde,https://drs.faa.gov/api/content/alf/66cc1016-300e-4244-91a2-9ecc41c15dde
Subpart E - Powerplant,Sec. 23.1023,Oil radiators.,Initial,02/01/1965,Historical,Final Rule.  Docket No. 4080;  Issued on 09/28/64.,4dcac516-2582-455d-b9e7-d5b0b98ffcd0,https://drs.faa.gov/api/content/alf/4dcac516-2582-455d-b9e7-d5b0b98ffcd0
Subpart E - Powerplant,Sec. 23.1027,Propeller feathering system.,Initial,02/02/1965,Historical,Final Rule.  Docket No. 4080;  Issued on 09/28/64.,fe6a00c5-75db-440d-ae0f-93908e8f96e9,https://drs.faa.gov/api/content/alf/fe6a00c5-75db-440d-ae0f-93908e8f96e9
Subpart E - Powerplant,Sec. 23.1027,Propeller feathering system.,23-14,12/20/1973,Historical,Final Rule.  Docket No. 11011; Issued on 11/07/73.,5a47249f-4cd5-46de-bc69-f115962c4060,https://drs.faa.gov/api/content/alf/5a47249f-4cd5-46de-bc69-f115962c4060
Subpart E - Powerplant,Sec. 23.1027,Propeller feathering system.,23-43,05/10/1993,Historical,Final Rule.  Docket No. 26344;  Issued on 03/29/93.,85e76679-fbc2-4e3f-be5f-d75a619a8ae6,https://drs.faa.gov/api/content/alf/85e76679-fbc2-4e3f-be5f-d75a619a8ae6
Subpart E - Powerplant,Sec. 23.1041,General.,23-43,05/10/1993,Historical,Final Rule.  Docket No. 26344;  Issued on 03/29/93.,6ecb584b-a693-465c-9241-1471808f2aaa,https://drs.faa.gov/api/content/alf/6ecb584b-a693-465c-9241-1471808f2aaa
Subpart E - Powerplant,Sec. 23.1041,General.,Initial,02/01/1965,Historical,Final Rule.  Docket No. 4080;  Issued on 09/28/64.,d8894d43-6407-415c-a3c5-cc6d7a578722,https://drs.faa.gov/api/content/alf/d8894d43-6407-415c-a3c5-cc6d7a578722
Subpart E - Powerplant,Sec. 23.1041,General.,23-51,03/11/1996,Historical,Final Rule.  Docket No. 27804; Issued on 01/29/96.,c21228fd-efbb-47f4-bc6e-8e7bbefe5112,https://drs.faa.gov/api/content/alf/c21228fd-efbb-47f4-bc6e-8e7bbefe5112
Subpart E - Powerplant,Sec. 23.1041,General.,23-7,09/14/1969,Historical,Final Rule.  Docket No. 8083; Issued on 08/01/69.,eeb21dce-ff80-4da1-88a3-07c832a83254,https://drs.faa.gov/api/content/alf/eeb21dce-ff80-4da1-88a3-07c832a83254
Subpart E - Powerplant,Sec. 23.1043,Cooling tests.,23-7,09/14/1969,Historical,Final Rule.  Docket No. 8083; Issued on 08/01/69.,6cef248a-0cb8-4c85-872a-6a228a904dd4,https://drs.faa.gov/api/content/alf/6cef248a-0cb8-4c85-872a-6a228a904dd4
Subpart E - Powerplant,Sec. 23.1043,Cooling tests.,23-21,03/01/1978,Historical,"Final Rule.  Docket No. 14684, 14324; Issued on 01/09/78.",56c68851-f38d-4d58-ba75-0e0f6e67e09c,https://drs.faa.gov/api/content/alf/56c68851-f38d-4d58-ba75-0e0f6e67e09c
Subpart E - Powerplant,Sec. 23.1043,Cooling tests.,23-51,03/11/1996,Historical,Final Rule.  Docket No. 27804; Issued on 01/29/96.,9833b3df-5bfc-4859-95c6-ef5d65c069d3,https://drs.faa.gov/api/content/alf/9833b3df-5bfc-4859-95c6-ef5d65c069d3
Subpart E - Powerplant,Sec. 23.1043,Cooling tests.,Initial,02/01/1965,Historical,Final Rule.  Docket No. 4080;  Issued on 09/28/64.,86bbc7d6-034d-4778-a114-8c8735cc4b21,https://drs.faa.gov/api/content/alf/86bbc7d6-034d-4778-a114-8c8735cc4b21
Subpart E - Powerplant,Sec. 23.1045,Cooling test procedures for [turbine engine powered airplanes.],23-7,09/14/1969,Historical,Final Rule.  Docket No. 8083; Issued on 08/01/69.,f57ef4ce-a662-4213-9677-2fd2d4266bf8,https://drs.faa.gov/api/content/alf/f57ef4ce-a662-4213-9677-2fd2d4266bf8
Subpart E - Powerplant,Sec. 23.1045,Cooling test procedures for single-engine airplanes.,Initial,02/01/1965,Historical,Final Rule.  Docket No. 4080;  Issued on 09/28/64.,ad6cd271-9b6e-42bf-9592-3cfef18a5d7a,https://drs.faa.gov/api/content/alf/ad6cd271-9b6e-42bf-9592-3cfef18a5d7a
Subpart E - Powerplant,Sec. 23.1045,Cooling test procedures for turbine engine powered airplanes.,23-51,03/11/1996,Historical,Final Rule.  Docket No. 27804; Issued on 01/29/96.,8d58018f-5870-4a53-8de0-9b13f1e9d967,https://drs.faa.gov/api/content/alf/8d58018f-5870-4a53-8de0-9b13f1e9d967
Subpart E - Powerplant,Sec. 23.1047,Cooling test procedures for reciprocating engine powered airplanes.,23-51,03/11/1996,Historical,Final Rule.  Docket No. 27804; Issued on 01/29/96.,9ca25bdb-a830-4e57-bd63-63043e3d6c47,https://drs.faa.gov/api/content/alf/9ca25bdb-a830-4e57-bd63-63043e3d6c47
Subpart E - Powerplant,Sec. 23.1047,Cooling test procedures for (reciprocating engine powered airplanes.),23-7,09/14/1969,Historical,Final Rule.  Docket No. 8083; Issued on 08/01/69.,501ded06-5d71-4b64-8006-873724964b3b,https://drs.faa.gov/api/content/alf/501ded06-5d71-4b64-8006-873724964b3b
Subpart E - Powerplant,Sec. 23.1047,Cooling test procedures for multiengine airplanes.,Initial,02/01/1965,Historical,Final Rule.  Docket No. 4080;  Issued on 09/28/64.,be4ae38b-494b-47aa-b107-31f701752a79,https://drs.faa.gov/api/content/alf/be4ae38b-494b-47aa-b107-31f701752a79
Subpart E - Powerplant,Sec. 23.1047,Cooling test procedures for reciprocating engine powered airplanes.,23-21,03/01/1978,Historical,"Final Rule.  Docket No. 14684, 14324; Issued on 01/09/78.",2b974a17-0153-4336-97e2-8609a2b57138,https://drs.faa.gov/api/content/alf/2b974a17-0153-4336-97e2-8609a2b57138
Subpart E - Powerplant,Sec. 23.1047,Cooling test procedures for reciprocating engine powered airplanes.,23-43,05/10/1993,Historical,Final Rule.  Docket No. 26344;  Issued on 03/29/93.,d34eaa8c-7281-44a4-b117-deab320160a0,https://drs.faa.gov/api/content/alf/d34eaa8c-7281-44a4-b117-deab320160a0
Subpart E - Powerplant,Sec. 23.1047,Cooling test procedures for reciprocating engine powered airplanes.,23-42,02/04/1991,Historical,Final Rule.  Docket No. 25811; Issued on 12/21/90.,83298c04-74cc-43bc-be85-41587b8140e0,https://drs.faa.gov/api/content/alf/83298c04-74cc-43bc-be85-41587b8140e0
Subpart E - Powerplant,Sec. 23.1061,Installation.,Initial,02/01/1965,Historical,Final Rule.  Docket No. 4080;  Issued on 09/28/64.,81c387cb-9ce0-4ed8-92cb-8b5e5f31b4f4,https://drs.faa.gov/api/content/alf/81c387cb-9ce0-4ed8-92cb-8b5e5f31b4f4
Subpart E - Powerplant,Sec. 23.1061,Installation.,23-43,05/10/1993,Historical,Final Rule.  Docket No. 26344;  Issued on 03/29/93.,f1331f1f-6799-42dc-bf14-6aeb5f32ea64,https://drs.faa.gov/api/content/alf/f1331f1f-6799-42dc-bf14-6aeb5f32ea64
Subpart E - Powerplant,Sec. 23.1063,Coolant tank tests.,Initial,02/01/1965,Historical,Final Rule.  Docket No. 4080;  Issued on 09/28/64.,c9b45395-78d9-40ec-9df4-d6d16b81269e,https://drs.faa.gov/api/content/alf/c9b45395-78d9-40ec-9df4-d6d16b81269e
Subpart E - Powerplant,Sec. 23.1091,Air induction system.,23-51,03/11/1996,Historical,Final Rule.  Docket No. 27804; Issued on 01/29/96.,1a23b0de-cc91-427c-9cfd-749240942b2a,https://drs.faa.gov/api/content/alf/1a23b0de-cc91-427c-9cfd-749240942b2a
Subpart E - Powerplant,Sec. 23.1091,Air induction.,23-7,09/14/1969,Historical,Final Rule.  Docket No. 8083; Issued on 08/01/69.,6fb5e1b8-36a8-4c78-bf7e-31bee013873c,https://drs.faa.gov/api/content/alf/6fb5e1b8-36a8-4c78-bf7e-31bee013873c
Subpart E - Powerplant,Sec. 23.1091,Air induction.,Initial,02/01/1965,Historical,Final Rule.  Docket No. 4080;  Issued on 09/28/64.,591cc447-f556-4df9-8a7a-aa6a42f19ba7,https://drs.faa.gov/api/content/alf/591cc447-f556-4df9-8a7a-aa6a42f19ba7
Subpart E - Powerplant,Sec. 23.1091,Air induction [system.],23-43,05/10/1993,Historical,Final Rule.  Docket No. 26344;  Issued on 03/29/93.,ac4c4d96-8f34-4724-a030-0c2dbd6059b6,https://drs.faa.gov/api/content/alf/ac4c4d96-8f34-4724-a030-0c2dbd6059b6
Subpart E - Powerplant,Sec. 23.1093,Induction system icing protection.,23-7,09/14/1969,Historical,Final Rule.  Docket No. 8083; Issued on 08/01/69.,014811d8-fa57-4c73-84ed-f6a0f20acd42,https://drs.faa.gov/api/content/alf/014811d8-fa57-4c73-84ed-f6a0f20acd42
Subpart E - Powerplant,Sec. 23.1093,Induction system icing protection.,23-51,03/11/1996,Historical,Final Rule.  Docket No. 27804; Issued on 01/29/96.,645dca16-768c-4b3a-a0dd-ca3be4115d51,https://drs.faa.gov/api/content/alf/645dca16-768c-4b3a-a0dd-ca3be4115d51
Subpart E - Powerplant,Sec. 23.1093,Induction system icing protection.,23-18,05/02/1977,Historical,"Final Rule. Docket No. 14606, 14324; Issued on 03/10/77.",0009f756-5b92-4f7e-aa93-8d1f1e9f481e,https://drs.faa.gov/api/content/alf/0009f756-5b92-4f7e-aa93-8d1f1e9f481e
Subpart E - Powerplant,Sec. 23.1093,Induction system icing protection.,23-43,05/10/1993,Historical,Final Rule.  Docket No. 26344;  Issued on 03/29/93.,2dd33c53-51e1-44ce-bf04-802b501ff8f2,https://drs.faa.gov/api/content/alf/2dd33c53-51e1-44ce-bf04-802b501ff8f2
Subpart E - Powerplant,Sec. 23.1093,Induction system icing protection.,23-17,02/01/1977,Historical,Final Rule.  Docket No. 14324; Issued on 12/13/76.,26d5724e-75ab-491d-bac2-c540dc8bd8ba,https://drs.faa.gov/api/content/alf/26d5724e-75ab-491d-bac2-c540dc8bd8ba
Subpart E - Powerplant,Sec. 23.1093,Induction system icing protection.,23-29,03/26/1984,Historical,Final Rule.  Docket No. 16919; Issued on 12/16/83.,00bc2f57-3662-4c05-b6a3-bc7bbfcb9d56,https://drs.faa.gov/api/content/alf/00bc2f57-3662-4c05-b6a3-bc7bbfcb9d56
Subpart E - Powerplant,Sec. 23.1093,Induction system icing protection.,Initial,02/01/1965,Historical,Final Rule.  Docket No. 4080;  Issued on 09/28/64.,d24f572f-178c-403c-83ee-4492a3e7198d,https://drs.faa.gov/api/content/alf/d24f572f-178c-403c-83ee-4492a3e7198d
Subpart E - Powerplant,Sec. 23.1093,Induction system icing protection.,23-15,10/31/1974,Historical,Final Rule.  Docket No. 11010; Issued on 09/20/74.,22dee059-f3dd-4dac-9971-3fe855dc6577,https://drs.faa.gov/api/content/alf/22dee059-f3dd-4dac-9971-3fe855dc6577
Subpart E - Powerplant,Sec. 23.1095,Carburetor deicing fluid flow rate.,Initial,02/01/1965,Historical,Final Rule.  Docket No. 4080;  Issued on 09/28/64.,f30147a9-2b3f-401d-85e4-bb3a5408f2c1,https://drs.faa.gov/api/content/alf/f30147a9-2b3f-401d-85e4-bb3a5408f2c1
Subpart E - Powerplant,Sec. 23.1097,Carburetor deicing fluid system capacity.,Initial,02/01/1965,Historical,Final Rule.  Docket No. 4080;  Issued on 09/28/64.,7e1be579-58f7-484e-be02-fb90234201b3,https://drs.faa.gov/api/content/alf/7e1be579-58f7-484e-be02-fb90234201b3
Subpart E - Powerplant,Sec. 23.1099,Carburetor deicing fluid system detail design.,Initial,02/01/1965,Historical,Final Rule.  Docket No. 4080;  Issued on 09/28/64.,f91324e9-2b34-4c85-8f9d-6888012fdaa5,https://drs.faa.gov/api/content/alf/f91324e9-2b34-4c85-8f9d-6888012fdaa5
Subpart E - Powerplant,Sec. 23.1101,Carburetor air preheater design.,Initial,02/01/1965,Historical,Final Rule.  Docket No. 4080; Issued on 09/28/64.,b950aec6-06ea-44f5-9c4e-7d6737bc60b8,https://drs.faa.gov/api/content/alf/b950aec6-06ea-44f5-9c4e-7d6737bc60b8
Subpart E - Powerplant,Sec. 23.1101,[Induction] air preheater design.,23-43,05/10/1993,Historical,Final Rule.  Docket No. 26344;  Issued on 03/29/93.,adef6bac-ea6b-4b1c-a368-eb7764e8ca64,https://drs.faa.gov/api/content/alf/adef6bac-ea6b-4b1c-a368-eb7764e8ca64
Subpart E - Powerplant,Sec. 23.1103,Induction system ducts.,23-7,09/14/1969,Historical,Final Rule.  Docket No. 8083; Issued on 08/01/69.,dc53c5f6-ef68-47db-af99-82cf619c1de5,https://drs.faa.gov/api/content/alf/dc53c5f6-ef68-47db-af99-82cf619c1de5
Subpart E - Powerplant,Sec. 23.1103,Induction system ducts.,23-43,05/10/1993,Historical,Final Rule.  Docket No. 26344;  Issued on 03/29/93.,4cceec45-3d98-4c1f-a435-46d25fd1b9e9,https://drs.faa.gov/api/content/alf/4cceec45-3d98-4c1f-a435-46d25fd1b9e9
Subpart E - Powerplant,Sec. 23.1103,Induction system ducts.,Initial,02/01/1965,Historical,Final Rule.  Docket No. 4080; Issued on 09/28/64.,208465a8-4ac5-42ca-a074-1aacc5d4a3a1,https://drs.faa.gov/api/content/alf/208465a8-4ac5-42ca-a074-1aacc5d4a3a1
Subpart E - Powerplant,Sec. 23.1105,Induction system screens.,23-51,03/11/1996,Historical,Final Rule.  Docket No. 27804; Issued on 01/29/96.,0e41c1ee-b23c-4b57-9e6e-1f2b3486fbe3,https://drs.faa.gov/api/content/alf/0e41c1ee-b23c-4b57-9e6e-1f2b3486fbe3
Subpart E - Powerplant,Sec. 23.1105,Induction system screens.,Initial,02/01/1965,Historical,Final Rule.  Docket No. 4080; Issued on 09/28/64.,8b5c3104-0f3f-4271-aae5-d6e5a7e05414,https://drs.faa.gov/api/content/alf/8b5c3104-0f3f-4271-aae5-d6e5a7e05414
Subpart E - Powerplant,Sec. 23.1107,Induction system filters.,23-51,03/11/1996,Historical,Final Rule.  Docket No. 27804; Issued on 01/29/96.,d3c72fd8-3601-4e6f-898d-ad68f8b4dd1d,https://drs.faa.gov/api/content/alf/d3c72fd8-3601-4e6f-898d-ad68f8b4dd1d
Subpart E - Powerplant,Sec. 23.1107,Induction system filters.,23-43,05/10/1993,Historical,Final Rule.  Docket No. 26344;  Issued on 03/29/93.,a2f3bc22-23be-439f-8306-f67340c77c73,https://drs.faa.gov/api/content/alf/a2f3bc22-23be-439f-8306-f67340c77c73
Subpart E - Powerplant,Sec. 23.1109,Turbocharger bleed air system.,23-42,02/04/1991,Historical,Final Rule.  Docket No. 25811; Issued on 12/21/90.,eff755c5-4586-44fa-9c43-05341719a579,https://drs.faa.gov/api/content/alf/eff755c5-4586-44fa-9c43-05341719a579
Subpart E - Powerplant,Sec. 23.1111,Turbine engine bleed air system.,23-7,09/14/1969,Historical,Final Rule.  Docket No. 8083; Issued on 08/01/69.,d4ac6dd4-e6b0-43b5-898f-98393fb269cc,https://drs.faa.gov/api/content/alf/d4ac6dd4-e6b0-43b5-898f-98393fb269cc
Subpart E - Powerplant,Sec. 23.1111,Turbine engine bleed air system.,23-17,02/01/1977,Historical,Final Rule.  Docket No. 14324; Issued on 12/13/76.,c67cd0a1-5072-4d19-ae98-280a398724b8,https://drs.faa.gov/api/content/alf/c67cd0a1-5072-4d19-ae98-280a398724b8
Subpart E - Powerplant,Sec. 23.1121,General.,23-43,05/10/1993,Historical,Final Rule.  Docket No. 26344;  Issued on 03/29/93.,caf05013-6504-481a-a02c-fe9acd000d42,https://drs.faa.gov/api/content/alf/caf05013-6504-481a-a02c-fe9acd000d42
Subpart E - Powerplant,Sec. 23.1121,General.,23-51,03/11/1996,Historical,Final Rule.  Docket No. 27804; Issued on 01/29/96.,465878e6-76f4-403a-90cd-6508ef1a3f09,https://drs.faa.gov/api/content/alf/465878e6-76f4-403a-90cd-6508ef1a3f09
Subpart E - Powerplant,Sec. 23.1121,General.,23-18,05/02/1977,Historical,"Final Rule.  Docket No. 14606, 14324; Issued on 03/10/77.",634148fd-81ee-44b3-aafd-894e7b7c39e2,https://drs.faa.gov/api/content/alf/634148fd-81ee-44b3-aafd-894e7b7c39e2
Subpart E - Powerplant,Sec. 23.1121,General.,23-7,09/14/1969,Historical,Final Rule.  Docket No. 8083; Issued on 08/01/69.,2167b66a-338e-41d0-abbe-ceaafe60f9b5,https://drs.faa.gov/api/content/alf/2167b66a-338e-41d0-abbe-ceaafe60f9b5
Subpart E - Powerplant,Sec. 23.1121,General.,Initial,02/01/1965,Historical,Final Rule.  Docket No. 4080; Issued on 09/28/64.,1e7765b1-7c40-482c-af32-01ca0ec4c216,https://drs.faa.gov/api/content/alf/1e7765b1-7c40-482c-af32-01ca0ec4c216
Subpart E - Powerplant,Sec. 23.1123,Exhaust [system.],23-43,05/10/1993,Historical,Final Rule.  Docket No. 26344;  Issued on 03/29/93.,1291c7d9-4da0-4e42-9097-8c5c47fb0080,https://drs.faa.gov/api/content/alf/1291c7d9-4da0-4e42-9097-8c5c47fb0080
Subpart E - Powerplant,Sec. 23.1123,Exhaust manifold.,Initial,02/01/1965,Historical,Final Rule.  Docket No. 4080; Issued on 09/28/64.,304a2c6d-94e0-4561-887e-44cd08afe023,https://drs.faa.gov/api/content/alf/304a2c6d-94e0-4561-887e-44cd08afe023
Subpart E - Powerplant,Sec. 23.1125,Exhaust heat exchangers.,23-17,02/01/1977,Historical,Final Rule.  Docket No. 14324; Issued on 12/13/76.,37bb73e9-4195-45ab-bc2b-a1171e0923da,https://drs.faa.gov/api/content/alf/37bb73e9-4195-45ab-bc2b-a1171e0923da
Subpart E - Powerplant,Sec. 23.1125,Exhaust heat exchangers.,Initial,02/01/1965,Historical,Final Rule.  Docket No. 4080; Issued on 09/28/64.,e95aea0e-1149-4a7d-9733-01a53ffc2f57,https://drs.faa.gov/api/content/alf/e95aea0e-1149-4a7d-9733-01a53ffc2f57
Subpart E - Powerplant,Sec. 23.1141,Powerplant controls: general.,23-7,09/14/1969,Historical,Final Rule.  Docket No. 8083; Issued on 08/01/69.,07d71358-9877-46ac-9973-d41eed5fe783,https://drs.faa.gov/api/content/alf/07d71358-9877-46ac-9973-d41eed5fe783
Subpart E - Powerplant,Sec. 23.1141,Powerplant controls: general.,23-51,03/11/1996,Historical,Final Rule.  Docket No. 27804; Issued on 01/29/96.,d9ee76cb-26a3-4728-9f14-87096ab90293,https://drs.faa.gov/api/content/alf/d9ee76cb-26a3-4728-9f14-87096ab90293
Subpart E - Powerplant,Sec. 23.1141,Powerplant controls: general.,23-18,05/02/1977,Historical,"Final Rule.  Docket No. 14606, 14324; Issued on 03/10/77.",70a42e21-f391-4577-bccf-00acee2a396b,https://drs.faa.gov/api/content/alf/70a42e21-f391-4577-bccf-00acee2a396b
Subpart E - Powerplant,Sec. 23.1141,Powerplant controls: general.,23-14,12/20/1973,Historical,Final Rule.  Docket No. 11011; Issued on 11/07/73.,f07f997b-1404-4380-8797-8c3f7203cd08,https://drs.faa.gov/api/content/alf/f07f997b-1404-4380-8797-8c3f7203cd08
Subpart E - Powerplant,Sec. 23.1141,Powerplant controls: general.,Initial,02/01/1965,Historical,Final Rule.  Docket No. 4080; Issued on 09/28/64.,7da46b63-c5ed-41f2-a1c0-20738613f707,https://drs.faa.gov/api/content/alf/7da46b63-c5ed-41f2-a1c0-20738613f707
Subpart E - Powerplant,Sec. 23.1142,Auxiliary power unit controls.,23-43,05/10/1993,Historical,Final Rule.  Docket No. 26344;  Issued on 03/29/93.,8efef956-b2da-455c-9ace-6170ac2612d1,https://drs.faa.gov/api/content/alf/8efef956-b2da-455c-9ace-6170ac2612d1
Subpart E - Powerplant,Sec. 23.1143,Engine controls.,23-17,02/01/1977,Historical,Final Rule.  Docket No. 14324; Issued on 12/13/76.,f76ff769-7a19-4b23-8c2d-93a0d3d7bb43,https://drs.faa.gov/api/content/alf/f76ff769-7a19-4b23-8c2d-93a0d3d7bb43
Subpart E - Powerplant,Sec. 23.1143,"Engine power and thrust, and superchager controls.",23-7,09/14/1969,Historical,Final Rule.  Docket No. 8083; Issued on 08/01/69.,20ae5ba6-b61d-4128-9ad7-c5fa12b72c4f,https://drs.faa.gov/api/content/alf/20ae5ba6-b61d-4128-9ad7-c5fa12b72c4f
Subpart E - Powerplant,Sec. 23.1143,Engine controls.,23-51,03/11/1996,Historical,Final Rule.  Docket No. 27804; Issued on 01/29/96.,aacd6db4-8bc4-4e0e-b9d2-970f9e5b8c09,https://drs.faa.gov/api/content/alf/aacd6db4-8bc4-4e0e-b9d2-970f9e5b8c09
Subpart E - Powerplant,Sec. 23.1143,Throttle controls.,Initial,02/01/1965,Historical,Final Rule.  Docket No. 4080; Issued on 09/28/64.,8586c1a0-d5be-4106-ab49-a36fdec29f86,https://drs.faa.gov/api/content/alf/8586c1a0-d5be-4106-ab49-a36fdec29f86
Subpart E - Powerplant,Sec. 23.1143,Engine controls.,23-29,03/26/1984,Historical,Final Rule.  Docket No. 16919; Issued on 12/16/83.,4c2d61e9-f11f-49e6-a551-b65e1d6fa443,https://drs.faa.gov/api/content/alf/4c2d61e9-f11f-49e6-a551-b65e1d6fa443
Subpart E - Powerplant,Sec. 23.1143,Engine controls.,23-43,05/10/1993,Historical,Final Rule.  Docket No. 26344;  Issued on 03/29/93.,2724e883-54d4-4524-b1ac-3b93435c93b0,https://drs.faa.gov/api/content/alf/2724e883-54d4-4524-b1ac-3b93435c93b0
Subpart E - Powerplant,Sec. 23.1145,Ignition switches.,23-43,05/10/1993,Historical,Final Rule.  Docket No. 26344;  Issued on 03/29/93.,6f61181d-d0c2-4445-82ca-a36a655d00ee,https://drs.faa.gov/api/content/alf/6f61181d-d0c2-4445-82ca-a36a655d00ee
Subpart E - Powerplant,Sec. 23.1145,Ignition switches.,23-18,05/02/1977,Historical,"Final Rule.  Docket No. 14606, 14324; Issued on 03/10/77.",332d2b2b-7e17-48f3-89bb-5d2a4191bbca,https://drs.faa.gov/api/content/alf/332d2b2b-7e17-48f3-89bb-5d2a4191bbca
Subpart E - Powerplant,Sec. 23.1145,Ignition switches.,Initial,02/01/1965,Historical,Final Rule.  Docket No. 4080; Issued on 09/28/64.,51955c2b-f61a-456b-8c29-f4f1f32e60d6,https://drs.faa.gov/api/content/alf/51955c2b-f61a-456b-8c29-f4f1f32e60d6
Subpart E - Powerplant,Sec. 23.1147,Mixture controls.,23-33,08/11/1986,Historical,Final Rule.  Docket No. 24191; Issued on 07/07/86.,2fe1df85-c32d-4cd0-9b95-609e9d6f8b77,https://drs.faa.gov/api/content/alf/2fe1df85-c32d-4cd0-9b95-609e9d6f8b77
Subpart E - Powerplant,Sec. 23.1147,Mixture controls.,23-43,05/10/1993,Historical,Final Rule.  Docket No. 26344;  Issued on 03/29/93.,7ab200c2-fc80-4fa4-94b1-9403e2a93fab,https://drs.faa.gov/api/content/alf/7ab200c2-fc80-4fa4-94b1-9403e2a93fab
Subpart E - Powerplant,Sec. 23.1147,Mixture controls.,Initial,02/01/1965,Historical,Final Rule.  Docket No. 4080; Issued on 09/28/64.,e3f5bdfb-fcbc-4ba1-bf04-47abf50b8327,https://drs.faa.gov/api/content/alf/e3f5bdfb-fcbc-4ba1-bf04-47abf50b8327
Subpart E - Powerplant,Sec. 23.1147,Mixture controls.,23-7,09/14/1969,Historical,Final Rule.  Docket No. 8083; Issued on 08/01/69.,fa96ee96-f16d-4bc7-8a85-3828c7e35765,https://drs.faa.gov/api/content/alf/fa96ee96-f16d-4bc7-8a85-3828c7e35765
Subpart E - Powerplant,Sec. 23.1149,Propeller speed and pitch controls.,Initial,02/01/1965,Historical,Final Rule.  Docket No. 4080; Issued on 09/28/64.,98fadf45-51af-4d73-9c9e-2425e29638c9,https://drs.faa.gov/api/content/alf/98fadf45-51af-4d73-9c9e-2425e29638c9
Subpart E - Powerplant,Sec. 23.1153,Propeller feathering controls.,23-51,03/11/1996,Historical,Final Rule.  Docket No. 27804; Issued on 01/29/96.,0fcbfa62-1b50-4b21-943c-e2cffb360502,https://drs.faa.gov/api/content/alf/0fcbfa62-1b50-4b21-943c-e2cffb360502
Subpart E - Powerplant,Sec. 23.1153,Propeller feathering controls.,Initial,02/01/1965,Historical,Final Rule.  Docket No. 4080; Issued on 09/28/64.,82229ac5-8b2f-47db-8f1f-aaed125ce0b3,https://drs.faa.gov/api/content/alf/82229ac5-8b2f-47db-8f1f-aaed125ce0b3
Subpart E - Powerplant,Sec. 23.1155,"Turbine engine reverse thrust and propeller pitch settings below the flight 
regime.",23-7,09/14/1969,Historical,Final Rule.  Docket No. 8083; Issued on 08/01/69.,be357b1d-2005-4dc7-82e4-1b70f1b37917,https://drs.faa.gov/api/content/alf/be357b1d-2005-4dc7-82e4-1b70f1b37917
Subpart E - Powerplant,Sec. 23.1157,Carburetor air temperature controls.,Initial,02/01/1965,Historical,Final Rule.  Docket No. 4080; Issued on 09/28/64.,4dcf3f06-505a-4f1b-9937-965fe43effbc,https://drs.faa.gov/api/content/alf/4dcf3f06-505a-4f1b-9937-965fe43effbc
Subpart E - Powerplant,Sec. 23.1163,Powerplant accessories.,Initial,02/01/1965,Historical,Final Rule.  Docket No. 4080; Issued on 09/28/64.,1a9a9379-fcc2-4662-af5a-c4816273f4b0,https://drs.faa.gov/api/content/alf/1a9a9379-fcc2-4662-af5a-c4816273f4b0
Subpart E - Powerplant,Sec. 23.1163,Powerplant accessories.,23-42,02/04/1991,Historical,Final Rule.  Docket No. 25811; Issued on 12/21/90.,b23473a2-151c-410c-87d6-a410eca9ffa5,https://drs.faa.gov/api/content/alf/b23473a2-151c-410c-87d6-a410eca9ffa5
Subpart E - Powerplant,Sec. 23.1163,Powerplant accessories.,23-29,03/26/1984,Historical,Final Rule.  Docket No. 16919; Issued on 12/16/83.,4285b872-6411-4cd5-aef7-fdb0a6c1d576,https://drs.faa.gov/api/content/alf/4285b872-6411-4cd5-aef7-fdb0a6c1d576
Subpart E - Powerplant,Sec. 23.1163,Powerplant accessories.,23-14,12/20/1973,Historical,Final Rule. Docket No. 11011; Issued on 11/07/73.,c564dfda-314c-4b58-a982-e21de2aa6c90,https://drs.faa.gov/api/content/alf/c564dfda-314c-4b58-a982-e21de2aa6c90
Subpart E - Powerplant,Sec. 23.1163,Powerplant accessories.,23-34,02/17/1987,Historical,"Amendment 23-34, Published 1/15/1987",204fbbcc-9e04-4da3-9c45-3c8c65c99385,https://drs.faa.gov/api/content/alf/204fbbcc-9e04-4da3-9c45-3c8c65c99385
Subpart E - Powerplant,Sec. 23.1165,Engine ignition systems.,Initial,02/01/1965,Historical,Final Rule.  Docket No. 4080; Issued on 09/28/64.,a462c662-07dc-4afa-b7ea-de3a4a2f2a65,https://drs.faa.gov/api/content/alf/a462c662-07dc-4afa-b7ea-de3a4a2f2a65
Subpart E - Powerplant,Sec. 23.1165,Engine ignition systems.,23-62,01/31/2012,Historical,"Amendment 23-62, Published 12/2/2011",bfa36a37-c8b1-4d3a-8340-306e25efaf18,https://drs.faa.gov/api/content/alf/bfa36a37-c8b1-4d3a-8340-306e25efaf18
Subpart E - Powerplant,Sec. 23.1165,Engine ignition systems.,23-34,02/17/1987,Historical,Final Rule.  Docket No. 23516; Issued on 01/08/87.,32cdc0e0-fad0-452e-8b81-eeaf508f1c25,https://drs.faa.gov/api/content/alf/32cdc0e0-fad0-452e-8b81-eeaf508f1c25
Subpart E - Powerplant,Sec. 23.1165,Engine ignition systems.,23-17,02/01/1977,Historical,Final Rule.  Docket No. 14324; Issued on 12/13/76.,240e46ce-58a5-4853-9f2b-aa30d4e6f226,https://drs.faa.gov/api/content/alf/240e46ce-58a5-4853-9f2b-aa30d4e6f226
Subpart E - Powerplant,Sec. 23.1181,Designated fire zones; regions included.,23-51,03/11/1996,Historical,Final Rule.  Docket No. 27804; Issued on 01/29/96.,00812b0f-3d21-457b-8e98-aa8ca80b3dfe,https://drs.faa.gov/api/content/alf/00812b0f-3d21-457b-8e98-aa8ca80b3dfe
Subpart E - Powerplant,Sec. 23.1181,Designated fire zones; regions included.,23-43,05/10/1993,Historical,Final Rule.  Docket No. 26344;  Issued on 03/29/93.,cb041b3e-74ae-4ba3-bfc0-43fdaf5b6af8,https://drs.faa.gov/api/content/alf/cb041b3e-74ae-4ba3-bfc0-43fdaf5b6af8
Subpart E - Powerplant,Sec. 23.1182,Nacelle areas behind firewalls.,23-14,12/20/1973,Historical,Final Rule.  Docket No. 11011; Issued on 11/07/73.,8c85f9a1-de3c-4432-8581-0e5f26cc6dc0,https://drs.faa.gov/api/content/alf/8c85f9a1-de3c-4432-8581-0e5f26cc6dc0
Subpart E - Powerplant,Sec. 23.1183,Lines and fittings and components.,23-15,10/31/1974,Historical,Final Rule.  Docket No. 11010; Issued on 09/20/74.,f2a91a9d-b4ef-4515-800c-24b910d58fd5,https://drs.faa.gov/api/content/alf/f2a91a9d-b4ef-4515-800c-24b910d58fd5
Subpart E - Powerplant,Sec. 23.1183,Lines and fittings [and components.],23-14,12/20/1973,Historical,Final Rule.  Docket No. 11011; Issued on 11/07/73.,b46f4ca3-2e8e-484c-a456-bbaf54817c0f,https://drs.faa.gov/api/content/alf/b46f4ca3-2e8e-484c-a456-bbaf54817c0f
Subpart E - Powerplant,Sec. 23.1183,"Lines, fittings and components.",23-51,03/11/1996,Historical,Final Rule.  Docket No. 27804; Issued on 01/29/96.,20090051-e673-4c81-99de-1044a8cfa3ca,https://drs.faa.gov/api/content/alf/20090051-e673-4c81-99de-1044a8cfa3ca
Subpart E - Powerplant,Sec. 23.1183,Lines and fittings.,23-5,06/04/1967,Historical,Final Rule.  Docket No. 7095; Issued on 04/28/67.,149e8103-0cb5-4433-bc33-d37d16400c26,https://drs.faa.gov/api/content/alf/149e8103-0cb5-4433-bc33-d37d16400c26
Subpart E - Powerplant,Sec. 23.1183,"Lines, fittings and components.",23-29,03/26/1984,Historical,Final Rule.  Docket No. 16919; Issued on 12/16/83.,e6c2df32-3b1f-4d5b-8ece-76e36d8cd3b7,https://drs.faa.gov/api/content/alf/e6c2df32-3b1f-4d5b-8ece-76e36d8cd3b7
Subpart E - Powerplant,Sec. 23.1183,Lines and fittings.,Initial,02/01/1965,Historical,Final Rule.  Docket No. 4080; Issued on 09/28/64.,f66db1d1-2eea-4198-805d-30797cb517ba,https://drs.faa.gov/api/content/alf/f66db1d1-2eea-4198-805d-30797cb517ba
Subpart E - Powerplant,Sec. 23.1189,Shutoff means.,23-14,12/20/1973,Historical,Final Rule.  Docket No. 11011; Issued on 11/07/73.,99934d3a-5d23-4a95-8370-1d30ed0d0906,https://drs.faa.gov/api/content/alf/99934d3a-5d23-4a95-8370-1d30ed0d0906
Subpart E - Powerplant,Sec. 23.1189,Shutoff means.,23-43,05/10/1993,Historical,Final Rule.  Docket No. 26344;  Issued on 03/29/93.,69eafb0c-1a56-4b82-bc7f-2eb574a9d79f,https://drs.faa.gov/api/content/alf/69eafb0c-1a56-4b82-bc7f-2eb574a9d79f
Subpart E - Powerplant,Sec. 23.1189,Shutoff means.,23-7,09/14/1969,Historical,Final Rule.  Docket No. 8083; Issued on 08/01/69.,06223086-73c4-4bb4-b953-7478bba2cfcb,https://drs.faa.gov/api/content/alf/06223086-73c4-4bb4-b953-7478bba2cfcb
Subpart E - Powerplant,Sec. 23.1189,Shutoff means.,Initial,02/01/1965,Historical,Final Rule.  Docket No. 4080; Issued on 09/28/64.,b91f7367-9526-41a7-a684-fc42c923f92e,https://drs.faa.gov/api/content/alf/b91f7367-9526-41a7-a684-fc42c923f92e
Subpart E - Powerplant,Sec. 23.1189,Shutoff means.,23-29,03/26/1984,Historical,Final Rule.  Docket No. 16919; Issued on 12/16/83.,4e236b32-262d-4988-9182-d7b371c57e6d,https://drs.faa.gov/api/content/alf/4e236b32-262d-4988-9182-d7b371c57e6d
Subpart E - Powerplant,Sec. 23.1191,Firewalls.,23-43,05/10/1993,Historical,Final Rule.  Docket No. 26344;  Issued on 03/29/93.,10af0fa7-3c29-4815-a595-912cc9a05931,https://drs.faa.gov/api/content/alf/10af0fa7-3c29-4815-a595-912cc9a05931
Subpart E - Powerplant,Sec. 23.1191,Firewalls.,Initial,02/01/1965,Historical,Final Rule.  Docket No. 4080; Issued on 09/28/64.,342de6e7-8b4e-4b79-be0b-830f64d9a951,https://drs.faa.gov/api/content/alf/342de6e7-8b4e-4b79-be0b-830f64d9a951
Subpart E - Powerplant,Sec. 23.1191,Firewalls.,23-51,03/11/1996,Historical,Final Rule.  Docket No. 27804; Issued on 01/29/96.,dd15de11-5e29-4731-928e-395be79d5ae5,https://drs.faa.gov/api/content/alf/dd15de11-5e29-4731-928e-395be79d5ae5
Subpart E - Powerplant,Sec. 23.1192,Engine accessory compartment diaphragm.,23-14,12/20/1973,Historical,Final Rule.  Docket No. 11011; Issued on 11/07/73.,30882bd1-7ba7-4860-8b07-c5a6fb891648,https://drs.faa.gov/api/content/alf/30882bd1-7ba7-4860-8b07-c5a6fb891648
Subpart E - Powerplant,Sec. 23.1193,Cowling and nacelle.,23-62,01/31/2012,Historical,"Amendment 23-62, Published 12/2/2011",d5a4aabb-af66-4ef6-9404-59909b882a3e,https://drs.faa.gov/api/content/alf/d5a4aabb-af66-4ef6-9404-59909b882a3e
Subpart E - Powerplant,Sec. 23.1193,Cowling [and nacelle.],23-18,05/02/1977,Historical,"Final Rule.  Docket No. 14606, 14324; Issued on 03/10/77.",11d55f96-2d93-40db-8ca4-e7b15871bd5a,https://drs.faa.gov/api/content/alf/11d55f96-2d93-40db-8ca4-e7b15871bd5a
Subpart E - Powerplant,Sec. 23.1193,Cowling.,Initial,02/01/1965,Historical,Final Rule.  Docket No. 4080; Issued on 09/28/64.,38b8617a-bd1a-4290-944b-9fda6dff7cd5,https://drs.faa.gov/api/content/alf/38b8617a-bd1a-4290-944b-9fda6dff7cd5
Subpart E - Powerplant,Sec. 23.1193,Cowling and nacelle.,23-34,02/17/1987,Historical,Final Rule.  Docket No. 23516; Issued on 01/08/87.,6d924861-fcb5-430a-b1a4-9344f966ee2a,https://drs.faa.gov/api/content/alf/6d924861-fcb5-430a-b1a4-9344f966ee2a
Subpart E - Powerplant,Sec. 23.1193,Cowling and nacelle.,23-43,05/10/1993,Historical,Final Rule.  Docket No. 26344;  Issued on 03/29/93.,805b15b9-18b3-4fb0-802c-17e605dd1b1d,https://drs.faa.gov/api/content/alf/805b15b9-18b3-4fb0-802c-17e605dd1b1d
Subpart E - Powerplant,Sec. 23.1195,Fire extinguishing systems.,23-34,02/17/1987,Historical,Final Rule.  Docket No. 23516; Issued on 01/08/87.,b10e388b-98e3-419f-8663-9bb320ed230c,https://drs.faa.gov/api/content/alf/b10e388b-98e3-419f-8663-9bb320ed230c
Subpart E - Powerplant,Sec. 23.1195,Fire extinguishing systems.,23-62,01/31/2012,Historical,"Amendment 23-62, Published 12/2/2011",50f3b7a4-23ca-48de-a43a-1437b0c654a1,https://drs.faa.gov/api/content/alf/50f3b7a4-23ca-48de-a43a-1437b0c654a1
Subpart E - Powerplant,Sec. 23.1195,Fire extinguishing systems.,23-43,05/10/1993,Historical,Final Rule.  Docket No. 26344;  Issued on 03/29/93.,38437231-fde0-4897-a963-84c5b83f50b5,https://drs.faa.gov/api/content/alf/38437231-fde0-4897-a963-84c5b83f50b5
Subpart E - Powerplant,Sec. 23.1197,Fire extinguishing agents.,23-62,01/31/2012,Historical,"Amendment 23-62, Published 12/2/2011",21b5ab22-c9db-4cde-84da-5a085a0846f5,https://drs.faa.gov/api/content/alf/21b5ab22-c9db-4cde-84da-5a085a0846f5
Subpart E - Powerplant,Sec. 23.1197,Fire extinguishing agents.,23-34,02/17/1987,Historical,Final Rule.  Docket No. 23516; Issued on 01/08/87.,2f3df8fa-402d-4589-8968-8407fff0eda1,https://drs.faa.gov/api/content/alf/2f3df8fa-402d-4589-8968-8407fff0eda1
Subpart E - Powerplant,Sec. 23.1199,Extinguishing agent containers.,23-34,02/17/1987,Historical,Final Rule.  Docket No. 23516; Issued on 01/08/87.,d0b2e7fa-4dbd-4038-8e91-d8cfb9661017,https://drs.faa.gov/api/content/alf/d0b2e7fa-4dbd-4038-8e91-d8cfb9661017
Subpart E - Powerplant,Sec. 23.1199,Extinguishing agent containers.,23-62,01/31/2012,Historical,"Amendment 23-62, Published 12/2/2011",96ac45d7-d9d8-4812-931a-7431c375fc8c,https://drs.faa.gov/api/content/alf/96ac45d7-d9d8-4812-931a-7431c375fc8c
Subpart E - Powerplant,Sec. 23.1201,Fire extinguishing system materials.,23-62,01/31/2012,Historical,"Amendment 23-62, Published 12/2/2011",c1e8946f-d8fd-40d0-9581-f8b42995feaf,https://drs.faa.gov/api/content/alf/c1e8946f-d8fd-40d0-9581-f8b42995feaf
Subpart E - Powerplant,Sec. 23.1201,Fire extinguishing system materials.,23-34,02/17/1987,Historical,Final Rule.  Docket No. 23516; Issued on 01/08/87.,b80468ee-c726-4c18-ae58-e10f9a306f57,https://drs.faa.gov/api/content/alf/b80468ee-c726-4c18-ae58-e10f9a306f57
Subpart E - Powerplant,Sec. 23.1203,Fire detector system.,23-18,05/02/1977,Historical,"Final Rule. Docket No. 14606, 14324; Issued on 03/10/77.",40a49a8c-f9c1-478e-bf85-b85afcccdd0c,https://drs.faa.gov/api/content/alf/40a49a8c-f9c1-478e-bf85-b85afcccdd0c
Subpart E - Powerplant,Sec. 23.1203,Fire detector system.,23-34,02/17/1987,Historical,Final Rule.  Docket No. 23516; Issued on 01/08/87.,7eb9937c-7187-4778-8dde-a0b858fafb96,https://drs.faa.gov/api/content/alf/7eb9937c-7187-4778-8dde-a0b858fafb96
Subpart E - Powerplant,Sec. 23.1203,Fire detector system.,23-43,05/10/1993,Historical,Final Rule.  Docket No. 26344;  Issued on 03/29/93.,e8fc95d2-81d6-4cd2-8bb4-886c782bce28,https://drs.faa.gov/api/content/alf/e8fc95d2-81d6-4cd2-8bb4-886c782bce28
Subpart E - Powerplant,Sec. 23.1203,Fire detector system.,23-51,03/11/1996,Historical,Final Rule.  Docket No. 27804; Issued on 01/29/96.,bd204468-afd2-4387-ba74-a5259f16be09,https://drs.faa.gov/api/content/alf/bd204468-afd2-4387-ba74-a5259f16be09
Subpart F - Equipment,Sec. 23.1301,Function and installation.,23-62,01/31/2012,Historical,"Amendment 23-62, Published 12/2/2011",f34db114-f3b9-4146-b004-0cfc7ccd64f3,https://drs.faa.gov/api/content/alf/f34db114-f3b9-4146-b004-0cfc7ccd64f3
Subpart F - Equipment,Sec. 23.1301,Function and installation.,23-7,09/14/1969,Historical,Final Rule.  Docket No. 8083; Issued on 08/01/69.,ceee3ddf-768a-4b95-955a-fb7b1a7fdf41,https://drs.faa.gov/api/content/alf/ceee3ddf-768a-4b95-955a-fb7b1a7fdf41
Subpart F - Equipment,Sec. 23.1301,Function and installation.,23-20,09/01/1977,Historical,Final Rule.  Docket No. 14625; Issued on 07/11/77.,f5163db3-ced3-4212-8bf8-bd6a75e11298,https://drs.faa.gov/api/content/alf/f5163db3-ced3-4212-8bf8-bd6a75e11298
Subpart F - Equipment,Sec. 23.1301,Function and installation.,23-14,12/20/1973,Historical,Final Rule.  Docket No. 11011; Issued on 11/07/73.,3d4a5552-7e1d-4757-8c90-3d0d9aa874b9,https://drs.faa.gov/api/content/alf/3d4a5552-7e1d-4757-8c90-3d0d9aa874b9
Subpart F - Equipment,Sec. 23.1301,Function and installation.,Initial,02/01/1965,Historical,Final Rule.  Docket No. 4080; Issued on 09/28/64.,3119759c-4f81-404f-859c-e20483d53f70,https://drs.faa.gov/api/content/alf/3119759c-4f81-404f-859c-e20483d53f70
Subpart F - Equipment,Sec. 23.1303,Flight and navigation instruments.,Initial,02/01/1965,Historical,Final Rule.  Docket No. 4080; Issued on 09/28/64.,62a6ef23-4838-4494-a911-2a5571a19084,https://drs.faa.gov/api/content/alf/62a6ef23-4838-4494-a911-2a5571a19084
Subpart F - Equipment,Sec. 23.1303,Flight and navigation instruments.,23-62,01/31/2012,Historical,"Amendment 23-62, Published 12/2/2011",5503b5d5-6a40-43f4-af7a-d566a880bc08,https://drs.faa.gov/api/content/alf/5503b5d5-6a40-43f4-af7a-d566a880bc08
Subpart F - Equipment,Sec. 23.1303,Flight and navigation instruments.,23-17,02/01/1977,Historical,Final Rule.  Docket No. 14324; Issued on 12/13/76.,3d700ed7-d87e-48f9-86c7-9adf21ca47fc,https://drs.faa.gov/api/content/alf/3d700ed7-d87e-48f9-86c7-9adf21ca47fc
Subpart F - Equipment,Sec. 23.1303,Flight and navigation instruments.,23-43,05/10/1993,Historical,Final Rule.  Docket No. 26344;  Issued on 03/29/93.,2aac219d-a1e9-4758-bc3e-8913daa31f02,https://drs.faa.gov/api/content/alf/2aac219d-a1e9-4758-bc3e-8913daa31f02
Subpart F - Equipment,Sec. 23.1303,Flight and navigation instruments.,23-49,03/11/1996,Historical,Final Rule.  Docket No. 27806; Issued on 01/29/96.,e4821950-881a-453b-b266-b2def9e05047,https://drs.faa.gov/api/content/alf/e4821950-881a-453b-b266-b2def9e05047
Subpart F - Equipment,Sec. 23.1305,Powerplant instruments.,23-43,05/10/1993,Historical,Final Rule.  Docket No. 26344;  Issued on 03/29/93.,055136b3-3633-4ff7-a4b9-4211676e437d,https://drs.faa.gov/api/content/alf/055136b3-3633-4ff7-a4b9-4211676e437d
Subpart F - Equipment,Sec. 23.1305,Powerplant instruments.,23-7,09/14/1969,Historical,Final Rule.  Docket No. 8083; Issued on 08/01/69.,bb66e7a7-7846-42a9-a5c1-374fc49d1cde,https://drs.faa.gov/api/content/alf/bb66e7a7-7846-42a9-a5c1-374fc49d1cde
Subpart F - Equipment,Sec. 23.1305,Powerplant instruments.,23-52,07/25/1996,Historical,Final Rule.  Docket No. 28011; Issued on 03/21/96.,f8284213-b838-44c1-9260-958387db1ad0,https://drs.faa.gov/api/content/alf/f8284213-b838-44c1-9260-958387db1ad0
Subpart F - Equipment,Sec. 23.1305,Powerplant instruments.,23-15,10/31/1974,Historical,Final Rule.  Docket No. 11010; Issued on 09/20/74.,17d4b147-9bd4-4ba6-83cc-216392508524,https://drs.faa.gov/api/content/alf/17d4b147-9bd4-4ba6-83cc-216392508524
Subpart F - Equipment,Sec. 23.1305,Powerplant instruments.,23-18,05/02/1977,Historical,"Final Rule.  Docket No. 14606, 14324; Issued on 03/10/77.",a0390753-7813-4516-9a82-4ca066ac74f4,https://drs.faa.gov/api/content/alf/a0390753-7813-4516-9a82-4ca066ac74f4
Subpart F - Equipment,Sec. 23.1305,Powerplant instruments.,Initial,02/01/1965,Historical,Final Rule.  Docket No. 4080; Issued on 09/28/64.,13921dd9-b385-4348-af45-12f406759ba6,https://drs.faa.gov/api/content/alf/13921dd9-b385-4348-af45-12f406759ba6
Subpart F - Equipment,Sec. 23.1305,Powerplant instruments.,23-51,03/11/1996,Historical,Final Rule.  Docket No. 27804; Issued on 01/29/96.,f7ce8fd1-04d4-455a-8041-710bbacb9751,https://drs.faa.gov/api/content/alf/f7ce8fd1-04d4-455a-8041-710bbacb9751
Subpart F - Equipment,Sec. 23.1305,Powerplant instruments.,23-26,10/14/1980,Historical,"Final Rule.  Docket No. 14779, 14324; Issued on 8/27/80.",2dcfd682-88c3-4933-8c12-376d914035d1,https://drs.faa.gov/api/content/alf/2dcfd682-88c3-4933-8c12-376d914035d1
Subpart F - Equipment,Sec. 23.1305,Powerplant instruments.,23-14,12/20/1973,Historical,Final Rule.  Docket No. 11011; Issued on 11/07/73.,70956cb3-8dd1-42a3-8c27-832c798a1307,https://drs.faa.gov/api/content/alf/70956cb3-8dd1-42a3-8c27-832c798a1307
Subpart F - Equipment,Sec. 23.1305,Powerplant instruments.,23-34,02/17/1987,Historical,Final Rule.  Docket No. 23516; Issued on 01/08/87.,6462b7e4-d902-487e-9fa9-c75731057cc1,https://drs.faa.gov/api/content/alf/6462b7e4-d902-487e-9fa9-c75731057cc1
Subpart F - Equipment,Sec. 23.1306,Electrical and electronic system lightning protection.,23-61,08/08/2011,Historical,Final Rule.  Amendment 23-61; Published on 6/8/2011.,bc0e0037-c56d-4048-a942-44020a4fe37c,https://drs.faa.gov/api/content/alf/bc0e0037-c56d-4048-a942-44020a4fe37c
Subpart F - Equipment,Sec. 23.1307,Miscellaneous equipment.,23-49,03/11/1996,Historical,Final Rule.  Docket No. 27806; Issued on 01/29/96.,749270c3-d895-4685-938d-b00bd3eb4720,https://drs.faa.gov/api/content/alf/749270c3-d895-4685-938d-b00bd3eb4720
Subpart F - Equipment,Sec. 23.1307,Miscellaneous equipment.,Initial,02/01/1965,Historical,Final Rule.  Docket No. 4080; Issued on 09/28/64.,eee7ef6f-40b4-4322-99fe-def1feeabfbc,https://drs.faa.gov/api/content/alf/eee7ef6f-40b4-4322-99fe-def1feeabfbc
Subpart F - Equipment,Sec. 23.1307,Miscellaneous equipment.,23-43,05/10/1993,Historical,Final Rule.  Docket No. 26344;  Issued on 03/29/93.,85d64072-3cd7-4134-b5dd-27695f3500ae,https://drs.faa.gov/api/content/alf/85d64072-3cd7-4134-b5dd-27695f3500ae
Subpart F - Equipment,Sec. 23.1307,Miscellaneous equipment.,23-19,07/18/1977,Historical,Final Rule.  Docket No. 10162; Issued on 06/09/77.,f88fa8fa-1d56-4909-b25e-bef66a10a0f4,https://drs.faa.gov/api/content/alf/f88fa8fa-1d56-4909-b25e-bef66a10a0f4
Subpart F - Equipment,Sec. 23.1307,Miscellaneous equipment.,23-23,12/01/1978,Historical,"Final Rule.  Docket No. 14324, 14606, 14625, 14685, 14779; Issued on 10/20/78.",6661bd4a-4549-479c-a28c-484f51d093fc,https://drs.faa.gov/api/content/alf/6661bd4a-4549-479c-a28c-484f51d093fc
Subpart F - Equipment,Sec. 23.1308,High-Intensity Radiated Fields (HIRF) Protection.,23-57,09/05/2007,Historical,Final Rule. Docket No. 2006-23657; Issued on 7/30/07,3680e044-c34a-4913-821a-69bad16be130,https://drs.faa.gov/api/content/alf/3680e044-c34a-4913-821a-69bad16be130
Subpart F - Equipment,Sec. 23.1309,Equipment systems and installations.,23-14,12/20/1973,Historical,Final Rule.  Docket No. 11011; Issued on 11/07/73.,1fd10b8c-0f2b-4a59-95ad-c921687f0617,https://drs.faa.gov/api/content/alf/1fd10b8c-0f2b-4a59-95ad-c921687f0617
Subpart F - Equipment,Sec. 23.1309,"Equipment, systems, and installations.",23-41,11/26/1990,Historical,Final Rule.  Docket No. 25812; Issued on 10/22/90.,d59a92a5-68ee-4a4f-965d-851d068e0af9,https://drs.faa.gov/api/content/alf/d59a92a5-68ee-4a4f-965d-851d068e0af9
Subpart F - Equipment,Sec. 23.1309,"Equipment, systems, and installations.",23-34,02/17/1987,Historical,Final Rule.  Docket No. 23516; Issued on 01/08/87.,90ddd30c-503f-4078-941a-950a29e334f0,https://drs.faa.gov/api/content/alf/90ddd30c-503f-4078-941a-950a29e334f0
Subpart F - Equipment,Sec. 23.1309,"Equipment, systems, and installations.",23-49,03/11/1996,Historical,Final Rule.  Docket No. 27806; Issued on 01/29/96.,61042056-7bd8-4b1e-bad2-1ec71f39835b,https://drs.faa.gov/api/content/alf/61042056-7bd8-4b1e-bad2-1ec71f39835b
Subpart F - Equipment,Sec. 23.1309,"Equipment, systems, and installations.",23-17,02/01/1977,Historical,Final Rule.  Docket No. 14324; Issued on 12/13/76.,0b727d6a-5bad-4c6c-926b-d926911ae3ad,https://drs.faa.gov/api/content/alf/0b727d6a-5bad-4c6c-926b-d926911ae3ad
Subpart F - Equipment,Sec. 23.1309,"Equipment, systems, and installations.",23-62,01/31/2012,Historical,"Amendment 23-62, Published 12/2/2011",0206e1db-d755-420a-a0b0-f08bec0944be,https://drs.faa.gov/api/content/alf/0206e1db-d755-420a-a0b0-f08bec0944be
Subpart F - Equipment,Sec. 23.1310,Power source capacity and distribution.,23-62,01/31/2012,Historical,"Amendment 23-62, Published 12/2/2011",32745703-7b74-49bf-b7de-91a477057596,https://drs.faa.gov/api/content/alf/32745703-7b74-49bf-b7de-91a477057596
Subpart F - Equipment,Sec. 23.1311,Electronic display instrument systems.,23-62,01/31/2012,Historical,"Amendment 23-62, Published 12/2/2011",3b30c83a-6a0f-45cd-94c5-af4820c87a58,https://drs.faa.gov/api/content/alf/3b30c83a-6a0f-45cd-94c5-af4820c87a58
Subpart F - Equipment,Sec. 23.1311,Electronic display instrument systems.,23-49,03/11/1996,Historical,Final Rule.  Docket No. 27806; Issued on 01/29/96.,2c30abb3-ae29-46df-b0fa-7e73c545dc04,https://drs.faa.gov/api/content/alf/2c30abb3-ae29-46df-b0fa-7e73c545dc04
Subpart F - Equipment,Sec. 23.1311,Electronic display instrument systems.,23-41,11/26/1990,Historical,Final Rule.  Docket No. 25812; Issued on 10/22/90.,7d0a32f5-c2e5-4a68-80f3-8cd659f32d3e,https://drs.faa.gov/api/content/alf/7d0a32f5-c2e5-4a68-80f3-8cd659f32d3e
Subpart F - Equipment,Sec. 23.1321,Arrangement and visibility.,23-49,03/11/1996,Historical,Final Rule.  Docket No. 27806; Issued on 01/29/96.,207e9521-526b-439c-8c96-038fcf76f687,https://drs.faa.gov/api/content/alf/207e9521-526b-439c-8c96-038fcf76f687
Subpart F - Equipment,Sec. 23.1321,Arrangement and visibility.,23-20,09/01/1977,Historical,Final Rule.  Docket No. 14625; Issued on 07/11/77.,c171e7bb-4587-4ea1-acd3-7f07000ea966,https://drs.faa.gov/api/content/alf/c171e7bb-4587-4ea1-acd3-7f07000ea966
Subpart F - Equipment,Sec. 23.1321,Arrangement and visibility.,23-41,11/26/1990,Historical,Final Rule.  Docket No. 25812; Issued on 10/22/90.,c72a7513-a01a-4a8c-8161-98459426b9c7,https://drs.faa.gov/api/content/alf/c72a7513-a01a-4a8c-8161-98459426b9c7
Subpart F - Equipment,Sec. 23.1321,Arrangement and visibility.,23-14,12/20/1973,Historical,Final Rule.  Docket No. 11011; Issued on 11/07/73.,584e12b8-2953-46ff-b4b0-2b8f0402d565,https://drs.faa.gov/api/content/alf/584e12b8-2953-46ff-b4b0-2b8f0402d565
Subpart F - Equipment,Sec. 23.1321,Arrangement and visibility.,Initial,02/01/1965,Historical,Final Rule.  Docket No. 4080; Issued on 09/28/64.,377e962e-9dde-49f9-945e-24450ea02153,https://drs.faa.gov/api/content/alf/377e962e-9dde-49f9-945e-24450ea02153
Subpart F - Equipment,Sec. 23.1322,"Warning, caution, and advisory lights.",23-17,02/01/1977,Historical,Final Rule.  Docket No. 14324; Issued on 12/13/76.,6877335c-2d84-4e3f-866c-620d470c7290,https://drs.faa.gov/api/content/alf/6877335c-2d84-4e3f-866c-620d470c7290
Subpart F - Equipment,Sec. 23.1322,"Warning, caution, and advisory lights.",23-43,05/10/1993,Historical,Final Rule.  Docket No. 26344;  Issued on 03/29/93.,9b33f373-eb51-40b7-8514-22c81dc25fac,https://drs.faa.gov/api/content/alf/9b33f373-eb51-40b7-8514-22c81dc25fac
Subpart F - Equipment,Sec. 23.1323,Airspeed indicating system.,Initial,02/01/1965,Historical,Final Rule.  Docket No. 4080; Issued on 09/28/64.,27e69ac6-070d-4e20-a935-67dbfeafcb6c,https://drs.faa.gov/api/content/alf/27e69ac6-070d-4e20-a935-67dbfeafcb6c
Subpart F - Equipment,Sec. 23.1323,Airspeed indicating system.,23-42,02/04/1991,Historical,Final Rule.  Docket No. 25811; Issued on 12/21/90.,ecf1be0c-79c3-41b1-b0a4-113ca8d731cf,https://drs.faa.gov/api/content/alf/ecf1be0c-79c3-41b1-b0a4-113ca8d731cf
Subpart F - Equipment,Sec. 23.1323,Airspeed indicating system.,23-20,09/01/1977,Historical,Final Rule.  Docket No. 14625; Issued on 07/11/77.,a88316d4-150d-40af-a65f-bf73991d050c,https://drs.faa.gov/api/content/alf/a88316d4-150d-40af-a65f-bf73991d050c
Subpart F - Equipment,Sec. 23.1323,Airspeed indicating system.,23-49,03/11/1996,Historical,Final Rule.  Docket No. 27806; Issued on 01/29/96.,dd98c563-53b7-4c2d-8af4-8cce92271846,https://drs.faa.gov/api/content/alf/dd98c563-53b7-4c2d-8af4-8cce92271846
Subpart F - Equipment,Sec. 23.1323,Airspeed indicating system.,23-34,02/17/1987,Historical,Final Rule.  Docket No. 23516; Issued on 01/08/87.,eee6b8d5-d0f8-4406-9029-e49daaceef9e,https://drs.faa.gov/api/content/alf/eee6b8d5-d0f8-4406-9029-e49daaceef9e
Subpart F - Equipment,Sec. 23.1323,Airspeed indicating system.,23-62,01/31/2012,Historical,"Amendment 23-62, Published 12/2/2011",b9a21105-47e6-45ea-8dce-ebaa881ec218,https://drs.faa.gov/api/content/alf/b9a21105-47e6-45ea-8dce-ebaa881ec218
Subpart F - Equipment,Sec. 23.1323,Airspeed indicating system.,23-7,09/14/1969,Historical,Final Rule.  Docket No. 8083; Issued on 08/01/69.,305f2318-3317-43da-b804-8967135e2a24,https://drs.faa.gov/api/content/alf/305f2318-3317-43da-b804-8967135e2a24
Subpart F - Equipment,Sec. 23.1325,Static air vent system.,Initial,02/01/1965,Historical,Final Rule.  Docket No. 4080; Issued on 09/28/64.,5667ccac-15ca-492a-9064-370f315b6fa1,https://drs.faa.gov/api/content/alf/5667ccac-15ca-492a-9064-370f315b6fa1
Subpart F - Equipment,Sec. 23.1325,Static pressure system.,23-6,08/01/1967,Historical,Final Rule.  Docket No. 7831; Issued on 05/16/67.,f166583f-595a-46f7-8617-0447d93c92eb,https://drs.faa.gov/api/content/alf/f166583f-595a-46f7-8617-0447d93c92eb
Subpart F - Equipment,Sec. 23.1325,Static [pressure system.],23-1,07/29/1965,Historical,Final Rule.  Docket No. 1186; Issued on 06/21/65.,2ac023ad-5117-474c-84ee-3ac32139e140,https://drs.faa.gov/api/content/alf/2ac023ad-5117-474c-84ee-3ac32139e140
Subpart F - Equipment,Sec. 23.1325,Static pressure system.,23-20,09/01/1977,Historical,Final Rule.  Docket No. 14625; Issued on 07/11/77.,25a15ef9-84b2-40ea-94b9-574119f61f58,https://drs.faa.gov/api/content/alf/25a15ef9-84b2-40ea-94b9-574119f61f58
Subpart F - Equipment,Sec. 23.1325,Static pressure system.,23-42,02/04/1991,Historical,Final Rule.  Docket No. 25811; Issued on 12/21/90.,d73152bc-7fab-4f60-bf59-1879499f7c9c,https://drs.faa.gov/api/content/alf/d73152bc-7fab-4f60-bf59-1879499f7c9c
Subpart F - Equipment,Sec. 23.1325,Static pressure system.,23-50,03/12/1996,Historical,Final Rule.  Docket No. 27807; Issued on 01/29/96.,f172f519-455c-46b1-9fe0-a98642fb9d29,https://drs.faa.gov/api/content/alf/f172f519-455c-46b1-9fe0-a98642fb9d29
Subpart F - Equipment,Sec. 23.1325,Static pressure system.,23-34,02/17/1987,Historical,Final Rule.  Docket No. 23516; Issued on 01/08/87.,da64c2a8-2abe-409c-af40-c49b06df7adb,https://drs.faa.gov/api/content/alf/da64c2a8-2abe-409c-af40-c49b06df7adb
Subpart F - Equipment,Sec. 23.1325,Static pressure system.,23-49,03/11/1996,Historical,Final Rule.  Docket No. 27806; Issued on 01/29/96.,868d53f1-c430-470c-9814-743d3a95db3a,https://drs.faa.gov/api/content/alf/868d53f1-c430-470c-9814-743d3a95db3a
Subpart F - Equipment,Sec. 23.1326,Pitot heat indication systems.,23-49,03/11/1996,Historical,Final Rule.  Docket No. 27806; Issued on 01/29/96.,e5699d21-51eb-4850-b9cf-0938014dd10c,https://drs.faa.gov/api/content/alf/e5699d21-51eb-4850-b9cf-0938014dd10c
Subpart F - Equipment,Sec. 23.1327,Magnetic direction indicator.,23-20,09/01/1977,Historical,Final Rule.  Docket No. 14625; Issued on 07/11/77.,c411e4a4-e91b-4143-ad92-e53c90c2aafd,https://drs.faa.gov/api/content/alf/c411e4a4-e91b-4143-ad92-e53c90c2aafd
Subpart F - Equipment,Sec. 23.1327,Magnetic direction indicator.,Initial,02/01/1965,Historical,Final Rule.  Docket No. 4080; Issued on 09/28/64.,2c9aa2c7-e9e5-40f3-8ace-1e03a26c42f9,https://drs.faa.gov/api/content/alf/2c9aa2c7-e9e5-40f3-8ace-1e03a26c42f9
Subpart F - Equipment,Sec. 23.1329,Automatic pilot system.,23-49,03/11/1996,Historical,Final Rule.  Docket No. 27806; Issued on 01/29/96.,c8e8644e-d188-4a4c-ae61-36ed7d041e16,https://drs.faa.gov/api/content/alf/c8e8644e-d188-4a4c-ae61-36ed7d041e16
Subpart F - Equipment,Sec. 23.1329,Automatic pilot system.,23-43,05/10/1993,Historical,Final Rule.  Docket No. 26344;  Issued on 03/29/93.,3f226039-6a00-4055-a7d0-965fb22ab31f,https://drs.faa.gov/api/content/alf/3f226039-6a00-4055-a7d0-965fb22ab31f
Subpart F - Equipment,Sec. 23.1329,Automatic pilot system.,23-23,12/01/1978,Historical,"Final Rule.  Docket No. 14324, 14606, 14625, 14685, 14779; Issued on 10/20/78.",f803520c-4015-48fe-87de-48e656d82191,https://drs.faa.gov/api/content/alf/f803520c-4015-48fe-87de-48e656d82191
Subpart F - Equipment,Sec. 23.1329,Automatic pilot system.,Initial,02/01/1965,Historical,Final Rule.  Docket No. 4080; Issued on 09/28/64.,c097599e-1125-4e35-b332-dd39dfd90f2f,https://drs.faa.gov/api/content/alf/c097599e-1125-4e35-b332-dd39dfd90f2f
Subpart F - Equipment,Sec. 23.1331,Instruments using a power supply.,Initial,02/01/1965,Historical,Final Rule.  Docket No. 4080; Issued on 09/28/64.,0ade7552-51f7-4bc1-acc6-d9d726c9ae2f,https://drs.faa.gov/api/content/alf/0ade7552-51f7-4bc1-acc6-d9d726c9ae2f
Subpart F - Equipment,Sec. 23.1331,Instruments using a power source.,23-62,01/31/2012,Historical,"Amendment 23-62, Published 12/2/2011",b8e74230-c42d-48a7-9074-8e5ad17caaec,https://drs.faa.gov/api/content/alf/b8e74230-c42d-48a7-9074-8e5ad17caaec
Subpart F - Equipment,Sec. 23.1331,Instruments using a power [source.],23-43,05/10/1993,Historical,Final Rule.  Docket No. 26344;  Issued on 03/29/93.,76913485-bac6-418e-81b9-2b196cb6550c,https://drs.faa.gov/api/content/alf/76913485-bac6-418e-81b9-2b196cb6550c
Subpart F - Equipment,Sec. 23.1335,Flight director instrument.,Initial,02/01/1965,Historical,Final Rule.  Docket No. 4080; Issued on 09/28/64.,56981b2a-5aeb-41cc-b2c4-0db62d41f753,https://drs.faa.gov/api/content/alf/56981b2a-5aeb-41cc-b2c4-0db62d41f753
Subpart F - Equipment,Sec. 23.1335,Flight director [systems.],23-20,09/01/1977,Historical,Final Rule.  Docket No. 14625; Issued on 07/11/77.,0f807401-e33c-4d66-a195-96d2902f36a8,https://drs.faa.gov/api/content/alf/0f807401-e33c-4d66-a195-96d2902f36a8
Subpart F - Equipment,Sec. 23.1337,Powerplant instruments.,Initial,02/01/1965,Historical,Final Rule.  Docket No. 4080; Issued on 09/28/64.,99760f1e-b059-46a7-b33d-1fb8eb61038a,https://drs.faa.gov/api/content/alf/99760f1e-b059-46a7-b33d-1fb8eb61038a
Subpart F - Equipment,Sec. 23.1337,Powerplant instruments [installation.],23-49,03/11/1996,Historical,Final Rule.  Docket No. 27806; Issued on 01/29/96.,e266be95-978e-4f7e-acfc-cb4486ea8216,https://drs.faa.gov/api/content/alf/e266be95-978e-4f7e-acfc-cb4486ea8216
Subpart F - Equipment,Sec. 23.1337,Powerplant instruments.,23-18,05/02/1977,Historical,"Final Rule.  Docket No. 14606, 14324; Issued on 03/10/77.",58b14650-7016-4c49-aab0-897a832734c8,https://drs.faa.gov/api/content/alf/58b14650-7016-4c49-aab0-897a832734c8
Subpart F - Equipment,Sec. 23.1337,Powerplant instruments.,23-7,09/14/1969,Historical,Final Rule.  Docket No. 8083; Issued on 08/01/69.,fa887039-c598-4a96-bf36-41d7894f3b13,https://drs.faa.gov/api/content/alf/fa887039-c598-4a96-bf36-41d7894f3b13
Subpart F - Equipment,Sec. 23.1337,Powerplant instruments.,23-43,05/10/1993,Historical,Final Rule.  Docket No. 26344;  Issued on 03/29/93.,83ac2aea-244f-4b63-9a4c-d46d423fa622,https://drs.faa.gov/api/content/alf/83ac2aea-244f-4b63-9a4c-d46d423fa622
Subpart F - Equipment,Sec. 23.1337,Powerplant instruments installation.,23-51,03/12/1996,Historical,Final Rule.  Docket No. 27804; Issued on 01/29/96.,cd00d6e8-7560-4d0b-9678-dc82fae2b399,https://drs.faa.gov/api/content/alf/cd00d6e8-7560-4d0b-9678-dc82fae2b399
Subpart F - Equipment,Sec. 23.1351,General.,23-34,02/17/1987,Historical,Final Rule.  Docket  No.  23516; Issued on 01/08/87.,3ed3f9c2-9551-4c96-84f5-d27e577fcc13,https://drs.faa.gov/api/content/alf/3ed3f9c2-9551-4c96-84f5-d27e577fcc13
Subpart F - Equipment,Sec. 23.1351,General.,23-7,09/14/1969,Historical,Final Rule.  Docket No. 8083; Issued on 08/01/69.,696ea85b-159c-4b66-b37b-414001051f6f,https://drs.faa.gov/api/content/alf/696ea85b-159c-4b66-b37b-414001051f6f
Subpart F - Equipment,Sec. 23.1351,General.,23-14,12/20/1973,Historical,Final Rule.  Docket No. 11011; Issued on 11/07/73.,fe3be904-01dd-4186-a385-13be94a2f612,https://drs.faa.gov/api/content/alf/fe3be904-01dd-4186-a385-13be94a2f612
Subpart F - Equipment,Sec. 23.1351,General.,23-17,02/01/1977,Historical,Final Rule.  Docket No. 14324; Issued on 12/13/76.,c60f107a-a64c-4b0a-9775-a0202c99a7ea,https://drs.faa.gov/api/content/alf/c60f107a-a64c-4b0a-9775-a0202c99a7ea
Subpart F - Equipment,Sec. 23.1351,General.,23-20,09/01/1977,Historical,Final Rule.  Docket No. 14625; Issued on 07/11/77.,4e2821af-a8a8-4998-b57f-6da94a38ff30,https://drs.faa.gov/api/content/alf/4e2821af-a8a8-4998-b57f-6da94a38ff30
Subpart F - Equipment,Sec. 23.1351,General.,Initial,02/01/1965,Historical,Final Rule.  Docket No. 4080; Issued on 09/28/64.,478e8abb-e6ff-493a-b0ea-102637a282ab,https://drs.faa.gov/api/content/alf/478e8abb-e6ff-493a-b0ea-102637a282ab
Subpart F - Equipment,Sec. 23.1351,General.,23-49,03/11/1996,Historical,Final Rule.  Docket No. 27806; Issued on 01/29/96.,26d15032-8c8b-4901-bb07-22a3f327b18c,https://drs.faa.gov/api/content/alf/26d15032-8c8b-4901-bb07-22a3f327b18c
Subpart F - Equipment,Sec. 23.1351,General.,23-43,05/10/1993,Historical,Final Rule.  Docket No. 26344;  Issued on 03/29/93.,c67f3098-9534-45a0-8b2f-634b90166266,https://drs.faa.gov/api/content/alf/c67f3098-9534-45a0-8b2f-634b90166266
Subpart F - Equipment,Sec. 23.1353,Storage battery design and installation.,23-62,01/31/2012,Historical,"Amendment 23-62, Published 12/2/2011",05be650e-d62d-4c4f-91fa-8d447c2a8620,https://drs.faa.gov/api/content/alf/05be650e-d62d-4c4f-91fa-8d447c2a8620
Subpart F - Equipment,Sec. 23.1353,Storage battery design and installation.,23-20,09/01/1977,Historical,Final Rule. Docket No. 14625; Issued on 07/11/77.,cd5db9f5-bdd3-4a59-a63d-94843688d33e,https://drs.faa.gov/api/content/alf/cd5db9f5-bdd3-4a59-a63d-94843688d33e
Subpart F - Equipment,Sec. 23.1353,Storage battery design and installation.,23-21,03/01/1978,Historical,"Final Rule.  Docket No. 14684, 14324; Issued on 01/09/78.",d3c58806-6164-4446-847f-f533db2b34e0,https://drs.faa.gov/api/content/alf/d3c58806-6164-4446-847f-f533db2b34e0
Subpart F - Equipment,Sec. 23.1353,Storage battery design and installation.,23-49,03/11/1996,Historical,Final Rule.  Docket No. 27806; Issued on 01/29/96.,4eb3846f-83c4-4fb0-aed3-4603c1ce36ff,https://drs.faa.gov/api/content/alf/4eb3846f-83c4-4fb0-aed3-4603c1ce36ff
Subpart F - Equipment,Sec. 23.1353,Storage battery design and installation.,Initial,02/01/1965,Historical,Final Rule.  Docket No. 4080; Issued on 09/28/64.,56addbed-1b25-4901-898e-667f23f6ed6c,https://drs.faa.gov/api/content/alf/56addbed-1b25-4901-898e-667f23f6ed6c
Subpart F - Equipment,Sec. 23.1357,Circuit protective devices.,23-43,05/10/1993,Historical,Final Rule.  Docket No. 26344;  Issued on 03/29/93.,5382ba3b-f202-42a1-bc7a-a44e40c3fec7,https://drs.faa.gov/api/content/alf/5382ba3b-f202-42a1-bc7a-a44e40c3fec7
Subpart F - Equipment,Sec. 23.1357,Circuit protective devices.,Initial,02/01/1965,Historical,Final Rule.  Docket No. 4080; Issued on 09/28/64.,c3333eb1-63d1-406c-a05a-8dcfefaeaff6,https://drs.faa.gov/api/content/alf/c3333eb1-63d1-406c-a05a-8dcfefaeaff6
Subpart F - Equipment,Sec. 23.1357,Circuit protective devices.,23-20,09/01/1977,Historical,Final Rule.  Docket No. 14625; Issued on 07/11/77.,a1131e13-c27d-41bb-a872-dd1af2f12d06,https://drs.faa.gov/api/content/alf/a1131e13-c27d-41bb-a872-dd1af2f12d06
Subpart F - Equipment,Sec. 23.1359,Electrical system fire protection.,23-49,03/11/1996,Historical,Final Rule.  Docket No. 27806; Issued on 01/29/96.,35598611-cf6f-4d9c-8989-cbaafa3a8b72,https://drs.faa.gov/api/content/alf/35598611-cf6f-4d9c-8989-cbaafa3a8b72
Subpart F - Equipment,Sec. 23.1361,Master switch arrangement.,23-49,03/11/1996,Historical,Final Rule.  Docket No. 27806; Issued on 01/29/96.,15dd4700-39e6-484d-a10a-d568c2ad7456,https://drs.faa.gov/api/content/alf/15dd4700-39e6-484d-a10a-d568c2ad7456
Subpart F - Equipment,Sec. 23.1361,Master switch arrangement.,23-20,09/01/1977,Historical,Final Rule.  Docket No. 14625; Issued on 07/11/77.,c9426747-0804-4018-9ebd-1b5d0292c5eb,https://drs.faa.gov/api/content/alf/c9426747-0804-4018-9ebd-1b5d0292c5eb
Subpart F - Equipment,Sec. 23.1361,Master switch arrangement.,23-43,05/10/1993,Historical,Final Rule.  Docket No. 26344;  Issued on 03/29/93.,74e3da9a-05a6-4be0-8e63-a6d8b3c83d91,https://drs.faa.gov/api/content/alf/74e3da9a-05a6-4be0-8e63-a6d8b3c83d91
Subpart F - Equipment,Sec. 23.1361,Master switch arrangement.,Initial,02/01/1965,Historical,Final Rule.  Docket No. 4080; Issued on 09/28/64.,fddf54ba-e942-44ac-8bbe-6ef53d55a690,https://drs.faa.gov/api/content/alf/fddf54ba-e942-44ac-8bbe-6ef53d55a690
Subpart F - Equipment,Sec. 23.1365,Electric cables.,Initial,02/01/1965,Historical,Final Rule.  Docket No. 4080; Issued on 09/28/64.,e369d077-e419-4977-9541-1dddbcb43143,https://drs.faa.gov/api/content/alf/e369d077-e419-4977-9541-1dddbcb43143
Subpart F - Equipment,Sec. 23.1365,Electric cables [and equipment.],23-14,12/20/1973,Historical,Final Rule.  Docket No. 11011; Issued on 11/07/73.,da840287-c12a-4a27-9b11-5d7be30e583e,https://drs.faa.gov/api/content/alf/da840287-c12a-4a27-9b11-5d7be30e583e
Subpart F - Equipment,Sec. 23.1365,Electric cables and equipment.,23-43,05/10/1993,Historical,Final Rule.  Docket No. 26344;  Issued on 03/29/93.,1389d4bd-13c6-4fd5-954f-03d0853f1c5f,https://drs.faa.gov/api/content/alf/1389d4bd-13c6-4fd5-954f-03d0853f1c5f
Subpart F - Equipment,Sec. 23.1365,Electric cables and equipment.,23-49,03/11/1996,Historical,Final Rule.  Docket No. 27806; Issued on 01/29/96.,74a2e215-d727-4666-81f7-5bcf1680d3da,https://drs.faa.gov/api/content/alf/74a2e215-d727-4666-81f7-5bcf1680d3da
Subpart F - Equipment,Sec. 23.1367,Switches.,Initial,02/01/1965,Historical,Final Rule.  Docket No. 4080; Issued on 09/28/64.,ab302f5f-b569-4eb7-9d1c-182c288ffdaf,https://drs.faa.gov/api/content/alf/ab302f5f-b569-4eb7-9d1c-182c288ffdaf
Subpart F - Equipment,Sec. 23.1381,Instrument lights.,Initial,02/01/1965,Historical,Final Rule.  Docket No. 4080; Issued on 09/28/64.,aa374fef-7532-4783-a8ec-b30a2accb0d5,https://drs.faa.gov/api/content/alf/aa374fef-7532-4783-a8ec-b30a2accb0d5
Subpart F - Equipment,Sec. 23.1383,Landing lights.,Initial,02/01/1965,Historical,Final Rule.  Docket No. 4080; Issued on 09/28/64.,4a574465-f499-4544-8680-5510c50e31c8,https://drs.faa.gov/api/content/alf/4a574465-f499-4544-8680-5510c50e31c8
Subpart F - Equipment,Sec. 23.1383,Taxi and landing lights.,23-49,03/11/1996,Historical,Final Rule.  Docket No. 27806; Issued on 01/29/96.,bc091496-e84f-484a-9972-92c8feae623f,https://drs.faa.gov/api/content/alf/bc091496-e84f-484a-9972-92c8feae623f
Subpart F - Equipment,Sec. 23.1385,Position light system installation.,Initial,02/01/1965,Historical,Final Rule.  Docket No. 4080; Issued on 09/28/64.,9d16e5a2-ff4f-42ce-8653-cd11c3cd70e3,https://drs.faa.gov/api/content/alf/9d16e5a2-ff4f-42ce-8653-cd11c3cd70e3
Subpart F - Equipment,Sec. 23.1385,Position light system installation.,23-43,05/10/1993,Historical,Final Rule.  Docket No. 26344;  Issued on 03/29/93.,a7c20b3b-78f1-4a3b-900b-96f494c27cf9,https://drs.faa.gov/api/content/alf/a7c20b3b-78f1-4a3b-900b-96f494c27cf9
Subpart F - Equipment,Sec. 23.1385,Position light system installation.,23-17,02/01/1977,Historical,Final Rule.  Docket No. 14324; Issued on 12/13/76.,286001a4-6558-461c-901f-7096b8392ce2,https://drs.faa.gov/api/content/alf/286001a4-6558-461c-901f-7096b8392ce2
Subpart F - Equipment,Sec. 23.1387,Position light system dihedral angles.,Initial,02/01/1965,Historical,Final Rule.  Docket No. 4080; Issued on 09/28/64.,bff88871-13b9-44bc-b92d-a7f572bbabe0,https://drs.faa.gov/api/content/alf/bff88871-13b9-44bc-b92d-a7f572bbabe0
Subpart F - Equipment,Sec. 23.1387,Position light system dihedral angles.,23-43,05/10/1993,Historical,Final Rule.  Docket No. 26344;  Issued on 03/29/93.,99d6babf-c6e6-41fa-9066-0dbf886df438,https://drs.faa.gov/api/content/alf/99d6babf-c6e6-41fa-9066-0dbf886df438
Subpart F - Equipment,Sec. 23.1387,Position light system dihedral angles.,23-12,11/05/1971,Historical,Final Rule.  Docket No. 11479; Issued on 10/28/71.,a9f08129-cf0c-414b-8eb2-8d790e804c9b,https://drs.faa.gov/api/content/alf/a9f08129-cf0c-414b-8eb2-8d790e804c9b
Subpart F - Equipment,Sec. 23.1389,Position light distribution and intensities.,23-43,05/10/1993,Historical,Final Rule.  Docket No. 26344;  Issued on 03/29/93.,a58a117c-df03-4082-bda7-8146d4a1af9b,https://drs.faa.gov/api/content/alf/a58a117c-df03-4082-bda7-8146d4a1af9b
Subpart F - Equipment,Sec. 23.1389,Position light distribution and intensities.,Initial,02/01/1965,Historical,Final Rule.  Docket No. 4080; Issued on 09/28/64.,bb9549af-eae8-483d-9da8-46687eb96069,https://drs.faa.gov/api/content/alf/bb9549af-eae8-483d-9da8-46687eb96069
Subpart F - Equipment,Sec. 23.1391,"Minimum intensities in the horizontal plane of forward and rear position 
lights.",Initial,02/01/1965,Historical,Final Rule.  Docket No. 4080; Issued on 09/28/64.,03a91c93-ae04-4cd2-9ced-c207ef132199,https://drs.faa.gov/api/content/alf/03a91c93-ae04-4cd2-9ced-c207ef132199
Subpart F - Equipment,Sec. 23.1391,Minimum intensities in the horizontal plane of [position lights.],23-43,05/10/1993,Historical,Final Rule.  Docket No. 26344;  Issued on 03/29/93.,50654bfc-4223-43d3-9b25-767563cd0509,https://drs.faa.gov/api/content/alf/50654bfc-4223-43d3-9b25-767563cd0509
Subpart F - Equipment,Sec. 23.1393,Minimum intensities in any vertical plane [of position lights.],23-43,05/10/1993,Historical,Final Rule.  Docket No. 26344;  Issued on 03/29/93.,25f1db41-7cbb-4191-9d43-ec87ce0fbfac,https://drs.faa.gov/api/content/alf/25f1db41-7cbb-4191-9d43-ec87ce0fbfac
Subpart F - Equipment,Sec. 23.1393,Minimum intensities in any vertical plane of forward and rear position lights.,Initial,02/01/1965,Historical,Final Rule.  Docket No. 4080; Issued on 09/28/64.,55a24014-55fc-4ef8-9d35-11ab2bdfa5f4,https://drs.faa.gov/api/content/alf/55a24014-55fc-4ef8-9d35-11ab2bdfa5f4
Subpart F - Equipment,Sec. 23.1395,Maximum intensities in overlapping beams of forward and rear position lights.,Initial,02/01/1965,Historical,Final Rule.  Docket No. 4080; Issued on 09/28/64.,c055ffcb-5ede-4bc0-88da-5e83546309f6,https://drs.faa.gov/api/content/alf/c055ffcb-5ede-4bc0-88da-5e83546309f6
Subpart F - Equipment,Sec. 23.1395,Maximum intensities in overlapping beams of [position lights.],23-43,05/10/1993,Historical,Final Rule.  Docket No. 26344;  Issued on 03/29/93.,acbeec9c-f040-4a65-a613-e6b6fa8e7d7d,https://drs.faa.gov/api/content/alf/acbeec9c-f040-4a65-a613-e6b6fa8e7d7d
Subpart F - Equipment,Sec. 23.1397,Color specifications.,23-11,08/11/1971,Historical,Final Rule.  Docket No. 10129; Issued on 07/01/71.,79f95707-6acc-4528-8f9f-aca57427f9b0,https://drs.faa.gov/api/content/alf/79f95707-6acc-4528-8f9f-aca57427f9b0
Subpart F - Equipment,Sec. 23.1397,Color specifications.,Initial,02/01/1965,Historical,Final Rule.  Docket No. 4080; Issued on 09/28/64.,ccc8cde7-ae17-4415-b536-b00ade77a6df,https://drs.faa.gov/api/content/alf/ccc8cde7-ae17-4415-b536-b00ade77a6df
Subpart F - Equipment,Sec. 23.1399,Riding light.,Initial,02/01/1965,Historical,Final Rule.  Docket No. 4080; Issued on 09/28/64.,97a95b7d-05b9-4a22-80b7-34b7a68d298b,https://drs.faa.gov/api/content/alf/97a95b7d-05b9-4a22-80b7-34b7a68d298b
Subpart F - Equipment,Sec. 23.1401,Anticollision light system.,23-20,09/01/1977,Historical,Final Rule.  Docket No. 14625; Issued on 07/11/77.,bf6f7ca1-a663-40a8-96de-6dae9b7ee09c,https://drs.faa.gov/api/content/alf/bf6f7ca1-a663-40a8-96de-6dae9b7ee09c
Subpart F - Equipment,Sec. 23.1401,Anticollision light system.,23-11,08/11/1971,Historical,Final Rule.  Docket No. 10129; Issued on 07/01/71.,205ede1c-732f-4b7d-b87f-57a014105919,https://drs.faa.gov/api/content/alf/205ede1c-732f-4b7d-b87f-57a014105919
Subpart F - Equipment,Sec. 23.1401,Anticollision light system.,Initial,02/01/1965,Historical,Final Rule.  Docket No. 4080; Issued on 09/28/64.,7f544843-8d45-4cba-9e28-04a33f3d2a41,https://drs.faa.gov/api/content/alf/7f544843-8d45-4cba-9e28-04a33f3d2a41
Subpart F - Equipment,Sec. 23.1401,Anticollision light system.,23-49,03/11/1996,Historical,Final Rule.  Docket No. 27806; Issued on 01/29/96.,deb467d8-3cf9-452b-92fa-20717c3cb36e,https://drs.faa.gov/api/content/alf/deb467d8-3cf9-452b-92fa-20717c3cb36e
Subpart F - Equipment,Sec. 23.1411,Accessibility.,Initial,02/01/1965,Historical,Final Rule.  Docket No. 4080; Issued on 09/28/64.,d9673272-f313-4c4b-b083-1ce5197dc7ad,https://drs.faa.gov/api/content/alf/d9673272-f313-4c4b-b083-1ce5197dc7ad
Subpart F - Equipment,Sec. 23.1411,General.,23-36,09/14/1988,Historical,Final Rule.  Docket No. 25147; Issued on 08/08/88.,2892e01c-8dc1-423a-85c0-974ac34d7e2c,https://drs.faa.gov/api/content/alf/2892e01c-8dc1-423a-85c0-974ac34d7e2c
Subpart F - Equipment,Sec. 23.1411,General.,23-17,02/01/1977,Historical,Final Rule.  Docket No. 14324; Issued on 12/13/76.,c8693983-6943-4a2d-801e-0d0e54ef9ad6,https://drs.faa.gov/api/content/alf/c8693983-6943-4a2d-801e-0d0e54ef9ad6
Subpart F - Equipment,Sec. 23.1413,Removed.,23-49,03/11/1996,Historical,Final Rule.  Docket No. 27806; Issued on 01/29/96.,c35d96bd-4c12-4a54-ba5a-bc4b6e26d825,https://drs.faa.gov/api/content/alf/c35d96bd-4c12-4a54-ba5a-bc4b6e26d825
Subpart F - Equipment,Sec. 23.1413,Safety belts and harnesses.,23-22,12/14/1978,Historical,Final Rule.  Docket No. 17154; Issued on 09/28/78.,70622bb1-2b10-42fe-b8cf-490efbb87483,https://drs.faa.gov/api/content/alf/70622bb1-2b10-42fe-b8cf-490efbb87483
Subpart F - Equipment,Sec. 23.1413,Safety belts.,Initial,02/01/1965,Historical,Final Rule.  Docket No. 4080; Issued on 09/28/64.,4e868b05-5613-457c-901d-c25288d6a0dc,https://drs.faa.gov/api/content/alf/4e868b05-5613-457c-901d-c25288d6a0dc
Subpart F - Equipment,Sec. 23.1413,Safety belts and harnesses.,23-36,09/14/1988,Historical,Final Rule.  Docket No. 25147; Issued on 08/08/88.,e0307758-ef31-423b-847a-1d79413e363a,https://drs.faa.gov/api/content/alf/e0307758-ef31-423b-847a-1d79413e363a
Subpart F - Equipment,Sec. 23.1413,Safety belts [and harnesses.],23-7,09/14/1969,Historical,Final Rule.  Docket No. 8083; Issued on 08/01/69.,68cc2a92-ac78-431f-8445-855b595388fe,https://drs.faa.gov/api/content/alf/68cc2a92-ac78-431f-8445-855b595388fe
Subpart F - Equipment,Sec. 23.1415,Ditching equipment.,Initial,02/01/1965,Historical,Final Rule.  Docket No. 4080; Issued on 09/28/64.,a23dcc6a-5dae-48d3-b97b-1eec726d2fce,https://drs.faa.gov/api/content/alf/a23dcc6a-5dae-48d3-b97b-1eec726d2fce
Subpart F - Equipment,Sec. 23.1416,Pneumatic de-icer boot system.,23-23,12/01/1978,Historical,"Final Rule.  Docket No. 14324, 14606, 14625, 14685, 14779; Issued on 10/20/78.",5d01145a-5d96-4e9c-9cee-d3b0053b53c6,https://drs.faa.gov/api/content/alf/5d01145a-5d96-4e9c-9cee-d3b0053b53c6
Subpart F - Equipment,Sec. 23.1419,Deicers.,Initial,02/01/1965,Historical,Final Rule.  Docket No. 4080; Issued on 09/28/64.,3741c0dc-567a-418a-aa39-eea39eb50504,https://drs.faa.gov/api/content/alf/3741c0dc-567a-418a-aa39-eea39eb50504
Subpart F - Equipment,Sec. 23.1419,Ice protection.,23-14,12/20/1973,Historical,Final Rule.  Docket No. 11011; Issued on 11/07/73.,f3c45585-5859-41ba-af75-cfac316fbbb6,https://drs.faa.gov/api/content/alf/f3c45585-5859-41ba-af75-cfac316fbbb6
Subpart F - Equipment,Sec. 23.1419,Ice protection.,23-43,05/10/1993,Historical,Final Rule.  Docket No. 26344;  Issued on 03/29/93.,dd852d06-a309-421c-a825-1324525cb211,https://drs.faa.gov/api/content/alf/dd852d06-a309-421c-a825-1324525cb211
Subpart F - Equipment,Sec. 23.1431,Electronic equipment.,23-62,01/31/2012,Historical,"Amendment 23-62, Published 12/2/2011",3cace049-1d5d-4e53-9d55-14b1c47f342e,https://drs.faa.gov/api/content/alf/3cace049-1d5d-4e53-9d55-14b1c47f342e
Subpart F - Equipment,Sec. 23.1431,Electronic equipment.,23-49,03/11/1996,Historical,Final Rule.  Docket No. 27806; Issued on 01/29/96.,7b3529f1-1e7e-4b93-b2b7-ca1cdb365aa5,https://drs.faa.gov/api/content/alf/7b3529f1-1e7e-4b93-b2b7-ca1cdb365aa5
Subpart F - Equipment,Sec. 23.1431,Electronic equipment.,Initial,02/01/1965,Historical,Final Rule.  Docket No. 4080; Issued on 09/28/64.,354a30f5-19b6-466a-82ed-1b2d7c61b905,https://drs.faa.gov/api/content/alf/354a30f5-19b6-466a-82ed-1b2d7c61b905
Subpart F - Equipment,Sec. 23.1431,Electronic equipment.,23-43,05/10/1993,Historical,Final Rule.  Docket No. 26344;  Issued on 03/29/93.,4a1b5af1-8a05-486f-9e5a-f082419e2fa3,https://drs.faa.gov/api/content/alf/4a1b5af1-8a05-486f-9e5a-f082419e2fa3
Subpart F - Equipment,Sec. 23.1435,Hydraulic systems.,23-7,09/14/1969,Historical,Final Rule.  Docket No. 8083; Issued on 08/01/69.,e541b3fc-cc84-4e21-9493-c6707f5f9d03,https://drs.faa.gov/api/content/alf/e541b3fc-cc84-4e21-9493-c6707f5f9d03
Subpart F - Equipment,Sec. 23.1435,Hydraulic systems.,23-49,03/11/1996,Historical,Final Rule.  Docket No. 27806; Issued on 01/29/96.,da114d65-759a-4354-9d51-d78a0586189e,https://drs.faa.gov/api/content/alf/da114d65-759a-4354-9d51-d78a0586189e
Subpart F - Equipment,Sec. 23.1435,Hydraulic systems.,Initial,02/01/1965,Historical,Final Rule.  Docket No. 4080; Issued on 09/28/64.,67260e07-e348-4833-8869-8f81d4e8333c,https://drs.faa.gov/api/content/alf/67260e07-e348-4833-8869-8f81d4e8333c
Subpart F - Equipment,Sec. 23.1435,Hydraulic systems.,23-14,12/20/1973,Historical,Final Rule.  Docket No. 11011; Issued on 11/07/73.,a33acef6-a408-407b-aafa-76b509a9da5d,https://drs.faa.gov/api/content/alf/a33acef6-a408-407b-aafa-76b509a9da5d
Subpart F - Equipment,Sec. 23.1435,Hydraulic systems.,23-43,05/10/1993,Historical,Final Rule.  Docket No. 26344;  Issued on 03/29/93.,606526c7-7489-4a2d-a56d-0c94c8e125ed,https://drs.faa.gov/api/content/alf/606526c7-7489-4a2d-a56d-0c94c8e125ed
Subpart F - Equipment,Sec. 23.1437,Accessories for multiengine airplanes.,Initial,02/01/1965,Historical,Final Rule.  Docket No. 4080; Issued on 09/28/64.,07ce3c9f-0a51-4d51-bc82-f80ad52e6bef,https://drs.faa.gov/api/content/alf/07ce3c9f-0a51-4d51-bc82-f80ad52e6bef
Subpart F - Equipment,Sec. 23.1438,Pressurization and pneumatic systems.,23-20,09/01/1977,Historical,Final Rule.  Docket No. 14625; Issued on 07/11/77.,11132148-3e1a-43a9-ab3e-4ef46b26ba89,https://drs.faa.gov/api/content/alf/11132148-3e1a-43a9-ab3e-4ef46b26ba89
Subpart F - Equipment,Sec. 23.1441,Oxygen equipment and supply.,23-43,05/10/1993,Historical,Final Rule.  Docket No. 26344;  Issued on 03/29/93.,b960a245-1675-4d5a-866a-ea2ad1c63009,https://drs.faa.gov/api/content/alf/b960a245-1675-4d5a-866a-ea2ad1c63009
Subpart F - Equipment,Sec. 23.1441,Oxygen equipment and supply.,23-9,06/17/1970,Historical,Final Rule.  Docket No. 8281; Issued on 04/13/70.,aef2264d-1d11-4eb2-a7ee-e2c25df32f43,https://drs.faa.gov/api/content/alf/aef2264d-1d11-4eb2-a7ee-e2c25df32f43
Subpart F - Equipment,Sec. 23.1443,Minimum mass flow of supplemental oxygen.,23-43,05/10/1993,Historical,Final Rule.  Docket No. 26344;  Issued on 03/29/93.,12ff30f6-8147-4614-b022-a84fc3785ec3,https://drs.faa.gov/api/content/alf/12ff30f6-8147-4614-b022-a84fc3785ec3
Subpart F - Equipment,Sec. 23.1443,Minimum mass flow of supplemental oxygen.,23-62,01/31/2012,Historical,"Amendment 23-62, Published 12/2/2011",de3f3e22-31f1-4b64-a1ee-054acdb9db82,https://drs.faa.gov/api/content/alf/de3f3e22-31f1-4b64-a1ee-054acdb9db82
Subpart F - Equipment,Sec. 23.1443,(Minimum mass flow of supplemental oxygen.),23-9,06/17/1970,Historical,Final Rule.  Docket No. 8281; Issued on 04/13/70.,94bd6b82-e755-4a4e-b0c7-165201d70bc2,https://drs.faa.gov/api/content/alf/94bd6b82-e755-4a4e-b0c7-165201d70bc2
Subpart F - Equipment,Sec. 23.1445,Oxygen distribution system.,23-43,05/10/1993,Historical,Final Rule.  Docket No. 26344;  Issued on 03/29/93.,ea991b6a-7c6f-4f3f-9f70-4fa1db567f3a,https://drs.faa.gov/api/content/alf/ea991b6a-7c6f-4f3f-9f70-4fa1db567f3a
Subpart F - Equipment,Sec. 23.1445,Oxygen distribution system.,23-62,01/31/2012,Historical,"Amendment 23-62, Published 12/2/2011",0b6f2afa-1af4-4944-9e94-6e58e3281469,https://drs.faa.gov/api/content/alf/0b6f2afa-1af4-4944-9e94-6e58e3281469
Subpart F - Equipment,Sec. 23.1447,Equipment standards for oxygen dispensing units.,23-30,03/29/1984,Historical,Final Rule.  Docket No. 21571; Issued on 01/31/84.,4d00b074-e27b-48d2-95f6-1a2c71d18fb0,https://drs.faa.gov/api/content/alf/4d00b074-e27b-48d2-95f6-1a2c71d18fb0
Subpart F - Equipment,Sec. 23.1447,Equipment standards for oxygen dispensing units.,23-20,09/01/1977,Historical,Final Rule.  Docket No. 14625; Issued on 07/11/77.,847cb844-f621-4a51-981a-e809039378f9,https://drs.faa.gov/api/content/alf/847cb844-f621-4a51-981a-e809039378f9
Subpart F - Equipment,Sec. 23.1447,Equipment standards for oxygen dispensing units.,23-62,01/31/2012,Historical,"Amendment 23-62, Published 12/2/2011",854c8b84-a884-447b-9d09-aae9ded0c437,https://drs.faa.gov/api/content/alf/854c8b84-a884-447b-9d09-aae9ded0c437
Subpart F - Equipment,Sec. 23.1447,Equipment standards for oxygen dispensing units.,23-43,05/10/1993,Historical,Final Rule.  Docket No. 26344;  Issued on 03/29/93.,8b64d91c-00d1-4f1c-9c24-2c6d114989e6,https://drs.faa.gov/api/content/alf/8b64d91c-00d1-4f1c-9c24-2c6d114989e6
Subpart F - Equipment,Sec. 23.1447,Equipment standards for oxygen dispensing units.,23-9,06/17/1970,Historical,Final Rule.  Docket No. 8281; Issued on 04/13/70.,4130e05f-af5a-4a6a-ab02-63ca5ad6007f,https://drs.faa.gov/api/content/alf/4130e05f-af5a-4a6a-ab02-63ca5ad6007f
Subpart F - Equipment,Sec. 23.1447,Equipment standards for oxygen dispensing units.,23-49,03/11/1996,Historical,Final Rule.  Docket No. 27806; Issued on 01/29/96.,1047e260-39fd-4c73-b27b-b0215f1e59e8,https://drs.faa.gov/api/content/alf/1047e260-39fd-4c73-b27b-b0215f1e59e8
Subpart F - Equipment,Sec. 23.1449,Means for determining use of oxygen.,23-9,06/17/1970,Historical,Final Rule.  Docket No. 8281; Issued on 04/13/70.,f37f2207-3b41-4aaf-9b5f-505b6bea29f8,https://drs.faa.gov/api/content/alf/f37f2207-3b41-4aaf-9b5f-505b6bea29f8
Subpart F - Equipment,Sec. 23.1450,Chemical oxygen generators.,23-20,09/01/1977,Historical,Final Rule.  Docket No. 14625; Issued on 07/11/77.,6c327ebd-2064-4feb-b62f-c86afd05b78e,https://drs.faa.gov/api/content/alf/6c327ebd-2064-4feb-b62f-c86afd05b78e
Subpart F - Equipment,Sec. 23.1451,Fire protection for oxygen equipment.,23-49,03/11/1996,Historical,Final Rule.  Docket No. 27806; Issued on 01/29/96.,ae92db4a-6957-419f-9bbd-daa7c31f9b48,https://drs.faa.gov/api/content/alf/ae92db4a-6957-419f-9bbd-daa7c31f9b48
Subpart F - Equipment,Sec. 23.1453,Protection of oxygen equipment from rupture.,23-49,03/11/1996,Historical,Final Rule.  Docket No. 27806; Issued on 01/29/96.,039f96eb-4544-41ca-9d48-c42cd2abddea,https://drs.faa.gov/api/content/alf/039f96eb-4544-41ca-9d48-c42cd2abddea
Subpart F - Equipment,Sec. 23.1457,Cockpit voice recorders.,23-35,10/11/1988,Historical,Final Rule.  Docket No. 25530; Issued on 06/30/88.,49749914-8410-4d0d-8aef-c1f8e6ad27c0,https://drs.faa.gov/api/content/alf/49749914-8410-4d0d-8aef-c1f8e6ad27c0
Subpart F - Equipment,Sec. 23.1457,Cockpit voice recorders.,23-58,07/09/2009,Historical,"Final Rule. Docket No. 25530; Issued on 06/30/88.
Final Rule. Docket No. 2005-20245; Issued on 2/19/08
Final Rule; correction; Docket No. FAA-2005-20245; Published on 7/9/2009.",fcecb1ef-bc24-4f7c-8b7f-6e729a4e134a,https://drs.faa.gov/api/content/alf/fcecb1ef-bc24-4f7c-8b7f-6e729a4e134a
Subpart F - Equipment,Sec. 23.1457,Cockpit voice recorders.,23-58,04/07/2008,Historical,"Final Rule.  Docket No. 25530; Issued on 06/30/88.
Final Rule. Docket No. 2005-20245; Issued on 2/19/08",49084bbe-107b-402d-a5f6-8dd125749746,https://drs.faa.gov/api/content/alf/49084bbe-107b-402d-a5f6-8dd125749746
Subpart F - Equipment,Sec. 23.1459,Flight recorders.,23-35,10/11/1988,Historical,Final Rule.  Docket No. 25530; Issued on 06/30/88.,771b269c-1154-44ee-99fb-620d5be6af1b,https://drs.faa.gov/api/content/alf/771b269c-1154-44ee-99fb-620d5be6af1b
Subpart F - Equipment,Sec. 23.1459,Flight recorders.,23-58,04/07/2008,Historical,"Final Rule.  Docket No. 25530; Issued on 06/30/88.
Final Rule. Docket No. 2005-20245; Issued on 2/19/08",01febd5f-98c7-407e-b945-b024e4e8b378,https://drs.faa.gov/api/content/alf/01febd5f-98c7-407e-b945-b024e4e8b378
Subpart F - Equipment,Sec. 23.1459,Flight recorders.,23-58,07/09/2009,Historical,"Final Rule.  Docket No. 25530; Issued on 06/30/88.
Final Rule. Docket No. 2005-20245; Issued on 2/19/08",de059537-a2d4-4756-812b-2f0515282438,https://drs.faa.gov/api/content/alf/de059537-a2d4-4756-812b-2f0515282438
Subpart F - Equipment,Sec. 23.1461,Equipment containing high energy rotors.,23-49,03/11/1996,Historical,Final Rule.  Docket No. 27806; Issued on 01/29/96.,bb1b6f8f-c6bc-4bf0-92f1-d93b00870d8a,https://drs.faa.gov/api/content/alf/bb1b6f8f-c6bc-4bf0-92f1-d93b00870d8a
Subpart F - Equipment,Sec. 23.1461,Equipment containing high energy rotors.,23-20,09/01/1977,Historical,Final Rule.  Docket No. 14625; Issued on 07/11/77.,831cbeb1-4056-4f6c-a900-558e7272eb82,https://drs.faa.gov/api/content/alf/831cbeb1-4056-4f6c-a900-558e7272eb82
Subpart G - Operating Limitations and Information,Sec. 23.1501,General.,Initial,02/01/1965,Historical,Final Rule.  Docket No. 4080; Issued on 09/28/64.,fbeba747-4af1-4fd0-8f24-1d1261191f84,https://drs.faa.gov/api/content/alf/fbeba747-4af1-4fd0-8f24-1d1261191f84
Subpart G - Operating Limitations and Information,Sec. 23.1501,General.,23-7,09/14/1969,Historical,Final Rule.  Docket No. 8083; Issued on 08/01/69.,fe9a2f90-848c-4774-9bc3-e4b4c3f7cd75,https://drs.faa.gov/api/content/alf/fe9a2f90-848c-4774-9bc3-e4b4c3f7cd75
Subpart G - Operating Limitations and Information,Sec. 23.1501,General.,23-21,03/01/1978,Historical,"Final Rule.  Docket No. 14684, 14324; Issued on 01/09/78.",110ad923-b0a0-496d-8403-900470bfd1db,https://drs.faa.gov/api/content/alf/110ad923-b0a0-496d-8403-900470bfd1db
Subpart G - Operating Limitations and Information,Sec. 23.1505,Airspeed limitations.,23-7,09/14/1969,Historical,Final Rule.  Docket No. 8083; Issued on 08/01/69.,13009508-b49f-45d0-8dd2-7df46f9231ef,https://drs.faa.gov/api/content/alf/13009508-b49f-45d0-8dd2-7df46f9231ef
Subpart G - Operating Limitations and Information,Sec. 23.1505,Airspeed limitations.,23-62,01/31/2012,Historical,"Amendment 23-62, Published 12/2/2011",ad05a26d-8ba8-4ff2-bf7b-d6b6cb744147,https://drs.faa.gov/api/content/alf/ad05a26d-8ba8-4ff2-bf7b-d6b6cb744147
Subpart G - Operating Limitations and Information,Sec. 23.1505,Airspeed limitations.,Initial,02/01/1965,Historical,Final Rule.  Docket No. 4080; Issued on 09/28/64.,d2a15cc0-aebe-40bf-a838-c5e319c654ef,https://drs.faa.gov/api/content/alf/d2a15cc0-aebe-40bf-a838-c5e319c654ef
Subpart G - Operating Limitations and Information,Sec. 23.1507,Maneuvering speed.,Initial,02/01/1965,Historical,Final Rule.  Docket No. 4080; Issued on 09/28/64.,69300651-15db-4272-a3d9-dc5d9b7ce939,https://drs.faa.gov/api/content/alf/69300651-15db-4272-a3d9-dc5d9b7ce939
Subpart G - Operating Limitations and Information,Sec. 23.1507,(Operating) maneuvering speed.,23-45,09/07/1993,Historical,Final Rule.  Docket No. 26269; Issued on 07/28/93.,ece3d27e-e735-41c3-9fc9-e0f52760ed97,https://drs.faa.gov/api/content/alf/ece3d27e-e735-41c3-9fc9-e0f52760ed97
Subpart G - Operating Limitations and Information,Sec. 23.1511,Flap extended speed.,23-50,03/11/1996,Historical,Final Rule.  Docket No. 27807; Issued on 01/29/96.,36da1063-28d2-4aca-99b7-214b56fc2dad,https://drs.faa.gov/api/content/alf/36da1063-28d2-4aca-99b7-214b56fc2dad
Subpart G - Operating Limitations and Information,Sec. 23.1511,Flap extended speed.,Initial,02/01/1965,Historical,Final Rule.  Docket No. 4080; Issued on 09/28/64.,e23d25b6-c9ce-47f0-a2e1-fe0cdfac09e4,https://drs.faa.gov/api/content/alf/e23d25b6-c9ce-47f0-a2e1-fe0cdfac09e4
Subpart G - Operating Limitations and Information,Sec. 23.1513,Minimum control speed.,Initial,02/01/1965,Historical,Final Rule.  Docket No. 4080; Issued on 09/28/64.,6390ae4e-0ca5-4039-b16b-8b7498aadf8e,https://drs.faa.gov/api/content/alf/6390ae4e-0ca5-4039-b16b-8b7498aadf8e
Subpart G - Operating Limitations and Information,Sec. 23.1519,Weight and center of gravity.,Initial,02/01/1965,Historical,Final Rule.  Docket No. 4080; Issued on 09/28/64.,8c83fa62-9acb-4522-8cd0-246c295940e3,https://drs.faa.gov/api/content/alf/8c83fa62-9acb-4522-8cd0-246c295940e3
Subpart G - Operating Limitations and Information,Sec. 23.1521,Powerplant limitations.,Initial,02/01/1965,Historical,Final Rule.  Docket No. 4080; Issued on 09/28/64.,e6cb25bc-2140-480d-8811-e8e5b8c777f3,https://drs.faa.gov/api/content/alf/e6cb25bc-2140-480d-8811-e8e5b8c777f3
Subpart G - Operating Limitations and Information,Sec. 23.1521,Powerplant limitations.,23-50,03/11/1996,Historical,Final Rule.  Docket No. 27807; Issued on 01/29/96.,1e63ef84-4d5f-480b-a50f-f74241cf5582,https://drs.faa.gov/api/content/alf/1e63ef84-4d5f-480b-a50f-f74241cf5582
Subpart G - Operating Limitations and Information,Sec. 23.1521,Powerplant limitations.,23-45,09/07/1993,Historical,Final Rule.  Docket No. 26269; Issued on 07/28/93.,a59c8ca3-075a-4126-964b-86acd594681e,https://drs.faa.gov/api/content/alf/a59c8ca3-075a-4126-964b-86acd594681e
Subpart G - Operating Limitations and Information,Sec. 23.1521,Powerplant limitations.,23-21,03/01/1978,Historical,"Final Rule.  Docket No. 14684, 14324; Issued on 01/09/78.",6164bb1d-6315-4915-8ede-933697d3230f,https://drs.faa.gov/api/content/alf/6164bb1d-6315-4915-8ede-933697d3230f
Subpart G - Operating Limitations and Information,Sec. 23.1522,Auxiliary power unit limitations.,23-45,09/07/1993,Historical,Final Rule.  Docket No. 26269; Issued on 07/28/93.,1426ff3b-f2b6-4554-84bd-8d290bfa3215,https://drs.faa.gov/api/content/alf/1426ff3b-f2b6-4554-84bd-8d290bfa3215
Subpart G - Operating Limitations and Information,Sec. 23.1523,Minimum flight crew.,23-34,02/17/1987,Historical,Final Rule.  Docket No. 23516; Issued on 01/08/87.,e97f04ff-2273-4153-aee8-549029249e1a,https://drs.faa.gov/api/content/alf/e97f04ff-2273-4153-aee8-549029249e1a
Subpart G - Operating Limitations and Information,Sec. 23.1523,Minimum flight crew.,Initial,02/01/1965,Historical,Final Rule.  Docket No. 4080; Issued on 09/28/64.,2e773c55-92e0-4d70-abeb-a4cfa09e0907,https://drs.faa.gov/api/content/alf/2e773c55-92e0-4d70-abeb-a4cfa09e0907
Subpart G - Operating Limitations and Information,Sec. 23.1523,Minimum flight crew.,23-21,03/01/1978,Historical,"Final Rule.  Docket No. 14684, 14324; Issued on 01/09/78.",f03c9b77-8199-441f-8d7e-681531f2ab6a,https://drs.faa.gov/api/content/alf/f03c9b77-8199-441f-8d7e-681531f2ab6a
Subpart G - Operating Limitations and Information,Sec. 23.1524,Maximum passenger seating configuration.,23-10,03/13/1971,Historical,Final Rule.  Docket No. 10405; Issued on 02/05/71.,060cb102-7be0-45d6-9381-162d707f5c6f,https://drs.faa.gov/api/content/alf/060cb102-7be0-45d6-9381-162d707f5c6f
Subpart G - Operating Limitations and Information,Sec. 23.1525,Kinds of operation.,Initial,02/01/1965,Historical,Final Rule.  Docket No. 4080; Issued on 09/28/64.,7ecf49b4-1669-4903-9f15-2a23e80caba4,https://drs.faa.gov/api/content/alf/7ecf49b4-1669-4903-9f15-2a23e80caba4
Subpart G - Operating Limitations and Information,Sec. 23.1525,Kinds of operation.,23-45,09/07/1993,Historical,Final Rule.  Docket No. 26269; Issued on 07/28/93.,bc46c0cd-175b-4b41-8926-152185178061,https://drs.faa.gov/api/content/alf/bc46c0cd-175b-4b41-8926-152185178061
Subpart G - Operating Limitations and Information,Sec. 23.1527,Maximum operating altitude.,23-45,09/07/1993,Historical,Final Rule.  Docket No. 26269; Issued on 07/28/93.,d53927a6-682b-41a8-a2d9-695d5ee0b13a,https://drs.faa.gov/api/content/alf/d53927a6-682b-41a8-a2d9-695d5ee0b13a
Subpart G - Operating Limitations and Information,Sec. 23.1527,Maximum operating altitude.,23-7,09/14/1969,Historical,Final Rule.  Docket No. 8083; Issued on 08/01/69.,be5f415b-9cc2-4604-8e1d-5bda2a914706,https://drs.faa.gov/api/content/alf/be5f415b-9cc2-4604-8e1d-5bda2a914706
Subpart G - Operating Limitations and Information,Sec. 23.1529,Instructions for Continued Airworthiness.,23-26,10/14/1980,Historical,"Final Rule.  Docket No. 14779, 14324; Issued on 8/27/80.",70660f40-f253-48d3-8e19-595a45841a65,https://drs.faa.gov/api/content/alf/70660f40-f253-48d3-8e19-595a45841a65
Subpart G - Operating Limitations and Information,Sec. 23.1529,Maintenance manual.,23-8,02/05/1970,Historical,Final Rule.  Docket No. 9485; Issued on 12/31/69.,2155edcf-a3c3-4e7e-9082-5252be09a111,https://drs.faa.gov/api/content/alf/2155edcf-a3c3-4e7e-9082-5252be09a111
Subpart G - Operating Limitations and Information,Sec. 23.1541,General.,Initial,02/01/1965,Historical,Final Rule.  Docket No. 4080; Issued on 09/28/64.,d2065b10-4942-4d80-98b0-b4da124e8252,https://drs.faa.gov/api/content/alf/d2065b10-4942-4d80-98b0-b4da124e8252
Subpart G - Operating Limitations and Information,Sec. 23.1541,General.,23-21,03/01/1978,Historical,"Final Rule.  Docket No. 14684, 14324; Issued on 01/09/78.",bb52ff84-8c28-4965-84a8-eed96b48e44e,https://drs.faa.gov/api/content/alf/bb52ff84-8c28-4965-84a8-eed96b48e44e
Subpart G - Operating Limitations and Information,Sec. 23.1541,General.,23-13,10/23/1972,Historical,Final Rule.  Docket No. 9826; Issued on 09/19/72.,9f9019a2-f559-4c40-9943-8fb41af971b6,https://drs.faa.gov/api/content/alf/9f9019a2-f559-4c40-9943-8fb41af971b6
Subpart G - Operating Limitations and Information,Sec. 23.1543,Instrument markings: general.,Initial,02/01/1965,Historical,Final Rule.  Docket No. 4080; Issued on 09/28/64.,931b631a-016d-4252-815e-f8b68f4ce4cf,https://drs.faa.gov/api/content/alf/931b631a-016d-4252-815e-f8b68f4ce4cf
Subpart G - Operating Limitations and Information,Sec. 23.1543,Instrument markings: general.,23-50,03/11/1996,Historical,Final Rule.  Docket No. 27807; Issued on 01/29/96.,a29e1817-f7cf-41a8-8fc7-abb8310f4d4e,https://drs.faa.gov/api/content/alf/a29e1817-f7cf-41a8-8fc7-abb8310f4d4e
Subpart G - Operating Limitations and Information,Sec. 23.1545,Airspeed indicator.,23-23,12/01/1978,Historical,"Final Rule.  Docket No. 14324, 14606, 14625, 14685, 14779; Issued on 10/20/78.",ebdd60dc-c6ab-4174-bdcb-91df0969468c,https://drs.faa.gov/api/content/alf/ebdd60dc-c6ab-4174-bdcb-91df0969468c
Subpart G - Operating Limitations and Information,Sec. 23.1545,Airspeed indicator.,23-50,03/11/1996,Historical,Final Rule.  Docket No. 27807; Issued on 01/29/96.,a861f5bb-01c1-4f2f-802b-6aef137a8cda,https://drs.faa.gov/api/content/alf/a861f5bb-01c1-4f2f-802b-6aef137a8cda
Subpart G - Operating Limitations and Information,Sec. 23.1545,Airspeed indicator.,Initial,02/01/1965,Historical,Final Rule.  Docket No. 4080; Issued on 09/28/64.,c9fb3c38-6e5b-4be9-bbe5-174a35ea50f7,https://drs.faa.gov/api/content/alf/c9fb3c38-6e5b-4be9-bbe5-174a35ea50f7
Subpart G - Operating Limitations and Information,Sec. 23.1545,Airspeed indicator.,23-7,09/14/1969,Historical,Final Rule.  Docket No. 8083; Issued on 08/01/69.,334ebd78-30e4-420f-9bb0-8ed82c621de9,https://drs.faa.gov/api/content/alf/334ebd78-30e4-420f-9bb0-8ed82c621de9
Subpart G - Operating Limitations and Information,Sec. 23.1545,Airspeed indicator.,23-3,11/11/1965,Historical,Final Rule.  Docket No. 7012; Issued on 11/04/65.,88748be4-94f9-491a-80ab-58df0ffaeb1d,https://drs.faa.gov/api/content/alf/88748be4-94f9-491a-80ab-58df0ffaeb1d
Subpart G - Operating Limitations and Information,Sec. 23.1545,Airspeed indicator.,23-62,01/31/2012,Historical,"Amendment 23-62, Published 12/2/2011",0024880c-b4b6-4100-84b5-61a21e169d1e,https://drs.faa.gov/api/content/alf/0024880c-b4b6-4100-84b5-61a21e169d1e
Subpart G - Operating Limitations and Information,Sec. 23.1547,Magnetic direction indicator.,Initial,02/01/1965,Historical,Final Rule.  Docket No. 4080; Issued on 09/28/64.,71921077-76b6-4962-88a6-c7a4bb162aea,https://drs.faa.gov/api/content/alf/71921077-76b6-4962-88a6-c7a4bb162aea
Subpart G - Operating Limitations and Information,Sec. 23.1547,Magnetic direction indicator.,23-20,09/01/1977,Historical,Final Rule.  Docket No. 14625; Issued on 07/11/77.,dbbb014b-c33d-4c88-90f4-4cda975ceda9,https://drs.faa.gov/api/content/alf/dbbb014b-c33d-4c88-90f4-4cda975ceda9
Subpart G - Operating Limitations and Information,Sec. 23.1549,Powerplant instruments.,23-28,04/28/1982,Historical,Final Rule.  Docket No. 21129; Issued on 02/26/82.,9cb2c4ad-054d-4731-80a0-bf0dab7a3aac,https://drs.faa.gov/api/content/alf/9cb2c4ad-054d-4731-80a0-bf0dab7a3aac
Subpart G - Operating Limitations and Information,Sec. 23.1549,Powerplant [and auxiliary power unit instruments.],23-45,09/07/1993,Historical,Final Rule.  Docket No. 26269; Issued on 07/28/93.,89816336-720c-4494-8407-452b3e13688c,https://drs.faa.gov/api/content/alf/89816336-720c-4494-8407-452b3e13688c
Subpart G - Operating Limitations and Information,Sec. 23.1549,Powerplant instruments.,23-17,02/01/1977,Historical,Final Rule.  Docket No. 14324; Issued on 12/13/76.,7b222d68-a6e0-453e-a0c7-d8566111efed,https://drs.faa.gov/api/content/alf/7b222d68-a6e0-453e-a0c7-d8566111efed
Subpart G - Operating Limitations and Information,Sec. 23.1549,Powerplant instruments.,Initial,02/01/1965,Historical,Final Rule.  Docket No. 4080; Issued on 09/28/64.,ef7370a0-6273-4c2f-a685-5fb2069d6641,https://drs.faa.gov/api/content/alf/ef7370a0-6273-4c2f-a685-5fb2069d6641
Subpart G - Operating Limitations and Information,Sec. 23.1551,Oil quantity indicator.,Initial,02/01/1965,Historical,Final Rule.  Docket No. 4080; Issued on 09/28/64.,b7048cf4-3c39-437a-8a55-4fbd3dd52922,https://drs.faa.gov/api/content/alf/b7048cf4-3c39-437a-8a55-4fbd3dd52922
Subpart G - Operating Limitations and Information,Sec. 23.1553,Fuel quantity indicator.,23-50,03/11/1996,Historical,Final Rule.  Docket No. 27807; Issued on 01/29/96.,b47dc0c5-6d20-4226-b8a9-c86fed6ccc0b,https://drs.faa.gov/api/content/alf/b47dc0c5-6d20-4226-b8a9-c86fed6ccc0b
Subpart G - Operating Limitations and Information,Sec. 23.1553,Fuel quantity indicator.,Initial,02/01/1965,Historical,Final Rule.  Docket No. 4080; Issued on 09/28/64.,27df4ee9-12d4-4439-bd3a-0fd223fc80fe,https://drs.faa.gov/api/content/alf/27df4ee9-12d4-4439-bd3a-0fd223fc80fe
Subpart G - Operating Limitations and Information,Sec. 23.1555,Control markings.,23-21,03/01/1978,Historical,"Final Rule.  Docket No. 14684, 14324; Issued on 01/09/78.",6cf2d2c0-e5cf-489b-891e-ec4f530d0b88,https://drs.faa.gov/api/content/alf/6cf2d2c0-e5cf-489b-891e-ec4f530d0b88
Subpart G - Operating Limitations and Information,Sec. 23.1555,Control markings.,Initial,02/01/1965,Historical,Final Rule.  Docket No. 4080; Issued on 09/28/64.,dc078cc4-aa33-4b63-a4b3-a92d900b377b,https://drs.faa.gov/api/content/alf/dc078cc4-aa33-4b63-a4b3-a92d900b377b
Subpart G - Operating Limitations and Information,Sec. 23.1555,Control markings.,23-50,03/11/1996,Historical,Final Rule.  Docket No. 27807; Issued on 01/29/96.,f4175d46-ce06-40c9-bf7d-82e24721776b,https://drs.faa.gov/api/content/alf/f4175d46-ce06-40c9-bf7d-82e24721776b
Subpart G - Operating Limitations and Information,Sec. 23.1555,Control markings.,23-62,01/31/2012,Historical,"Amendment 23-62, Published 12/2/2011",9b832c4e-3758-4194-8ef0-871f92b373ce,https://drs.faa.gov/api/content/alf/9b832c4e-3758-4194-8ef0-871f92b373ce
Subpart G - Operating Limitations and Information,Sec. 23.1557,Miscellaneous markings and placards.,23-7,09/14/1969,Historical,Final Rule.  Docket No. 8083; Issued on 08/01/69.,16ef1e2e-5269-4d17-9463-eb088a9206eb,https://drs.faa.gov/api/content/alf/16ef1e2e-5269-4d17-9463-eb088a9206eb
Subpart G - Operating Limitations and Information,Sec. 23.1557,Miscellaneous markings and placards.,23-23,12/01/1978,Historical,"Final Rule.  Docket No. 14324, 14606, 14625, 14685, 14779; Issued on 10/20/78.",595f10a4-780b-494b-b7ee-d7ef38a51ad6,https://drs.faa.gov/api/content/alf/595f10a4-780b-494b-b7ee-d7ef38a51ad6
Subpart G - Operating Limitations and Information,Sec. 23.1557,Miscellaneous markings and placards.,23-14,12/20/1973,Historical,Final Rule.  Docket No. 11011; Issued on 11/07/73.,b9f01024-8e67-4df9-8b19-5bf1edd540ac,https://drs.faa.gov/api/content/alf/b9f01024-8e67-4df9-8b19-5bf1edd540ac
Subpart G - Operating Limitations and Information,Sec. 23.1557,Miscellaneous markings and placards.,23-45,09/07/1993,Historical,Final Rule.  Docket No. 26269; Issued on 07/28/93.,d625d789-364f-4387-be02-7269d51df3b6,https://drs.faa.gov/api/content/alf/d625d789-364f-4387-be02-7269d51df3b6
Subpart G - Operating Limitations and Information,Sec. 23.1557,Miscellaneous markings and placards.,23-18,05/02/1977,Historical,"Final Rule.  Docket No. 14606, 14324; Issued on 03/10/77.",1ac46dde-daed-4efc-9847-5730979b7db2,https://drs.faa.gov/api/content/alf/1ac46dde-daed-4efc-9847-5730979b7db2
Subpart G - Operating Limitations and Information,Sec. 23.1557,Miscellaneous markings and placards.,Initial,02/01/1965,Historical,Final Rule.  Docket No. 4080; Issued on 09/28/64.,ee7854a8-f09e-424a-8bf5-bb26eac070e5,https://drs.faa.gov/api/content/alf/ee7854a8-f09e-424a-8bf5-bb26eac070e5
Subpart G - Operating Limitations and Information,Sec. 23.1559,Operating limitations placard.,Initial,02/01/1965,Historical,Final Rule.  Docket No. 4080; Issued on 09/28/64.,6bc86207-f3c6-4037-8a1d-5ecabeb1927d,https://drs.faa.gov/api/content/alf/6bc86207-f3c6-4037-8a1d-5ecabeb1927d
Subpart G - Operating Limitations and Information,Sec. 23.1559,Operating limitations placard.,23-50,03/11/1996,Historical,Final Rule.  Docket No. 27807; Issued on 01/29/96.,4df27fc6-908e-4131-82cf-55f842a2cc18,https://drs.faa.gov/api/content/alf/4df27fc6-908e-4131-82cf-55f842a2cc18
Subpart G - Operating Limitations and Information,Sec. 23.1559,Operating limitations placard.,23-13,10/23/1972,Historical,Final Rule.  Docket No. 9826; Issued on 09/19/72.,16f83e10-4fc4-4179-bd8e-b9e6dc59d42f,https://drs.faa.gov/api/content/alf/16f83e10-4fc4-4179-bd8e-b9e6dc59d42f
Subpart G - Operating Limitations and Information,Sec. 23.1559,Operating limitations placard.,23-62,01/31/2012,Historical,"Amendment 23-62, Published 12/2/2011",e4239b0e-cdd3-4411-9f44-0053c22834aa,https://drs.faa.gov/api/content/alf/e4239b0e-cdd3-4411-9f44-0053c22834aa
Subpart G - Operating Limitations and Information,Sec. 23.1559,Operating limitations placard.,23-21,03/01/1978,Historical,"Final Rule.  Docket No. 14684, 14324; Issued on 01/09/78.",ed2ca027-edcd-42b7-818d-43f4785556c0,https://drs.faa.gov/api/content/alf/ed2ca027-edcd-42b7-818d-43f4785556c0
Subpart G - Operating Limitations and Information,Sec. 23.1561,Safety equipment.,Initial,02/01/1965,Historical,Final Rule.  Docket No. 4080; Issued on 09/28/64.,211140a3-0b24-4f64-ba15-5e94f18b2fe6,https://drs.faa.gov/api/content/alf/211140a3-0b24-4f64-ba15-5e94f18b2fe6
Subpart G - Operating Limitations and Information,Sec. 23.1563,Airspeed placards.,23-7,09/14/1969,Historical,Final Rule.  Docket No. 8083; Issued on 08/01/69.,bb5891b0-8f95-4818-a5fa-678c068964fe,https://drs.faa.gov/api/content/alf/bb5891b0-8f95-4818-a5fa-678c068964fe
Subpart G - Operating Limitations and Information,Sec. 23.1563,Airspeed placards.,23-45,09/07/1993,Historical,Final Rule.  Docket No. 26269; Issued on 07/28/93.,eb3365fc-2d5d-4849-a0d3-24b5ecc8c5d6,https://drs.faa.gov/api/content/alf/eb3365fc-2d5d-4849-a0d3-24b5ecc8c5d6
Subpart G - Operating Limitations and Information,Sec. 23.1563,Airspeed placards.,23-62,01/31/2012,Historical,"Amendment 23-62, Published 12/2/2011",f3d63f6e-b58a-48b8-ba94-f802c441a679,https://drs.faa.gov/api/content/alf/f3d63f6e-b58a-48b8-ba94-f802c441a679
Subpart G - Operating Limitations and Information,Sec. 23.1563,Airspeed placards.,Initial,02/01/1965,Historical,Final Rule.  Docket No. 4080; Issued on 09/28/64.,2967f7a7-63d6-47e4-a352-2054d0d1e7d9,https://drs.faa.gov/api/content/alf/2967f7a7-63d6-47e4-a352-2054d0d1e7d9
Subpart G - Operating Limitations and Information,Sec. 23.1563,Airspeed placards.,23-50,03/11/1996,Historical,Final Rule.  Docket No. 27807; Issued on 01/29/96.,6e373c22-95b5-457f-b897-077c73b66f15,https://drs.faa.gov/api/content/alf/6e373c22-95b5-457f-b897-077c73b66f15
Subpart G - Operating Limitations and Information,Sec. 23.1563,Airspeed placards.,23-3,11/11/1965,Historical,Final Rule.  Docket No. 7012; Issued on 11/04/65.,55e0e6a8-ddf1-4369-b7e0-6fe6fa8bc7fa,https://drs.faa.gov/api/content/alf/55e0e6a8-ddf1-4369-b7e0-6fe6fa8bc7fa
Subpart G - Operating Limitations and Information,Sec. 23.1567,Flight maneuver placard.,23-50,03/11/1996,Historical,Final Rule.  Docket No. 27807; Issued on 01/29/96.,0dcdc054-6d3a-4f80-96e6-86e75ca0702a,https://drs.faa.gov/api/content/alf/0dcdc054-6d3a-4f80-96e6-86e75ca0702a
Subpart G - Operating Limitations and Information,Sec. 23.1567,Flight maneuver placard.,23-62,01/31/2012,Historical,"Amendment 23-62, Published 12/2/2011",5331be54-ca91-41e9-8fb0-1fe049a65a7f,https://drs.faa.gov/api/content/alf/5331be54-ca91-41e9-8fb0-1fe049a65a7f
Subpart G - Operating Limitations and Information,Sec. 23.1567,Flight maneuver placard.,23-21,03/01/1978,Historical,"Final Rule.  Docket No. 14684, 14324; Issued on 01/09/78.",49ccc85f-c16b-49f4-9c11-097ac4678f0f,https://drs.faa.gov/api/content/alf/49ccc85f-c16b-49f4-9c11-097ac4678f0f
Subpart G - Operating Limitations and Information,Sec. 23.1567,Flight maneuver placard.,Initial,02/01/1965,Historical,Final Rule.  Docket No. 4080; Issued on 09/28/64.,0365146e-64b1-4eb2-b720-035bdaac7073,https://drs.faa.gov/api/content/alf/0365146e-64b1-4eb2-b720-035bdaac7073
Subpart G - Operating Limitations and Information,Sec. 23.1581,General.,23-45,09/07/1993,Historical,Final Rule.  Docket No. 26269; Issued on 07/28/93.,90d81f24-fc11-416e-8fca-4e5af38463bd,https://drs.faa.gov/api/content/alf/90d81f24-fc11-416e-8fca-4e5af38463bd
Subpart G - Operating Limitations and Information,Sec. 23.1581,General.,23-21,03/01/1978,Historical,"Final Rule.  Docket No. 14684, 14324; Issued on 01/09/78.",d1a75f9e-7f0b-4475-8518-c7f19a72fbb9,https://drs.faa.gov/api/content/alf/d1a75f9e-7f0b-4475-8518-c7f19a72fbb9
Subpart G - Operating Limitations and Information,Sec. 23.1581,General.,23-13,10/23/1972,Historical,Final Rule.  Docket No. 9826; Issued on 09/19/72.,cd09ae1a-25f6-46cd-83f4-d874269c6d87,https://drs.faa.gov/api/content/alf/cd09ae1a-25f6-46cd-83f4-d874269c6d87
Subpart G - Operating Limitations and Information,Sec. 23.1581,General.,23-50,03/11/1996,Historical,Final Rule.  Docket No. 27807; Issued on 01/29/96.,badd0fb0-10cb-40f5-9c03-2cafbd35ac39,https://drs.faa.gov/api/content/alf/badd0fb0-10cb-40f5-9c03-2cafbd35ac39
Subpart G - Operating Limitations and Information,Sec. 23.1581,General.,23-34,02/17/1987,Historical,Final Rule.  Docket No. 23516; Issued on 01/08/87.,d4dba16d-8714-4f21-91b1-ff61d5bd67a1,https://drs.faa.gov/api/content/alf/d4dba16d-8714-4f21-91b1-ff61d5bd67a1
Subpart G - Operating Limitations and Information,Sec. 23.1581,General.,Initial,02/01/1965,Historical,Final Rule.  Docket No. 4080; Issued on 09/28/64.,3363bd82-0998-4cda-96fe-4f38cc22fc36,https://drs.faa.gov/api/content/alf/3363bd82-0998-4cda-96fe-4f38cc22fc36
Subpart G - Operating Limitations and Information,Sec. 23.1583,Operating limitations.,Initial,02/01/1965,Historical,Final Rule.  Docket No. 4080; Issued on 09/28/64.,22a70097-0959-44c5-bfe0-036c6ed635a4,https://drs.faa.gov/api/content/alf/22a70097-0959-44c5-bfe0-036c6ed635a4
Subpart G - Operating Limitations and Information,Sec. 23.1583,Operating limitations.,23-23,12/01/1978,Historical,"Final Rule.  Docket No. 14324, 14606, 14625, 14685, 14779; Issued on 10/20/78.",8446d174-8abb-4618-9076-be3b9c22af96,https://drs.faa.gov/api/content/alf/8446d174-8abb-4618-9076-be3b9c22af96
Subpart G - Operating Limitations and Information,Sec. 23.1583,Operating limitations.,23-45,09/07/1993,Historical,Final Rule.  Docket No. 26269; Issued on 07/28/93.,453831d1-509d-4dae-a92a-9b4a608b36bd,https://drs.faa.gov/api/content/alf/453831d1-509d-4dae-a92a-9b4a608b36bd
Subpart G - Operating Limitations and Information,Sec. 23.1583,Operating limitations.,23-50,03/11/1996,Historical,Final Rule.  Docket No. 27807; Issued on 01/29/96.,d45b4699-a62f-4277-9de1-3a7618593a0f,https://drs.faa.gov/api/content/alf/d45b4699-a62f-4277-9de1-3a7618593a0f
Subpart G - Operating Limitations and Information,Sec. 23.1583,Operating limitations.,23-21,03/01/1978,Historical,"Final Rule.  Docket No. 14684, 14324; Issued on 01/09/78.",ea07104d-8cb5-444a-b9c6-0fa209cca42f,https://drs.faa.gov/api/content/alf/ea07104d-8cb5-444a-b9c6-0fa209cca42f
Subpart G - Operating Limitations and Information,Sec. 23.1583,Operating limitations.,23-10,03/13/1971,Historical,Final Rule.  Docket No. 10405; Issued on 02/05/71.,67cb31c6-e5bd-46b4-b413-c8b702a0b28b,https://drs.faa.gov/api/content/alf/67cb31c6-e5bd-46b4-b413-c8b702a0b28b
Subpart G - Operating Limitations and Information,Sec. 23.1583,Operating limitations.,23-13,10/23/1972,Historical,Final Rule.  Docket No. 9826; Issued on 09/19/72.,e2b29480-e052-4dca-b28d-6e484d7cff26,https://drs.faa.gov/api/content/alf/e2b29480-e052-4dca-b28d-6e484d7cff26
Subpart G - Operating Limitations and Information,Sec. 23.1583,Operating limitations.,23-34,02/17/1987,Historical,Final Rule.  Docket No. 23516; Issued on 01/08/87.,f77a3d55-85f1-4e52-9c1d-118b8c08c220,https://drs.faa.gov/api/content/alf/f77a3d55-85f1-4e52-9c1d-118b8c08c220
Subpart G - Operating Limitations and Information,Sec. 23.1583,Operating limitations.,23-7,09/14/1969,Historical,Final Rule.  Docket No. 8083; Issued on 08/01/69.,73103768-8045-45ad-a5ae-9fef854153b3,https://drs.faa.gov/api/content/alf/73103768-8045-45ad-a5ae-9fef854153b3
Subpart G - Operating Limitations and Information,Sec. 23.1583,Operating limitations.,23-62,01/31/2012,Historical,"Amendment 23-62, Published 12/2/2011",76da0421-9c3c-4c23-a9a7-e4c5acb976d8,https://drs.faa.gov/api/content/alf/76da0421-9c3c-4c23-a9a7-e4c5acb976d8
Subpart G - Operating Limitations and Information,Sec. 23.1585,Operating procedures.,23-13,10/23/1972,Historical,Final Rule.  Docket No. 9826; Issued on 09/19/72.,82fe1365-b2c5-4bf8-bf6a-44c3d8bdb787,https://drs.faa.gov/api/content/alf/82fe1365-b2c5-4bf8-bf6a-44c3d8bdb787
Subpart G - Operating Limitations and Information,Sec. 23.1585,Operating procedures.,23-21,03/01/1978,Historical,"Final Rule.  Docket No. 14684, 14324; Issued on 01/09/78.",77b42193-fea6-487a-af8c-c14f7cea8ce2,https://drs.faa.gov/api/content/alf/77b42193-fea6-487a-af8c-c14f7cea8ce2
Subpart G - Operating Limitations and Information,Sec. 23.1585,Operating procedures.,23-50,03/11/1996,Historical,Final Rule.  Docket No. 27807; Issued on 01/29/96.,a68cf6db-1e08-4ac8-80af-7061b9882ec0,https://drs.faa.gov/api/content/alf/a68cf6db-1e08-4ac8-80af-7061b9882ec0
Subpart G - Operating Limitations and Information,Sec. 23.1585,Operating procedures.,23-3,11/11/1965,Historical,Final Rule.  Docket No. 7012; Issued on 11/04/65.,61dbda9f-584b-4431-97fc-c009ca007fd6,https://drs.faa.gov/api/content/alf/61dbda9f-584b-4431-97fc-c009ca007fd6
Subpart G - Operating Limitations and Information,Sec. 23.1585,Operating procedures.,Initial,02/01/1965,Historical,Final Rule.  Docket No. 4080; Issued on 09/28/64.,a06ea7a4-69cf-45a3-8185-106f321c19e9,https://drs.faa.gov/api/content/alf/a06ea7a4-69cf-45a3-8185-106f321c19e9
Subpart G - Operating Limitations and Information,Sec. 23.1585,Operating procedures.,23-62,01/31/2012,Historical,"Amendment 23-62, Published 12/2/2011",531e89e2-63c2-42b2-a608-7f3a6d0174ea,https://drs.faa.gov/api/content/alf/531e89e2-63c2-42b2-a608-7f3a6d0174ea
Subpart G - Operating Limitations and Information,Sec. 23.1585,Operating procedures.,23-5,06/04/1967,Historical,Final Rule.  Docket No. 7095; Issued on 04/28/67.,3b9910f6-fdeb-4e3d-9a2a-3395e60ba9a0,https://drs.faa.gov/api/content/alf/3b9910f6-fdeb-4e3d-9a2a-3395e60ba9a0
Subpart G - Operating Limitations and Information,Sec. 23.1585,Operating procedures.,23-23,12/01/1978,Historical,"Final Rule.  Docket No. 14324, 14606, 14625, 14685, 14779; Issued on 10/20/78.",b99ad4f4-87f0-4d56-8dfb-1bb457148d2a,https://drs.faa.gov/api/content/alf/b99ad4f4-87f0-4d56-8dfb-1bb457148d2a
Subpart G - Operating Limitations and Information,Sec. 23.1585,Operating procedures.,23-34,02/17/1987,Historical,Final Rule.  Docket No. 23516; Issued on 01/08/87.,2233e281-a8c7-4332-bd3a-2529e711fe11,https://drs.faa.gov/api/content/alf/2233e281-a8c7-4332-bd3a-2529e711fe11
Subpart G - Operating Limitations and Information,Sec. 23.1585,Operating procedures.,23-7,09/14/1969,Historical,Final Rule.  Docket No. 8083; Issued on 08/01/69.,f73abe86-f7c0-4152-b59b-5ab4100aa016,https://drs.faa.gov/api/content/alf/f73abe86-f7c0-4152-b59b-5ab4100aa016
Subpart G - Operating Limitations and Information,Sec. 23.1585,Operating procedures.,23-45,09/07/1993,Historical,Final Rule.  Docket No. 26269; Issued on 07/28/93.,f241e84a-ec75-4f06-8afa-7634fd0e63c9,https://drs.faa.gov/api/content/alf/f241e84a-ec75-4f06-8afa-7634fd0e63c9
Subpart G - Operating Limitations and Information,Sec. 23.1587,Performance information.,23-50,03/11/1996,Historical,Final Rule.  Docket No. 27807; Issued on 01/29/96.,86847054-abf2-4315-bb6f-ae1390862678,https://drs.faa.gov/api/content/alf/86847054-abf2-4315-bb6f-ae1390862678
Subpart G - Operating Limitations and Information,Sec. 23.1587,Performance information.,23-62,01/31/2012,Historical,"Amendment 23-62, Published 12/2/2011",54b767e3-94b6-4cc3-8e2f-0f43297157df,https://drs.faa.gov/api/content/alf/54b767e3-94b6-4cc3-8e2f-0f43297157df
Subpart G - Operating Limitations and Information,Sec. 23.1587,Performance information.,23-45,09/07/1993,Historical,Final Rule.  Docket No. 26269; Issued on 07/28/93.,0cb6e556-c7ba-4c56-8aae-236506677ee7,https://drs.faa.gov/api/content/alf/0cb6e556-c7ba-4c56-8aae-236506677ee7
Subpart G - Operating Limitations and Information,Sec. 23.1587,Performance information.,23-28,04/28/1982,Historical,Final Rule.  Docket No. 21129; Issued on 02/26/82.,9f589325-c705-4e61-868b-74e62b21a367,https://drs.faa.gov/api/content/alf/9f589325-c705-4e61-868b-74e62b21a367
Subpart G - Operating Limitations and Information,Sec. 23.1587,Performance information.,Initial,02/01/1965,Historical,Final Rule.  Docket No. 4080; Issued on 09/28/64.,ed666f07-80eb-4fcb-bbb5-9ea92db4bdb2,https://drs.faa.gov/api/content/alf/ed666f07-80eb-4fcb-bbb5-9ea92db4bdb2
Subpart G - Operating Limitations and Information,Sec. 23.1587,Performance information.,23-13,10/23/1972,Historical,Final Rule.  Docket No. 9826; Issued on 09/19/72.,086f2383-380d-43d6-9c64-8f82d9fc10bc,https://drs.faa.gov/api/content/alf/086f2383-380d-43d6-9c64-8f82d9fc10bc
Subpart G - Operating Limitations and Information,Sec. 23.1587,Performance information.,23-21,03/01/1978,Historical,"Final Rule.  Docket No. 14684, 14324; Issued on 01/09/78.",b8dfc459-35cd-4666-8686-445ee9d02f7a,https://drs.faa.gov/api/content/alf/b8dfc459-35cd-4666-8686-445ee9d02f7a
Subpart G - Operating Limitations and Information,Sec. 23.1587,Performance information.,23-34,02/17/1987,Historical,Final Rule.  Docket No. 23516; Issued on 01/08/87.,82c7ccd0-9b24-4a18-bbc7-1f4c28de3575,https://drs.faa.gov/api/content/alf/82c7ccd0-9b24-4a18-bbc7-1f4c28de3575
Subpart G - Operating Limitations and Information,Sec. 23.1587,Performance information.,23-7,09/14/1969,Historical,Final Rule.  Docket No. 8083; Issued on 08/01/69.,ea9825f0-8dc2-43b1-89df-e946654735c6,https://drs.faa.gov/api/content/alf/ea9825f0-8dc2-43b1-89df-e946654735c6
Subpart G - Operating Limitations and Information,Sec. 23.1589,Loading information.,23-13,10/23/1972,Historical,Final Rule.  Docket No. 9826; Issued on 09/19/72.,42b473b0-22f3-4f82-9995-640171d69f89,https://drs.faa.gov/api/content/alf/42b473b0-22f3-4f82-9995-640171d69f89
Subpart G - Operating Limitations and Information,Sec. 23.1589,Loading information.,Initial,02/01/1965,Historical,Final Rule.  Docket No. 4080; Issued on 09/28/64.,b016b674-21ac-41b1-b829-9a313fbdfe22,https://drs.faa.gov/api/content/alf/b016b674-21ac-41b1-b829-9a313fbdfe22
Subpart G - Operating Limitations and Information,Sec. 23.1589,Loading information.,23-45,09/07/1993,Historical,Final Rule.  Docket No. 26269; Issued on 07/28/93.,44db6297-bf10-4b94-9034-7dc770987a05,https://drs.faa.gov/api/content/alf/44db6297-bf10-4b94-9034-7dc770987a05
Subpart G - Operating Limitations and Information,Sec. 23.1589,Loading information.,23-50,03/11/1996,Historical,Final Rule.  Docket No. 27807; Issued on 01/29/96.,0e574e17-fc2a-4695-9afe-4ee7c5ae848f,https://drs.faa.gov/api/content/alf/0e574e17-fc2a-4695-9afe-4ee7c5ae848f
,Sec. 0.0,Authority citation.,23-55,03/01/2002,Historical,Final Rule.  Docket No. FAA-2002-11670; Issued on 2/22/2002.,3109c4c8-eff3-40d7-ba79-9b4afb0a43d1,https://drs.faa.gov/api/content/alf/3109c4c8-eff3-40d7-ba79-9b4afb0a43d1
,Sec. 0.0,Authority citation.,23-47,12/28/1995,Historical,Final Rule.  Docket No. 28417;  Issued on 12/20/95.,17b6505b-d927-491d-8e81-30060fbc8896,https://drs.faa.gov/api/content/alf/17b6505b-d927-491d-8e81-30060fbc8896
Appendix A--Simplified Design Load Criteria,Sec. A23.1,General.,23-7,09/14/1969,Historical,Final Rule.  Docket No. 8083; Issued on 08/01/69.,6f2c21b4-2d7c-4f49-841e-b5cfbb306f31,https://drs.faa.gov/api/content/alf/6f2c21b4-2d7c-4f49-841e-b5cfbb306f31
Appendix A--Simplified Design Load Criteria,Sec. A23.1,General.,23-48,03/11/1996,Historical,Final Rule.  Docket No. 27805; Issued on 01/29/96.,910bd083-6e88-4e4a-8c4c-ef2bbabb3a43,https://drs.faa.gov/api/content/alf/910bd083-6e88-4e4a-8c4c-ef2bbabb3a43
Appendix A--Simplified Design Load Criteria,Sec. A23.1,General.,Initial,02/01/1965,Historical,Final Rule.  Docket No. 4080; Issued on 09/28/64.,4744fad6-07a7-45d4-b692-d0f5f288b28f,https://drs.faa.gov/api/content/alf/4744fad6-07a7-45d4-b692-d0f5f288b28f
Appendix A--Simplified Design Load Criteria,Sec. A23.3,Special symbols.,23-7,09/14/1969,Historical,Final Rule.  Docket No. 8083; Issued on 08/01/69.,02042610-1853-4e33-92fe-98d1553c04d7,https://drs.faa.gov/api/content/alf/02042610-1853-4e33-92fe-98d1553c04d7
Appendix A--Simplified Design Load Criteria,Sec. A23.3,Special symbols.,Initial,02/01/1965,Historical,Final Rule.  Docket No. 4080; Issued on 09/28/64.,529f2710-3506-4cd7-99cd-852a0094fb44,https://drs.faa.gov/api/content/alf/529f2710-3506-4cd7-99cd-852a0094fb44
Appendix A--Simplified Design Load Criteria,Sec. A23.3,Special symbols.,23-28,04/28/1982,Historical,Final Rule.  Docket No. 21129; Issued on 02/26/82.,5c0dcf39-03d2-4819-8f18-bd294c53529b,https://drs.faa.gov/api/content/alf/5c0dcf39-03d2-4819-8f18-bd294c53529b
Appendix A--Simplified Design Load Criteria,Sec. A23.3,Special symbols.,23-16,02/14/1975,Historical,Final Rule.  Docket No. 14052; Issued on 12/31/74.,6b9d37fe-b5d2-4a3d-8d63-8ea630c2ff16,https://drs.faa.gov/api/content/alf/6b9d37fe-b5d2-4a3d-8d63-8ea630c2ff16
Appendix A--Simplified Design Load Criteria,Sec. A23.5,Certification in more than one category.,Initial,02/01/1965,Historical,Final Rule.  Docket No. 4080; Issued on 09/28/64.,d14c65c0-d592-42a8-a510-9d0e5d563682,https://drs.faa.gov/api/content/alf/d14c65c0-d592-42a8-a510-9d0e5d563682
Appendix A--Simplified Design Load Criteria,Sec. A23.7,Flight loads.,Initial,02/01/1965,Historical,Final Rule.  Docket No. 4080; Issued on 09/28/64.,a9abdf87-5fec-4b4e-8b0b-6bcd0f5e679c,https://drs.faa.gov/api/content/alf/a9abdf87-5fec-4b4e-8b0b-6bcd0f5e679c
Appendix A--Simplified Design Load Criteria,Sec. A23.9,Flight conditions.,Initial,02/01/1965,Historical,Final Rule.  Docket No. 4080; Issued on 09/28/64.,11e7a3b5-d1fe-4c1d-a982-b587e2024a97,https://drs.faa.gov/api/content/alf/11e7a3b5-d1fe-4c1d-a982-b587e2024a97
Appendix A--Simplified Design Load Criteria,Sec. A23.11,Control surface loads.,23-48,03/11/1996,Historical,Final Rule.  Docket No. 27805; Issued on 01/29/96.,762dee9d-5cee-4f01-9a4e-7ea63daa56f1,https://drs.faa.gov/api/content/alf/762dee9d-5cee-4f01-9a4e-7ea63daa56f1
Appendix A--Simplified Design Load Criteria,Sec. A23.11,Control surface loads.,Initial,02/01/1965,Historical,Final Rule.  Docket No. 4080; Issued on 09/28/64.,54adee40-786d-4066-a9ce-775573970074,https://drs.faa.gov/api/content/alf/54adee40-786d-4066-a9ce-775573970074
Appendix A--Simplified Design Load Criteria,Sec. A23.13,Control system loads.,23-7,09/14/1969,Historical,Final Rule.  Docket No. 8083; Issued on 08/01/69.,a9727238-a9b7-4bd0-a776-b10e85bb4246,https://drs.faa.gov/api/content/alf/a9727238-a9b7-4bd0-a776-b10e85bb4246
Appendix A--Simplified Design Load Criteria,Sec. A23.13,Control system loads.,23-16,02/14/1975,Historical,Final Rule.  Docket No. 14052; Issued on 12/31/74.,f4809e35-74ca-4cfb-ba84-1983db4dcdba,https://drs.faa.gov/api/content/alf/f4809e35-74ca-4cfb-ba84-1983db4dcdba
Appendix A--Simplified Design Load Criteria,Sec. A23.13,Control system loads.,Initial,02/01/1965,Historical,Final Rule.  Docket No. 4080; Issued on 09/28/64.,4362fc40-74fb-4a86-8154-6cc790a10285,https://drs.faa.gov/api/content/alf/4362fc40-74fb-4a86-8154-6cc790a10285
Appendix A--Simplified Design Load Criteria,Sec. A23.13,Control system loads.,23-48,03/11/1996,Historical,Final Rule.  Docket No. 27805; Issued on 01/29/96.,9a174ab6-f846-4427-901b-9a9731472118,https://drs.faa.gov/api/content/alf/9a174ab6-f846-4427-901b-9a9731472118
Appendix B--Control Surface Loadings,Sec. B23.1,General.,23-7,09/14/1969,Historical,Final Rule.  Docket No. 8083; Issued on 08/01/69.,b8b86166-6cbf-4cbf-bf76-82ee92f2770e,https://drs.faa.gov/api/content/alf/b8b86166-6cbf-4cbf-bf76-82ee92f2770e
Appendix B--Control Surface Loadings,Sec. B23.1,General.,Initial,02/01/1965,Historical,Final Rule.  Docket No. 4080; Issued on 09/28/64.,de8b980f-9cc1-4fb5-88da-fe00ad70d022,https://drs.faa.gov/api/content/alf/de8b980f-9cc1-4fb5-88da-fe00ad70d022
Appendix B--Control Surface Loadings,Sec. B23.1,Reserved.,23-42,02/04/1991,Historical,Final Rule.  Docket No. 25811; Issued on 12/21/90.,4db55430-972e-428b-8be3-2543caa81667,https://drs.faa.gov/api/content/alf/4db55430-972e-428b-8be3-2543caa81667
Appendix B--Control Surface Loadings,Sec. B23.11,Reserved.,23-42,02/04/1991,Historical,Final Rule.  Docket No. 25811; Issued on 12/21/90.,a5d5dfd6-2ffe-42b3-9121-30647613cd1c,https://drs.faa.gov/api/content/alf/a5d5dfd6-2ffe-42b3-9121-30647613cd1c
Appendix B--Control Surface Loadings,Sec. B23.11,Control surface loads.,Initial,02/01/1965,Historical,Final Rule.  Docket No. 4080; Issued on 09/28/64.,c821bed6-e151-4e09-9511-52588aa26c96,https://drs.faa.gov/api/content/alf/c821bed6-e151-4e09-9511-52588aa26c96
Appendix B--Control Surface Loadings,Sec. B23.11,Control surface loads.,23-7,09/14/1969,Historical,Final Rule.  Docket No. 8083; Issued on 08/01/69.,b8642f82-c755-4605-b58d-77df0e3da350,https://drs.faa.gov/api/content/alf/b8642f82-c755-4605-b58d-77df0e3da350
Appendix C--Basic Landing Conditions,Sec. C23.1,Basic landing conditions.,23-7,09/14/1969,Historical,Final Rule.  Docket No. 8083; Issued on 08/01/69.,bbb09961-1894-487d-b47b-2f2e907c4bc1,https://drs.faa.gov/api/content/alf/bbb09961-1894-487d-b47b-2f2e907c4bc1
Appendix C--Basic Landing Conditions,Sec. C23.1,Basic landing conditions.,Initial,02/01/1965,Historical,Final Rule.  Docket No. 4080; Issued on 09/28/64.,1e3888e4-ebc9-4b4d-8442-fb69e8c2a852,https://drs.faa.gov/api/content/alf/1e3888e4-ebc9-4b4d-8442-fb69e8c2a852
Appendix D--Wheel Spin-Up Loads,Sec. D23.1,Wheel spin-up loads.,23-45,09/07/1993,Historical,Final Rule.  Docket No. 26269; Issued on 07/28/93.,b9266c45-1e63-47dc-9641-e4158e788349,https://drs.faa.gov/api/content/alf/b9266c45-1e63-47dc-9641-e4158e788349
Appendix D--Wheel Spin-Up Loads,Sec. D23.1,Wheel spin-up loads.,Initial,02/01/1965,Historical,Final Rule.  Docket No. 4080; Issued on 09/28/64.,42ce0813-02dc-4d68-9bbf-8a10d31a0e08,https://drs.faa.gov/api/content/alf/42ce0813-02dc-4d68-9bbf-8a10d31a0e08
Appendix E--[Removed and Reserved.],Sec. E23,Removed and Reserved.,23-50,03/11/1996,Historical,Final Rule.  Docket No. 27807; Issued on 01/29/96.,e4e08143-d241-4618-9e94-31348782487d,https://drs.faa.gov/api/content/alf/e4e08143-d241-4618-9e94-31348782487d
Appendix E--[Removed and Reserved.],Sec. E23,Appendix E,23-2,07/08/1965,Historical,Final Rule.  Docket No. 2029; Issued on 06/24/65.,87e646a2-efb8-4b83-bc6f-adba8853921f,https://drs.faa.gov/api/content/alf/87e646a2-efb8-4b83-bc6f-adba8853921f
Appendix F--Test Procedure,Sec. F23,An acceptable test procedure for self-extinguishing materials for showing \ncompliance with (Sec. 23.853.),23-34,02/17/1987,Historical,Final Rule.  Docket No. 23516; Issued on 01/08/87.,175330c3-5a55-4800-8eca-586a932b6696,https://drs.faa.gov/api/content/alf/175330c3-5a55-4800-8eca-586a932b6696
Appendix F--Test Procedure,Sec. F23,"(Acceptable test procedure for self-extinguishing materials for showing \ncompliance with Secs. 23.853, 23.855 and 23.1359.)",23-49,03/11/1996,Historical,Final Rule.  Docket No. 27806; Issued on 01/29/96.,72368a8f-9d93-420d-a08f-8bddae24418f,https://drs.faa.gov/api/content/alf/72368a8f-9d93-420d-a08f-8bddae24418f
Appendix F--Test Procedure,Sec. F23,(An acceptable test procedure for self-extinguishing materials for showing \ncompliance with Sec. 23.853(e)),23-23,12/01/1978,Historical,"Final Rule.  Docket No. 14324, 14606, 14625, 14685, 14779; Issued on 10/20/78.",09c4fe1d-9777-4fc5-afe9-10f3fcead639,https://drs.faa.gov/api/content/alf/09c4fe1d-9777-4fc5-afe9-10f3fcead639
Appendix F--Test Procedure,Sec. F23.1,"Part I--Acceptable Test Procedure for Self-Extinguishing Materials for Showing 
Compliance With Sec. Sec. 23.853, 23.855, and 23.1359",23-62,01/31/2012,Historical,"Amendment 23-62, Published 12/2/2011",2212b9c3-efd2-4f51-949b-841c2c4bee4a,https://drs.faa.gov/api/content/alf/2212b9c3-efd2-4f51-949b-841c2c4bee4a
Appendix F--Test Procedure,Sec. F23.2,Part II--Test Method To Determine the Flammability and Flame Propagation \nCharacteristics of Thermal/Acoustic Insulation Materials,23-62,01/31/2012,Historical,"Amendment 23-62, Published 12/2/2011",29c61d23-b6da-4b04-aaec-beaeecd52701,https://drs.faa.gov/api/content/alf/29c61d23-b6da-4b04-aaec-beaeecd52701
Appendix G--Instructions for Continued Airworthiness,Sec. G23.1,General.,23-26,10/14/1980,Historical,"Final Rule.  Docket No. 14779, 14324; Issued on 8/27/80.",8e43eb3f-26ae-4351-a52a-c85e79b70313,https://drs.faa.gov/api/content/alf/8e43eb3f-26ae-4351-a52a-c85e79b70313
Appendix G--Instructions for Continued Airworthiness,Sec. G23.2,Format.,23-26,10/14/1980,Historical,"Final Rule.  Docket No. 14779, 14324; Issued on 8/27/80.",1a4ab760-2344-4403-b7e4-d55509d0689c,https://drs.faa.gov/api/content/alf/1a4ab760-2344-4403-b7e4-d55509d0689c
Appendix G--Instructions for Continued Airworthiness,Sec. G23.3,Content.,23-34,02/17/1987,Historical,Final Rule.  Docket No. 23516; Issued on 01/08/87.,5b947112-20d9-467e-9112-48ecfab74150,https://drs.faa.gov/api/content/alf/5b947112-20d9-467e-9112-48ecfab74150
Appendix G--Instructions for Continued Airworthiness,Sec. G23.3,Content.,23-26,10/14/1980,Historical,"Final Rule.  Docket No. 14779, 14324; Issued on 8/27/80.",589e3252-9584-4642-a569-68c16e01990d,https://drs.faa.gov/api/content/alf/589e3252-9584-4642-a569-68c16e01990d
Appendix G--Instructions for Continued Airworthiness,Sec. G23.4,Airworthiness limitations section.,23-37,08/18/1990,Historical,Final Rule.  Docket No. 18334; Issued on 8/7/89.,c3d550e8-2ede-42e4-9ebe-49e6b578a750,https://drs.faa.gov/api/content/alf/c3d550e8-2ede-42e4-9ebe-49e6b578a750
Appendix G--Instructions for Continued Airworthiness,Sec. G23.4,Airworthiness limitations section.,23-26,10/14/1980,Historical,"Final Rule.  Docket No. 14779, 14324; Issued on 8/27/80.",eafcc960-7c21-4801-9998-cb9f4769f7c0,https://drs.faa.gov/api/content/alf/eafcc960-7c21-4801-9998-cb9f4769f7c0
Appendix H--Installation of an Automatic Power Reserve (APR) System,Sec. H23.1,General.,23-43,05/10/1993,Historical,Final Rule.  Docket No. 26344;  Issued on 03/29/93.,d505c4f7-77de-4f53-8724-69464569a771,https://drs.faa.gov/api/content/alf/d505c4f7-77de-4f53-8724-69464569a771
Appendix H--Installation of an Automatic Power Reserve (APR) System,Sec. H23.2,(Definitions.),23-43,05/10/1993,Historical,Final Rule.  Docket No. 26344;  Issued on 03/29/93.,cce1bf92-2f32-487b-93ae-083fdaf4cfdb,https://drs.faa.gov/api/content/alf/cce1bf92-2f32-487b-93ae-083fdaf4cfdb
Appendix H--Installation of an Automatic Power Reserve (APR) System,Sec. H23.3,Reliability and performance requirements.,23-43,05/10/1993,Historical,Final Rule.  Docket No. 26344;  Issued on 03/29/93.,b1b242df-c732-4578-a6b2-0d507807e6e3,https://drs.faa.gov/api/content/alf/b1b242df-c732-4578-a6b2-0d507807e6e3
Appendix H--Installation of an Automatic Power Reserve (APR) System,Sec. H23.4,Power setting.,23-43,05/10/1993,Historical,Final Rule.  Docket No. 26344;  Issued on 03/29/93.,5432c3b6-8c62-4b3a-8db3-c3c105ce662d,https://drs.faa.gov/api/content/alf/5432c3b6-8c62-4b3a-8db3-c3c105ce662d
Appendix H--Installation of an Automatic Power Reserve (APR) System,Sec. H23.5,Powerplant controls--general.,23-43,05/10/1993,Historical,Final Rule.  Docket No. 26344;  Issued on 03/29/93.,852b583d-b46a-4e04-af81-049799b11ced,https://drs.faa.gov/api/content/alf/852b583d-b46a-4e04-af81-049799b11ced
Appendix H--Installation of an Automatic Power Reserve (APR) System,Sec. H23.6,Powerplant instruments.,23-43,05/10/1993,Historical,Final Rule.  Docket No. 26344;  Issued on 03/29/93.,640ce111-9715-4609-8296-c926af4811a8,https://drs.faa.gov/api/content/alf/640ce111-9715-4609-8296-c926af4811a8
Appendix I--Seaplane Loads,Sec. I23,(Seaplane loads.),23-45,09/07/1993,Historical,Final Rule.  Docket No. 26269: Issued on 07/28/93.,006028f9-93bd-4ab2-9dcb-42de1847d362,https://drs.faa.gov/api/content/alf/006028f9-93bd-4ab2-9dcb-42de1847d362
Appendix J--HIRF Envirnoments and Equipment HIRF Test Levels,Sec. J23,(HIRF Envirnoments and Equipment HIRF Test Levels),23-57,09/05/2007,Historical,Final Rule. Docket No. 2006-23657; Issued on 7/30/07,43213cf3-f5d9-4ca3-b90d-0ad92fedfc37,https://drs.faa.gov/api/content/alf/43213cf3-f5d9-4ca3-b90d-0ad92fedfc37